Meet,MeetId,Event,Round,EventDate,Panel,RoundsCovered,Function,JudgeNo,JudgeName
European Championships 2000 (Diving),helsinki_2000_euro,MEN 1m Springboard Preliminary,Preliminary,,A,1-6,Judge 1,J1,HUBER Peter AUT
European Championships 2000 (Diving),helsinki_2000_euro,MEN 1m Springboard Preliminary,Preliminary,,B,1-6,Judge 1,J1,BOOTHROYD Sydney GBR
European Championships 2000 (Diving),helsinki_2000_euro,MEN 1m Springboard Preliminary,Preliminary,,A,1-6,Judge 2,J2,NARYCHKINE Vladimir BLR
European Championships 2000 (Diving),helsinki_2000_euro,MEN 1m Springboard Preliminary,Preliminary,,B,1-6,Judge 2,J2,ILIADIS Evangelos GRE
European Championships 2000 (Diving),helsinki_2000_euro,MEN 1m Springboard Preliminary,Preliminary,,A,1-6,Judge 3,J3,MATTURI-SLOTTE Marja FIN
European Championships 2000 (Diving),helsinki_2000_euro,MEN 1m Springboard Preliminary,Preliminary,,B,1-6,Judge 3,J3,CASTIONI Enzo ITA
European Championships 2000 (Diving),helsinki_2000_euro,MEN 1m Springboard Preliminary,Preliminary,,A,1-6,Judge 4,J4,BOUSSARD Michel FRA
European Championships 2000 (Diving),helsinki_2000_euro,MEN 1m Springboard Preliminary,Preliminary,,B,1-6,Judge 4,J4,EVANGULOV Alexei RUS
European Championships 2000 (Diving),helsinki_2000_euro,MEN 1m Springboard Preliminary,Preliminary,,A,1-6,Judge 5,J5,ALT Walter GER
European Championships 2000 (Diving),helsinki_2000_euro,MEN 1m Springboard Preliminary,Preliminary,,B,1-6,Judge 5,J5,LINDBERG Mathz SWE
European Championships 2000 (Diving),helsinki_2000_euro,MEN 1m Springboard Preliminary,Preliminary,,A,1-6,Judge 6,J6,REINE Inger NOR
European Championships 2000 (Diving),helsinki_2000_euro,MEN 1m Springboard Preliminary,Preliminary,,B,1-6,Judge 6,J6,KELEMEN Ildiko HUN
European Championships 2000 (Diving),helsinki_2000_euro,MEN 1m Springboard Preliminary,Preliminary,,A,1-6,Judge 7,J7,ILIES Ioan ROM
European Championships 2000 (Diving),helsinki_2000_euro,MEN 1m Springboard Preliminary,Preliminary,,B,1-6,Judge 7,J7,BARSUKOV Olexandr UKR
European Championships 2000 (Diving),helsinki_2000_euro,MEN 1m Springboard Final,Final,,single,1-6,Judge 5,J5,ILIES Ioan ROM
European Championships 2000 (Diving),helsinki_2000_euro,MEN 1m Springboard Final,Final,,single,1-6,Judge 1,J1,BOUSSARD Michel FRA
European Championships 2000 (Diving),helsinki_2000_euro,MEN 1m Springboard Final,Final,,single,1-6,Judge 6,J6,LINDBERG Mathz SWE
European Championships 2000 (Diving),helsinki_2000_euro,MEN 1m Springboard Final,Final,,single,1-6,Judge 2,J2,KELEMEN Ildiko HUN
European Championships 2000 (Diving),helsinki_2000_euro,MEN 1m Springboard Final,Final,,single,1-6,Judge 7,J7,BARSUKOV Olexandr UKR
European Championships 2000 (Diving),helsinki_2000_euro,MEN 1m Springboard Final,Final,,single,1-6,Judge 3,J3,CASTIONI Enzo ITA
European Championships 2000 (Diving),helsinki_2000_euro,MEN 1m Springboard Final,Final,,single,1-6,Judge 4,J4,REINE Inger NOR
European Championships 2000 (Diving),helsinki_2000_euro,MEN 3m Springboard Preliminary,Preliminary,,A,1-6,Judge 1,J1,BARSUKOV Olexandr UKR
European Championships 2000 (Diving),helsinki_2000_euro,MEN 3m Springboard Preliminary,Preliminary,,B,1-6,Judge 1,J1,HUBER Peter AUT
European Championships 2000 (Diving),helsinki_2000_euro,MEN 3m Springboard Preliminary,Preliminary,,A,1-6,Judge 2,J2,NILSON Jan-Erik SWE
European Championships 2000 (Diving),helsinki_2000_euro,MEN 3m Springboard Preliminary,Preliminary,,B,1-6,Judge 2,J2,NARYCHKINE Vladimir BLR
European Championships 2000 (Diving),helsinki_2000_euro,MEN 3m Springboard Preliminary,Preliminary,,A,1-6,Judge 3,J3,EVANGULOV Alexei RUS
European Championships 2000 (Diving),helsinki_2000_euro,MEN 3m Springboard Preliminary,Preliminary,,B,1-6,Judge 3,J3,MATTURI-SLOTTE Marja FIN
European Championships 2000 (Diving),helsinki_2000_euro,MEN 3m Springboard Preliminary,Preliminary,,A,1-6,Judge 4,J4,CASTIONI Enzo ITA
European Championships 2000 (Diving),helsinki_2000_euro,MEN 3m Springboard Preliminary,Preliminary,,B,1-6,Judge 4,J4,BOUSSARD Michel FRA
European Championships 2000 (Diving),helsinki_2000_euro,MEN 3m Springboard Preliminary,Preliminary,,A,1-6,Judge 5,J5,BOOTHROYD Sydney GBR
European Championships 2000 (Diving),helsinki_2000_euro,MEN 3m Springboard Preliminary,Preliminary,,B,1-6,Judge 5,J5,ALT Walter GER
European Championships 2000 (Diving),helsinki_2000_euro,MEN 3m Springboard Preliminary,Preliminary,,A,1-6,Judge 6,J6,REINE Inger NOR
European Championships 2000 (Diving),helsinki_2000_euro,MEN 3m Springboard Preliminary,Preliminary,,B,1-6,Judge 6,J6,CRUZ Julia ESP
European Championships 2000 (Diving),helsinki_2000_euro,MEN 3m Springboard Preliminary,Preliminary,,A,1-6,Judge 7,J7,KELEMEN Ildiko HUN
European Championships 2000 (Diving),helsinki_2000_euro,MEN 3m Springboard Preliminary,Preliminary,,B,1-6,Judge 7,J7,KONIJNENBURG Frans NED
European Championships 2000 (Diving),helsinki_2000_euro,MEN 3m Springboard Final,Final,,single,1-6,Judge 5,J5,NILSON Jan-Erik SWE
European Championships 2000 (Diving),helsinki_2000_euro,MEN 3m Springboard Final,Final,,single,1-6,Judge 1,J1,HUBER Peter AUT
European Championships 2000 (Diving),helsinki_2000_euro,MEN 3m Springboard Final,Final,,single,1-6,Judge 6,J6,MALIEV Rouslan SUI
European Championships 2000 (Diving),helsinki_2000_euro,MEN 3m Springboard Final,Final,,single,1-6,Judge 2,J2,BOUSSARD Michel FRA
European Championships 2000 (Diving),helsinki_2000_euro,MEN 3m Springboard Final,Final,,single,1-6,Judge 7,J7,ILIES Ioan ROM
European Championships 2000 (Diving),helsinki_2000_euro,MEN 3m Springboard Final,Final,,single,1-6,Judge 3,J3,KONIJNENBURG Frans NED
European Championships 2000 (Diving),helsinki_2000_euro,MEN 3m Springboard Final,Final,,single,1-6,Judge 4,J4,REINE Inger NOR
European Championships 2000 (Diving),helsinki_2000_euro,MEN Platform Final,Final,,single,1-6,Judge 5,J5,JONGEJANS E. NED
European Championships 2000 (Diving),helsinki_2000_euro,MEN Platform Final,Final,,single,1-6,Judge 1,J1,CERMAKOVA Marie CZE
European Championships 2000 (Diving),helsinki_2000_euro,MEN Platform Final,Final,,single,1-6,Judge 6,J6,JOHNSON Bente NOR
European Championships 2000 (Diving),helsinki_2000_euro,MEN Platform Final,Final,,single,1-6,Judge 2,J2,KOMULAINEN Jari FIN
European Championships 2000 (Diving),helsinki_2000_euro,MEN Platform Final,Final,,single,1-6,Judge 7,J7,MALIEV Rouslan SUI
European Championships 2000 (Diving),helsinki_2000_euro,MEN Platform Final,Final,,single,1-6,Judge 3,J3,BOUSSARD Michel FRA
European Championships 2000 (Diving),helsinki_2000_euro,MEN Platform Final,Final,,single,1-6,Judge 4,J4,KELEMEN Ildiko HUN
European Championships 2000 (Diving),helsinki_2000_euro,MEN Platform Preliminary,Preliminary,,A,1-6,Judge 1,J1,HUBER Peter AUT
European Championships 2000 (Diving),helsinki_2000_euro,MEN Platform Preliminary,Preliminary,,B,1-6,Judge 1,J1,ALT Walter GER
European Championships 2000 (Diving),helsinki_2000_euro,MEN Platform Preliminary,Preliminary,,A,1-6,Judge 2,J2,ILIADIS Evangelos GRE
European Championships 2000 (Diving),helsinki_2000_euro,MEN Platform Preliminary,Preliminary,,B,1-6,Judge 2,J2,LINDBERG Mathz SWE
European Championships 2000 (Diving),helsinki_2000_euro,MEN Platform Preliminary,Preliminary,,A,1-6,Judge 3,J3,CASTIONI Enzo ITA
European Championships 2000 (Diving),helsinki_2000_euro,MEN Platform Preliminary,Preliminary,,B,1-6,Judge 3,J3,BOUSSARD Michel FRA
European Championships 2000 (Diving),helsinki_2000_euro,MEN Platform Preliminary,Preliminary,,A,1-6,Judge 4,J4,JOHNSON Bente NOR
European Championships 2000 (Diving),helsinki_2000_euro,MEN Platform Preliminary,Preliminary,,B,1-6,Judge 4,J4,KOMULAINEN Jari FIN
European Championships 2000 (Diving),helsinki_2000_euro,MEN Platform Preliminary,Preliminary,,A,1-6,Judge 5,J5,EVANGULOV Alexei RUS
European Championships 2000 (Diving),helsinki_2000_euro,MEN Platform Preliminary,Preliminary,,B,1-6,Judge 5,J5,NARYCHKINE Vladimir BLR
European Championships 2000 (Diving),helsinki_2000_euro,MEN Platform Preliminary,Preliminary,,A,1-6,Judge 6,J6,KONIJNENBURG Frans NED
European Championships 2000 (Diving),helsinki_2000_euro,MEN Platform Preliminary,Preliminary,,B,1-6,Judge 6,J6,MALIEV Rouslan SUI
European Championships 2000 (Diving),helsinki_2000_euro,MEN Platform Preliminary,Preliminary,,A,1-6,Judge 7,J7,BOOTHROYD Sydney GBR
European Championships 2000 (Diving),helsinki_2000_euro,MEN Platform Preliminary,Preliminary,,B,1-6,Judge 7,J7,CERMAKOVA Marie CZE
European Championships 2000 (Diving),helsinki_2000_euro,MEN Platform Semi-final,Semifinal,,A,1-6,Judge 1,J1,HUBER Peter AUT
European Championships 2000 (Diving),helsinki_2000_euro,MEN Platform Semi-final,Semifinal,,B,1-6,Judge 1,J1,ALT Walter GER
European Championships 2000 (Diving),helsinki_2000_euro,MEN Platform Semi-final,Semifinal,,A,1-6,Judge 2,J2,ILIADIS Evangelos GRE
European Championships 2000 (Diving),helsinki_2000_euro,MEN Platform Semi-final,Semifinal,,B,1-6,Judge 2,J2,LINDBERG Mathz SWE
European Championships 2000 (Diving),helsinki_2000_euro,MEN Platform Semi-final,Semifinal,,A,1-6,Judge 3,J3,CASTIONI Enzo ITA
European Championships 2000 (Diving),helsinki_2000_euro,MEN Platform Semi-final,Semifinal,,B,1-6,Judge 3,J3,BOUSSARD Michel FRA
European Championships 2000 (Diving),helsinki_2000_euro,MEN Platform Semi-final,Semifinal,,A,1-6,Judge 4,J4,JOHNSON Bente NOR
European Championships 2000 (Diving),helsinki_2000_euro,MEN Platform Semi-final,Semifinal,,B,1-6,Judge 4,J4,KOMULAINEN Jari FIN
European Championships 2000 (Diving),helsinki_2000_euro,MEN Platform Semi-final,Semifinal,,A,1-6,Judge 5,J5,EVANGULOV Alexei RUS
European Championships 2000 (Diving),helsinki_2000_euro,MEN Platform Semi-final,Semifinal,,B,1-6,Judge 5,J5,KELEMEN Ildiko HUN
European Championships 2000 (Diving),helsinki_2000_euro,MEN Platform Semi-final,Semifinal,,A,1-6,Judge 6,J6,KONIJNENBURG Frans NED
European Championships 2000 (Diving),helsinki_2000_euro,MEN Platform Semi-final,Semifinal,,B,1-6,Judge 6,J6,MALIEV Rouslan SUI
European Championships 2000 (Diving),helsinki_2000_euro,MEN Platform Semi-final,Semifinal,,A,1-6,Judge 7,J7,BOOTHROYD Sydney GBR
European Championships 2000 (Diving),helsinki_2000_euro,MEN Platform Semi-final,Semifinal,,B,1-6,Judge 7,J7,CERMAKOVA Marie CZE
European Championships 2000 (Diving),helsinki_2000_euro,MEN Platform Final,Final,,single,1-6,Judge 5,J5,JONGEJANS E. NED
European Championships 2000 (Diving),helsinki_2000_euro,MEN Platform Final,Final,,single,1-6,Judge 1,J1,CERMAKOVA Marie CZE
European Championships 2000 (Diving),helsinki_2000_euro,MEN Platform Final,Final,,single,1-6,Judge 6,J6,JOHNSON Bente NOR
European Championships 2000 (Diving),helsinki_2000_euro,MEN Platform Final,Final,,single,1-6,Judge 2,J2,KOMULAINEN Jari FIN
European Championships 2000 (Diving),helsinki_2000_euro,MEN Platform Final,Final,,single,1-6,Judge 7,J7,MALIEV Rouslan SUI
European Championships 2000 (Diving),helsinki_2000_euro,MEN Platform Final,Final,,single,1-6,Judge 3,J3,BOUSSARD Michel FRA
European Championships 2000 (Diving),helsinki_2000_euro,MEN Platform Final,Final,,single,1-6,Judge 4,J4,KELEMEN Ildiko HUN
European Championships 2000 (Diving),helsinki_2000_euro,WOMEN 1m Springboard Preliminary,Preliminary,,A,1-6,Judge 1,J1,EVANGULOV Alexei RUS
European Championships 2000 (Diving),helsinki_2000_euro,WOMEN 1m Springboard Preliminary,Preliminary,,B,1-6,Judge 1,J1,MATTURI-SLOTTE Marja FIN
European Championships 2000 (Diving),helsinki_2000_euro,WOMEN 1m Springboard Preliminary,Preliminary,,A,1-6,Judge 2,J2,BOOTHROYD Sydney GBR
European Championships 2000 (Diving),helsinki_2000_euro,WOMEN 1m Springboard Preliminary,Preliminary,,B,1-6,Judge 2,J2,BOUSSARD Michel FRA
European Championships 2000 (Diving),helsinki_2000_euro,WOMEN 1m Springboard Preliminary,Preliminary,,A,1-6,Judge 3,J3,ILIADIS Evangelos GRE
European Championships 2000 (Diving),helsinki_2000_euro,WOMEN 1m Springboard Preliminary,Preliminary,,B,1-6,Judge 3,J3,VOELKER Gerd GER
European Championships 2000 (Diving),helsinki_2000_euro,WOMEN 1m Springboard Preliminary,Preliminary,,A,1-6,Judge 4,J4,CASTIONI Enzo ITA
European Championships 2000 (Diving),helsinki_2000_euro,WOMEN 1m Springboard Preliminary,Preliminary,,B,1-6,Judge 4,J4,REINE Inger NOR
European Championships 2000 (Diving),helsinki_2000_euro,WOMEN 1m Springboard Preliminary,Preliminary,,A,1-6,Judge 5,J5,ILIES Ioan ROM
European Championships 2000 (Diving),helsinki_2000_euro,WOMEN 1m Springboard Preliminary,Preliminary,,B,1-6,Judge 5,J5,BARSUKOV Olexandr UKR
European Championships 2000 (Diving),helsinki_2000_euro,WOMEN 1m Springboard Preliminary,Preliminary,,A,1-6,Judge 6,J6,MALIEV Rouslan SUI
European Championships 2000 (Diving),helsinki_2000_euro,WOMEN 1m Springboard Preliminary,Preliminary,,B,1-6,Judge 6,J6,HUBER Peter AUT
European Championships 2000 (Diving),helsinki_2000_euro,WOMEN 1m Springboard Preliminary,Preliminary,,A,1-6,Judge 7,J7,CERMAKOVA Marie CZE
European Championships 2000 (Diving),helsinki_2000_euro,WOMEN 1m Springboard Preliminary,Preliminary,,B,1-6,Judge 7,J7,NILSON Jan-Erik SWE
European Championships 2000 (Diving),helsinki_2000_euro,WOMEN 1m Springboard Final,Final,,single,1-6,Judge 5,J5,BOOTHROYD Sydney GBR
European Championships 2000 (Diving),helsinki_2000_euro,WOMEN 1m Springboard Final,Final,,single,1-6,Judge 1,J1,HUBER Peter AUT
European Championships 2000 (Diving),helsinki_2000_euro,WOMEN 1m Springboard Final,Final,,single,1-6,Judge 6,J6,ILIADIS Evangelos GRE
European Championships 2000 (Diving),helsinki_2000_euro,WOMEN 1m Springboard Final,Final,,single,1-6,Judge 2,J2,CERMAKOVA Marie CZE
European Championships 2000 (Diving),helsinki_2000_euro,WOMEN 1m Springboard Final,Final,,single,1-6,Judge 7,J7,CASTIONI Enzo ITA
European Championships 2000 (Diving),helsinki_2000_euro,WOMEN 1m Springboard Final,Final,,single,1-6,Judge 3,J3,MATTURI-SLOTTE Marja FIN
European Championships 2000 (Diving),helsinki_2000_euro,WOMEN 1m Springboard Final,Final,,single,1-6,Judge 4,J4,BOUSSARD Michel FRA
European Championships 2000 (Diving),helsinki_2000_euro,WOMEN Platform Preliminary,Preliminary,,A,1-6,Judge 1,J1,VOELKER Gerd GER
European Championships 2000 (Diving),helsinki_2000_euro,WOMEN Platform Preliminary,Preliminary,,B,1-6,Judge 1,J1,CASTIONI Enzo ITA
European Championships 2000 (Diving),helsinki_2000_euro,WOMEN Platform Preliminary,Preliminary,,A,1-6,Judge 2,J2,MATTURI-SLOTTE Marja FIN
European Championships 2000 (Diving),helsinki_2000_euro,WOMEN Platform Preliminary,Preliminary,,B,1-6,Judge 2,J2,BARSUKOV Olexandr UKR
European Championships 2000 (Diving),helsinki_2000_euro,WOMEN Platform Preliminary,Preliminary,,A,1-6,Judge 3,J3,NARYCHKINE Vladimir BLR
European Championships 2000 (Diving),helsinki_2000_euro,WOMEN Platform Preliminary,Preliminary,,B,1-6,Judge 3,J3,BOOTHROYD Sydney GBR
European Championships 2000 (Diving),helsinki_2000_euro,WOMEN Platform Preliminary,Preliminary,,A,1-6,Judge 4,J4,REINE Inger NOR
European Championships 2000 (Diving),helsinki_2000_euro,WOMEN Platform Preliminary,Preliminary,,B,1-6,Judge 4,J4,ILIADIS Evangelos GRE
European Championships 2000 (Diving),helsinki_2000_euro,WOMEN Platform Preliminary,Preliminary,,A,1-6,Judge 5,J5,BOUSSARD Michel FRA
European Championships 2000 (Diving),helsinki_2000_euro,WOMEN Platform Preliminary,Preliminary,,B,1-6,Judge 5,J5,EVANGULOV Alexei RUS
European Championships 2000 (Diving),helsinki_2000_euro,WOMEN Platform Preliminary,Preliminary,,A,1-6,Judge 6,J6,HUBER Peter AUT
European Championships 2000 (Diving),helsinki_2000_euro,WOMEN Platform Preliminary,Preliminary,,B,1-6,Judge 6,J6,LINDBERG Mathz SWE
European Championships 2000 (Diving),helsinki_2000_euro,WOMEN Platform Preliminary,Preliminary,,A,1-6,Judge 7,J7,CERMAKOVA Marie CZE
European Championships 2000 (Diving),helsinki_2000_euro,WOMEN Platform Preliminary,Preliminary,,B,1-6,Judge 7,J7,MALIEV Rouslan SUI
European Championships 2000 (Diving),helsinki_2000_euro,WOMEN Platform Semi-final,Semifinal,,A,1-6,Judge 1,J1,VOELKER Gerd GER
European Championships 2000 (Diving),helsinki_2000_euro,WOMEN Platform Semi-final,Semifinal,,B,1-6,Judge 1,J1,CASTIONI Enzo ITA
European Championships 2000 (Diving),helsinki_2000_euro,WOMEN Platform Semi-final,Semifinal,,A,1-6,Judge 2,J2,MATTURI-SLOTTE Marja FIN
European Championships 2000 (Diving),helsinki_2000_euro,WOMEN Platform Semi-final,Semifinal,,B,1-6,Judge 2,J2,BARSUKOV Olexandr UKR
European Championships 2000 (Diving),helsinki_2000_euro,WOMEN Platform Semi-final,Semifinal,,A,1-6,Judge 3,J3,NARYCHKINE Vladimir BLR
European Championships 2000 (Diving),helsinki_2000_euro,WOMEN Platform Semi-final,Semifinal,,B,1-6,Judge 3,J3,BOOTHROYD Sydney GBR
European Championships 2000 (Diving),helsinki_2000_euro,WOMEN Platform Semi-final,Semifinal,,A,1-6,Judge 4,J4,REINE Inger NOR
European Championships 2000 (Diving),helsinki_2000_euro,WOMEN Platform Semi-final,Semifinal,,B,1-6,Judge 4,J4,ILIADIS Evangelos GRE
European Championships 2000 (Diving),helsinki_2000_euro,WOMEN Platform Semi-final,Semifinal,,A,1-6,Judge 5,J5,BOUSSARD Michel FRA
European Championships 2000 (Diving),helsinki_2000_euro,WOMEN Platform Semi-final,Semifinal,,B,1-6,Judge 5,J5,EVANGULOV Alexei RUS
European Championships 2000 (Diving),helsinki_2000_euro,WOMEN Platform Semi-final,Semifinal,,A,1-6,Judge 6,J6,HUBER Peter AUT
European Championships 2000 (Diving),helsinki_2000_euro,WOMEN Platform Semi-final,Semifinal,,B,1-6,Judge 6,J6,LINDBERG Mathz SWE
European Championships 2000 (Diving),helsinki_2000_euro,WOMEN Platform Semi-final,Semifinal,,A,1-6,Judge 7,J7,CERMAKOVA Marie CZE
European Championships 2000 (Diving),helsinki_2000_euro,WOMEN Platform Semi-final,Semifinal,,B,1-6,Judge 7,J7,MALIEV Rouslan SUI
European Championships 2000 (Diving),helsinki_2000_euro,WOMEN Platform Final,Final,,single,1-6,Judge 5,J5,CERMAKOVA Marie CZE
European Championships 2000 (Diving),helsinki_2000_euro,WOMEN Platform Final,Final,,single,1-6,Judge 1,J1,LINDBERG Mathz SWE
European Championships 2000 (Diving),helsinki_2000_euro,WOMEN Platform Final,Final,,single,1-6,Judge 6,J6,NARYCHKINE Vladimir BLR
European Championships 2000 (Diving),helsinki_2000_euro,WOMEN Platform Final,Final,,single,1-6,Judge 2,J2,REINE Inger NOR
European Championships 2000 (Diving),helsinki_2000_euro,WOMEN Platform Final,Final,,single,1-6,Judge 7,J7,MALIEV Rouslan SUI
European Championships 2000 (Diving),helsinki_2000_euro,WOMEN Platform Final,Final,,single,1-6,Judge 3,J3,CASTIONI Enzo ITA
European Championships 2000 (Diving),helsinki_2000_euro,WOMEN Platform Final,Final,,single,1-6,Judge 4,J4,MATTURI-SLOTTE Marja FIN
European Championships 2000 (Diving),helsinki_2000_euro,WOMEN 3m Springboard Preliminary,Preliminary,,A,1-6,Judge 1,J1,CERMAKOVA Marie CZE
European Championships 2000 (Diving),helsinki_2000_euro,WOMEN 3m Springboard Preliminary,Preliminary,,B,1-6,Judge 1,J1,CASTIONI Enzo ITA
European Championships 2000 (Diving),helsinki_2000_euro,WOMEN 3m Springboard Preliminary,Preliminary,,A,1-6,Judge 2,J2,BOUSSARD Michel FRA
European Championships 2000 (Diving),helsinki_2000_euro,WOMEN 3m Springboard Preliminary,Preliminary,,B,1-6,Judge 2,J2,BOOTHROYD Sydney GBR
European Championships 2000 (Diving),helsinki_2000_euro,WOMEN 3m Springboard Preliminary,Preliminary,,A,1-6,Judge 3,J3,CRUZ Julia ESP
European Championships 2000 (Diving),helsinki_2000_euro,WOMEN 3m Springboard Preliminary,Preliminary,,B,1-6,Judge 3,J3,MATTURI-SLOTTE Marja FIN
European Championships 2000 (Diving),helsinki_2000_euro,WOMEN 3m Springboard Preliminary,Preliminary,,A,1-6,Judge 4,J4,VOELKER Gerd GER
European Championships 2000 (Diving),helsinki_2000_euro,WOMEN 3m Springboard Preliminary,Preliminary,,B,1-6,Judge 4,J4,REINE Inger NOR
European Championships 2000 (Diving),helsinki_2000_euro,WOMEN 3m Springboard Preliminary,Preliminary,,A,1-6,Judge 5,J5,NILSON Jan-Erik SWE
European Championships 2000 (Diving),helsinki_2000_euro,WOMEN 3m Springboard Preliminary,Preliminary,,B,1-6,Judge 5,J5,KELEMEN Ildiko HUN
European Championships 2000 (Diving),helsinki_2000_euro,WOMEN 3m Springboard Preliminary,Preliminary,,A,1-6,Judge 6,J6,BARSUKOV Olexandr UKR
European Championships 2000 (Diving),helsinki_2000_euro,WOMEN 3m Springboard Preliminary,Preliminary,,B,1-6,Judge 6,J6,EVANGULOV Alexei RUS
European Championships 2000 (Diving),helsinki_2000_euro,WOMEN 3m Springboard Preliminary,Preliminary,,A,1-6,Judge 7,J7,ILIES Ioan ROM
European Championships 2000 (Diving),helsinki_2000_euro,WOMEN 3m Springboard Preliminary,Preliminary,,B,1-6,Judge 7,J7,KONIJNENBURG Frans NED
European Championships 2000 (Diving),helsinki_2000_euro,WOMEN 3m Springboard Semi-final,Semifinal,,A,1-6,Judge 1,J1,CERMAKOVA Marie CZE
European Championships 2000 (Diving),helsinki_2000_euro,WOMEN 3m Springboard Semi-final,Semifinal,,B,1-6,Judge 1,J1,CASTIONI Enzo ITA
European Championships 2000 (Diving),helsinki_2000_euro,WOMEN 3m Springboard Semi-final,Semifinal,,A,1-6,Judge 2,J2,BOUSSARD Michel FRA
European Championships 2000 (Diving),helsinki_2000_euro,WOMEN 3m Springboard Semi-final,Semifinal,,B,1-6,Judge 2,J2,BOOTHROYD Sydney GBR
European Championships 2000 (Diving),helsinki_2000_euro,WOMEN 3m Springboard Semi-final,Semifinal,,A,1-6,Judge 3,J3,CRUZ Julia ESP
European Championships 2000 (Diving),helsinki_2000_euro,WOMEN 3m Springboard Semi-final,Semifinal,,B,1-6,Judge 3,J3,MATTURI-SLOTTE Marja FIN
European Championships 2000 (Diving),helsinki_2000_euro,WOMEN 3m Springboard Semi-final,Semifinal,,A,1-6,Judge 4,J4,VOELKER Gerd GER
European Championships 2000 (Diving),helsinki_2000_euro,WOMEN 3m Springboard Semi-final,Semifinal,,B,1-6,Judge 4,J4,REINE Inger NOR
European Championships 2000 (Diving),helsinki_2000_euro,WOMEN 3m Springboard Semi-final,Semifinal,,A,1-6,Judge 5,J5,NILSON Jan-Erik SWE
European Championships 2000 (Diving),helsinki_2000_euro,WOMEN 3m Springboard Semi-final,Semifinal,,B,1-6,Judge 5,J5,KELEMEN Ildiko HUN
European Championships 2000 (Diving),helsinki_2000_euro,WOMEN 3m Springboard Semi-final,Semifinal,,A,1-6,Judge 6,J6,BARSUKOV Olexandr UKR
European Championships 2000 (Diving),helsinki_2000_euro,WOMEN 3m Springboard Semi-final,Semifinal,,B,1-6,Judge 6,J6,EVANGULOV Alexei RUS
European Championships 2000 (Diving),helsinki_2000_euro,WOMEN 3m Springboard Semi-final,Semifinal,,A,1-6,Judge 7,J7,HUBER Peter AUT
European Championships 2000 (Diving),helsinki_2000_euro,WOMEN 3m Springboard Semi-final,Semifinal,,B,1-6,Judge 7,J7,KONIJNENBURG Frans NED
European Championships 2000 (Diving),helsinki_2000_euro,WOMEN 3m Springboard Final,Final,,single,1-6,Judge 5,J5,REINE Inger NOR
European Championships 2000 (Diving),helsinki_2000_euro,WOMEN 3m Springboard Final,Final,,single,1-6,Judge 1,J1,CERMAKOVA Marie CZE
European Championships 2000 (Diving),helsinki_2000_euro,WOMEN 3m Springboard Final,Final,,single,1-6,Judge 6,J6,KELEMEN Ildiko HUN
European Championships 2000 (Diving),helsinki_2000_euro,WOMEN 3m Springboard Final,Final,,single,1-6,Judge 2,J2,CRUZ Julia ESP
European Championships 2000 (Diving),helsinki_2000_euro,WOMEN 3m Springboard Final,Final,,single,1-6,Judge 7,J7,KONIJNENBURG Frans NED
European Championships 2000 (Diving),helsinki_2000_euro,WOMEN 3m Springboard Final,Final,,single,1-6,Judge 3,J3,HUBER Peter AUT
European Championships 2000 (Diving),helsinki_2000_euro,WOMEN 3m Springboard Final,Final,,single,1-6,Judge 4,J4,MATTURI-SLOTTE Marja FIN
3rd FINA Diving Grand Prix Super Final,bangkok_2000_gp,WOMEN Platform Semi-finals A,Semifinal,,single,1-6,Judge 5,J5,DIBIASI Klaus ITA
3rd FINA Diving Grand Prix Super Final,bangkok_2000_gp,WOMEN Platform Semi-finals A,Semifinal,,single,1-6,Judge 1,J1,COOK Jeff GBR
3rd FINA Diving Grand Prix Super Final,bangkok_2000_gp,WOMEN Platform Semi-finals A,Semifinal,,single,1-6,Judge 6,J6,CERMAKOVA Maria CZE
3rd FINA Diving Grand Prix Super Final,bangkok_2000_gp,WOMEN Platform Semi-finals A,Semifinal,,single,1-6,Judge 2,J2,GOMPF Thomas USA
3rd FINA Diving Grand Prix Super Final,bangkok_2000_gp,WOMEN Platform Semi-finals A,Semifinal,,single,1-6,Judge 7,J7,CRUZ Julia ESP
3rd FINA Diving Grand Prix Super Final,bangkok_2000_gp,WOMEN Platform Semi-finals A,Semifinal,,single,1-6,Judge 3,J3,HOOD Robin NZL
3rd FINA Diving Grand Prix Super Final,bangkok_2000_gp,WOMEN Platform Semi-finals A,Semifinal,,single,1-6,Judge 4,J4,ANDREWS Ron RSA
3rd FINA Diving Grand Prix Super Final,bangkok_2000_gp,WOMEN Platform Semi-finals B,Semifinal,,single,1-6,Judge 5,J5,DIBIASI Klaus ITA
3rd FINA Diving Grand Prix Super Final,bangkok_2000_gp,WOMEN Platform Semi-finals B,Semifinal,,single,1-6,Judge 1,J1,COOK Jeff GBR
3rd FINA Diving Grand Prix Super Final,bangkok_2000_gp,WOMEN Platform Semi-finals B,Semifinal,,single,1-6,Judge 6,J6,CERMAKOVA Maria CZE
3rd FINA Diving Grand Prix Super Final,bangkok_2000_gp,WOMEN Platform Semi-finals B,Semifinal,,single,1-6,Judge 2,J2,GOMPF Thomas USA
3rd FINA Diving Grand Prix Super Final,bangkok_2000_gp,WOMEN Platform Semi-finals B,Semifinal,,single,1-6,Judge 7,J7,CRUZ Julia ESP
3rd FINA Diving Grand Prix Super Final,bangkok_2000_gp,WOMEN Platform Semi-finals B,Semifinal,,single,1-6,Judge 3,J3,HOOD Robin NZL
3rd FINA Diving Grand Prix Super Final,bangkok_2000_gp,WOMEN Platform Semi-finals B,Semifinal,,single,1-6,Judge 4,J4,ANDREWS Ron RSA
3rd FINA Diving Grand Prix Super Final,bangkok_2000_gp,WOMEN Platform Final,Final,,single,1-6,Judge 5,J5,DIBIASI Klaus ITA
3rd FINA Diving Grand Prix Super Final,bangkok_2000_gp,WOMEN Platform Final,Final,,single,1-6,Judge 1,J1,COOK Jeff GBR
3rd FINA Diving Grand Prix Super Final,bangkok_2000_gp,WOMEN Platform Final,Final,,single,1-6,Judge 6,J6,LINDBERG Mathz SWE
3rd FINA Diving Grand Prix Super Final,bangkok_2000_gp,WOMEN Platform Final,Final,,single,1-6,Judge 2,J2,GOMPF Thomas USA
3rd FINA Diving Grand Prix Super Final,bangkok_2000_gp,WOMEN Platform Final,Final,,single,1-6,Judge 7,J7,CRUZ Julia ESP
3rd FINA Diving Grand Prix Super Final,bangkok_2000_gp,WOMEN Platform Final,Final,,single,1-6,Judge 3,J3,HOOD Robin NZL
3rd FINA Diving Grand Prix Super Final,bangkok_2000_gp,WOMEN Platform Final,Final,,single,1-6,Judge 4,J4,ANDREWS Ron RSA
3rd FINA Diving Grand Prix Super Final,bangkok_2000_gp,WOMEN 3m Springboard Semi-finals A,Semifinal,,single,1-6,Judge 5,J5,ZAITSEV Oleg RUS
3rd FINA Diving Grand Prix Super Final,bangkok_2000_gp,WOMEN 3m Springboard Semi-finals A,Semifinal,,single,1-6,Judge 1,J1,GEISSBUHLER Michael SUI
3rd FINA Diving Grand Prix Super Final,bangkok_2000_gp,WOMEN 3m Springboard Semi-finals A,Semifinal,,single,1-6,Judge 6,J6,ANDREWS Ron RSA
3rd FINA Diving Grand Prix Super Final,bangkok_2000_gp,WOMEN 3m Springboard Semi-finals A,Semifinal,,single,1-6,Judge 2,J2,CRUZ Julia ESP
3rd FINA Diving Grand Prix Super Final,bangkok_2000_gp,WOMEN 3m Springboard Semi-finals A,Semifinal,,single,1-6,Judge 7,J7,DIBIASI Klaus ITA
3rd FINA Diving Grand Prix Super Final,bangkok_2000_gp,WOMEN 3m Springboard Semi-finals A,Semifinal,,single,1-6,Judge 3,J3,LINDBERG Mathz SWE
3rd FINA Diving Grand Prix Super Final,bangkok_2000_gp,WOMEN 3m Springboard Semi-finals A,Semifinal,,single,1-6,Judge 4,J4,COOK Jeff GBR
3rd FINA Diving Grand Prix Super Final,bangkok_2000_gp,WOMEN 3m Springboard Semi-finals B,Semifinal,,single,1-6,Judge 5,J5,ZAITSEV Oleg RUS
3rd FINA Diving Grand Prix Super Final,bangkok_2000_gp,WOMEN 3m Springboard Semi-finals B,Semifinal,,single,1-6,Judge 1,J1,GEISSBUHLER Michael SUI
3rd FINA Diving Grand Prix Super Final,bangkok_2000_gp,WOMEN 3m Springboard Semi-finals B,Semifinal,,single,1-6,Judge 6,J6,ANDREWS Ron RSA
3rd FINA Diving Grand Prix Super Final,bangkok_2000_gp,WOMEN 3m Springboard Semi-finals B,Semifinal,,single,1-6,Judge 2,J2,CRUZ Julia ESP
3rd FINA Diving Grand Prix Super Final,bangkok_2000_gp,WOMEN 3m Springboard Semi-finals B,Semifinal,,single,1-6,Judge 7,J7,DIBIASI Klaus ITA
3rd FINA Diving Grand Prix Super Final,bangkok_2000_gp,WOMEN 3m Springboard Semi-finals B,Semifinal,,single,1-6,Judge 3,J3,LINDBERG Mathz SWE
3rd FINA Diving Grand Prix Super Final,bangkok_2000_gp,WOMEN 3m Springboard Semi-finals B,Semifinal,,single,1-6,Judge 4,J4,COOK Jeff GBR
3rd FINA Diving Grand Prix Super Final,bangkok_2000_gp,WOMEN 3m Springboard Final,Final,,single,1-6,Judge 5,J5,ZAITSEV Oleg RUS
3rd FINA Diving Grand Prix Super Final,bangkok_2000_gp,WOMEN 3m Springboard Final,Final,,single,1-6,Judge 1,J1,GEISSBUHLER Michael SUI
3rd FINA Diving Grand Prix Super Final,bangkok_2000_gp,WOMEN 3m Springboard Final,Final,,single,1-6,Judge 6,J6,ANDREWS Ron RSA
3rd FINA Diving Grand Prix Super Final,bangkok_2000_gp,WOMEN 3m Springboard Final,Final,,single,1-6,Judge 2,J2,CRUZ Julia ESP
3rd FINA Diving Grand Prix Super Final,bangkok_2000_gp,WOMEN 3m Springboard Final,Final,,single,1-6,Judge 7,J7,DIBIASI Klaus ITA
3rd FINA Diving Grand Prix Super Final,bangkok_2000_gp,WOMEN 3m Springboard Final,Final,,single,1-6,Judge 3,J3,LINDBERG Mathz SWE
3rd FINA Diving Grand Prix Super Final,bangkok_2000_gp,WOMEN 3m Springboard Final,Final,,single,1-6,Judge 4,J4,COOK Jeff GBR
3rd FINA Diving Grand Prix Super Final,bangkok_2000_gp,MEN 3m Springboard Semi-finals A,Semifinal,,single,1-6,Judge 5,J5,LINDBERG Mathz SWE
3rd FINA Diving Grand Prix Super Final,bangkok_2000_gp,MEN 3m Springboard Semi-finals A,Semifinal,,single,1-6,Judge 1,J1,QABAZARD Sulaiman KUW
3rd FINA Diving Grand Prix Super Final,bangkok_2000_gp,MEN 3m Springboard Semi-finals A,Semifinal,,single,1-6,Judge 6,J6,GEISSBUHLER Michael SUI
3rd FINA Diving Grand Prix Super Final,bangkok_2000_gp,MEN 3m Springboard Semi-finals A,Semifinal,,single,1-6,Judge 2,J2,TUROVA Tatjana UKR
3rd FINA Diving Grand Prix Super Final,bangkok_2000_gp,MEN 3m Springboard Semi-finals A,Semifinal,,single,1-6,Judge 7,J7,GOMPF Thomas USA
3rd FINA Diving Grand Prix Super Final,bangkok_2000_gp,MEN 3m Springboard Semi-finals A,Semifinal,,single,1-6,Judge 3,J3,KOPPE Edgar GER
3rd FINA Diving Grand Prix Super Final,bangkok_2000_gp,MEN 3m Springboard Semi-finals A,Semifinal,,single,1-6,Judge 4,J4,ZAITSEV Oleg RUS
3rd FINA Diving Grand Prix Super Final,bangkok_2000_gp,MEN 3m Springboard Semi-finals B,Semifinal,,single,1-6,Judge 5,J5,LINDBERG Mathz SWE
3rd FINA Diving Grand Prix Super Final,bangkok_2000_gp,MEN 3m Springboard Semi-finals B,Semifinal,,single,1-6,Judge 1,J1,QABAZARD Sulaiman KUW
3rd FINA Diving Grand Prix Super Final,bangkok_2000_gp,MEN 3m Springboard Semi-finals B,Semifinal,,single,1-6,Judge 6,J6,GEISSBUHLER Michael SUI
3rd FINA Diving Grand Prix Super Final,bangkok_2000_gp,MEN 3m Springboard Semi-finals B,Semifinal,,single,1-6,Judge 2,J2,TUROVA Tatjana UKR
3rd FINA Diving Grand Prix Super Final,bangkok_2000_gp,MEN 3m Springboard Semi-finals B,Semifinal,,single,1-6,Judge 7,J7,GOMPF Thomas USA
3rd FINA Diving Grand Prix Super Final,bangkok_2000_gp,MEN 3m Springboard Semi-finals B,Semifinal,,single,1-6,Judge 3,J3,KOPPE Edgar GER
3rd FINA Diving Grand Prix Super Final,bangkok_2000_gp,MEN 3m Springboard Semi-finals B,Semifinal,,single,1-6,Judge 4,J4,ZAITSEV Oleg RUS
3rd FINA Diving Grand Prix Super Final,bangkok_2000_gp,MEN 3m Springboard Final,Final,,single,1-6,Judge 5,J5,LINDBERG Mathz SWE
3rd FINA Diving Grand Prix Super Final,bangkok_2000_gp,MEN 3m Springboard Final,Final,,single,1-6,Judge 1,J1,QABAZARD Sulaiman KUW
3rd FINA Diving Grand Prix Super Final,bangkok_2000_gp,MEN 3m Springboard Final,Final,,single,1-6,Judge 6,J6,GEISSBUHLER Michael SUI
3rd FINA Diving Grand Prix Super Final,bangkok_2000_gp,MEN 3m Springboard Final,Final,,single,1-6,Judge 2,J2,CRUZ Julia ESP
3rd FINA Diving Grand Prix Super Final,bangkok_2000_gp,MEN 3m Springboard Final,Final,,single,1-6,Judge 7,J7,GOMPF Thomas USA
3rd FINA Diving Grand Prix Super Final,bangkok_2000_gp,MEN 3m Springboard Final,Final,,single,1-6,Judge 3,J3,ANDREWS Ron RSA
3rd FINA Diving Grand Prix Super Final,bangkok_2000_gp,MEN 3m Springboard Final,Final,,single,1-6,Judge 4,J4,ZAITSEV Oleg RUS
3rd FINA Diving Grand Prix Super Final,bangkok_2000_gp,MEN Platform Semi-finals A,Semifinal,,single,1-6,Judge 5,J5,HOOD Robin NZL
3rd FINA Diving Grand Prix Super Final,bangkok_2000_gp,MEN Platform Semi-finals A,Semifinal,,single,1-6,Judge 1,J1,BURK Hans-Peter GER
3rd FINA Diving Grand Prix Super Final,bangkok_2000_gp,MEN Platform Semi-finals A,Semifinal,,single,1-6,Judge 6,J6,QABAZARD Sulaiman KUW
3rd FINA Diving Grand Prix Super Final,bangkok_2000_gp,MEN Platform Semi-finals A,Semifinal,,single,1-6,Judge 2,J2,ACOSTA Alberto MEX
3rd FINA Diving Grand Prix Super Final,bangkok_2000_gp,MEN Platform Semi-finals A,Semifinal,,single,1-6,Judge 7,J7,LINDBERG Mathz SWE
3rd FINA Diving Grand Prix Super Final,bangkok_2000_gp,MEN Platform Semi-finals A,Semifinal,,single,1-6,Judge 3,J3,COOK Jeff GBR
3rd FINA Diving Grand Prix Super Final,bangkok_2000_gp,MEN Platform Semi-finals A,Semifinal,,single,1-6,Judge 4,J4,CRUZ Julia ESP
3rd FINA Diving Grand Prix Super Final,bangkok_2000_gp,MEN Platform Final,Final,,single,1-6,Judge 5,J5,HOOD Robin NZL
3rd FINA Diving Grand Prix Super Final,bangkok_2000_gp,MEN Platform Final,Final,,single,1-6,Judge 1,J1,BURK Hans-Peter GER
3rd FINA Diving Grand Prix Super Final,bangkok_2000_gp,MEN Platform Final,Final,,single,1-6,Judge 6,J6,QABAZARD Sulaiman KUW
3rd FINA Diving Grand Prix Super Final,bangkok_2000_gp,MEN Platform Final,Final,,single,1-6,Judge 2,J2,ACOSTA Alberto MEX
3rd FINA Diving Grand Prix Super Final,bangkok_2000_gp,MEN Platform Final,Final,,single,1-6,Judge 7,J7,LINDBERG Mathz SWE
3rd FINA Diving Grand Prix Super Final,bangkok_2000_gp,MEN Platform Final,Final,,single,1-6,Judge 3,J3,COOK Jeff GBR
3rd FINA Diving Grand Prix Super Final,bangkok_2000_gp,MEN Platform Final,Final,,single,1-6,Judge 4,J4,CRUZ Julia ESP
2001 Arena Diving Champions Cup,stockholm_2001_cc,WOMEN Platform Semi-final A,Semifinal,,A,1-6,Judge 1,J1,REZNICHENKO Anatoly UKR
2001 Arena Diving Champions Cup,stockholm_2001_cc,WOMEN Platform Semi-final A,Semifinal,,B,1-6,Judge 5,J5,MALIEV Russland SUI
2001 Arena Diving Champions Cup,stockholm_2001_cc,WOMEN Platform Semi-final A,Semifinal,,single,1-6,Judge 6,J6,LINDBERG Mathz SWE
2001 Arena Diving Champions Cup,stockholm_2001_cc,WOMEN Platform Semi-final A,Semifinal,,single,1-6,Judge 2,J2,GERCHOUN Tanja FIN
2001 Arena Diving Champions Cup,stockholm_2001_cc,WOMEN Platform Semi-final A,Semifinal,,single,1-6,Judge 7,J7,NARISHKIN Vladimir BLR
2001 Arena Diving Champions Cup,stockholm_2001_cc,WOMEN Platform Semi-final A,Semifinal,,single,1-6,Judge 3,J3,MANZONI Renato ITA
2001 Arena Diving Champions Cup,stockholm_2001_cc,WOMEN Platform Semi-final A,Semifinal,,single,1-6,Judge 4,J4,CERMAKOVA Maria CZE
2001 Arena Diving Champions Cup,stockholm_2001_cc,WOMEN Platform Semi-final B,Semifinal,,A,1-6,Judge 1,J1,KLINGER Ursula GER
2001 Arena Diving Champions Cup,stockholm_2001_cc,WOMEN Platform Semi-final B,Semifinal,,B,1-6,Judge 5,J5,CLARKE William GBR
2001 Arena Diving Champions Cup,stockholm_2001_cc,WOMEN Platform Semi-final B,Semifinal,,single,1-6,Judge 6,J6,LINDBERG Mathz SWE
2001 Arena Diving Champions Cup,stockholm_2001_cc,WOMEN Platform Semi-final B,Semifinal,,single,1-6,Judge 2,J2,GERCHOUN Tanja FIN
2001 Arena Diving Champions Cup,stockholm_2001_cc,WOMEN Platform Semi-final B,Semifinal,,single,1-6,Judge 7,J7,NARISHKIN Vladimir BLR
2001 Arena Diving Champions Cup,stockholm_2001_cc,WOMEN Platform Semi-final B,Semifinal,,single,1-6,Judge 3,J3,CERMAKOVA Maria CZE
2001 Arena Diving Champions Cup,stockholm_2001_cc,WOMEN Platform Semi-final B,Semifinal,,single,1-6,Judge 4,J4,ROULEV Vladimir RUS
2001 Arena Diving Champions Cup,stockholm_2001_cc,WOMEN Platform Final,Final,,A,1-6,Judge 1,J1,CLARKE William GBR
2001 Arena Diving Champions Cup,stockholm_2001_cc,WOMEN Platform Final,Final,,B,1-6,Judge 5,J5,MALIEV Russland SUI
2001 Arena Diving Champions Cup,stockholm_2001_cc,WOMEN Platform Final,Final,,single,1-6,Judge 6,J6,LINDBERG Mathz SWE
2001 Arena Diving Champions Cup,stockholm_2001_cc,WOMEN Platform Final,Final,,single,1-6,Judge 2,J2,GERCHOUN Tanja FIN
2001 Arena Diving Champions Cup,stockholm_2001_cc,WOMEN Platform Final,Final,,single,1-6,Judge 7,J7,NARISHKIN Vladimir BLR
2001 Arena Diving Champions Cup,stockholm_2001_cc,WOMEN Platform Final,Final,,single,1-6,Judge 3,J3,MANZONI Renato ITA
2001 Arena Diving Champions Cup,stockholm_2001_cc,WOMEN Platform Final,Final,,single,1-6,Judge 4,J4,CERMAKOVA Maria CZE
2001 Arena Diving Champions Cup,stockholm_2001_cc,WOMEN 3m Springboard Semi-final A,Semifinal,,A,1-6,Judge 1,J1,MALIEV Russland SUI
2001 Arena Diving Champions Cup,stockholm_2001_cc,WOMEN 3m Springboard Semi-final A,Semifinal,,B,1-6,Judge 5,J5,ZAITSEV Oleg RUS
2001 Arena Diving Champions Cup,stockholm_2001_cc,WOMEN 3m Springboard Semi-final A,Semifinal,,single,1-6,Judge 6,J6,KUGLER Grete AUT
2001 Arena Diving Champions Cup,stockholm_2001_cc,WOMEN 3m Springboard Semi-final A,Semifinal,,single,1-6,Judge 2,J2,JOHNSON Bente NOR
2001 Arena Diving Champions Cup,stockholm_2001_cc,WOMEN 3m Springboard Semi-final A,Semifinal,,single,1-6,Judge 7,J7,ALT Walter GER
2001 Arena Diving Champions Cup,stockholm_2001_cc,WOMEN 3m Springboard Semi-final A,Semifinal,,single,1-6,Judge 3,J3,LLINAS Julian ESP
2001 Arena Diving Champions Cup,stockholm_2001_cc,WOMEN 3m Springboard Semi-final A,Semifinal,,single,1-6,Judge 4,J4,KOMULAINEN Jari FIN
2001 Arena Diving Champions Cup,stockholm_2001_cc,WOMEN 3m Springboard Semi-final B,Semifinal,,A,1-6,Judge 1,J1,REZNICHENKO Anatoly UKR
2001 Arena Diving Champions Cup,stockholm_2001_cc,WOMEN 3m Springboard Semi-final B,Semifinal,,B,1-6,Judge 5,J5,ZAITSEV Oleg RUS
2001 Arena Diving Champions Cup,stockholm_2001_cc,WOMEN 3m Springboard Semi-final B,Semifinal,,single,1-6,Judge 6,J6,KUGLER Grete AUT
2001 Arena Diving Champions Cup,stockholm_2001_cc,WOMEN 3m Springboard Semi-final B,Semifinal,,single,1-6,Judge 2,J2,JOHNSON Bente NOR
2001 Arena Diving Champions Cup,stockholm_2001_cc,WOMEN 3m Springboard Semi-final B,Semifinal,,single,1-6,Judge 7,J7,MALIEV Russland SUI
2001 Arena Diving Champions Cup,stockholm_2001_cc,WOMEN 3m Springboard Semi-final B,Semifinal,,single,1-6,Judge 3,J3,LLINAS Julian ESP
2001 Arena Diving Champions Cup,stockholm_2001_cc,WOMEN 3m Springboard Semi-final B,Semifinal,,single,1-6,Judge 4,J4,KOMULAINEN Jari FIN
2001 Arena Diving Champions Cup,stockholm_2001_cc,WOMEN 3m Springboard Final,Final,,A,1-6,Judge 1,J1,JONGEJANS Edwin NED
2001 Arena Diving Champions Cup,stockholm_2001_cc,WOMEN 3m Springboard Final,Final,,B,1-6,Judge 5,J5,ZAITSEV Oleg RUS
2001 Arena Diving Champions Cup,stockholm_2001_cc,WOMEN 3m Springboard Final,Final,,single,1-6,Judge 6,J6,KUGLER Grete AUT
2001 Arena Diving Champions Cup,stockholm_2001_cc,WOMEN 3m Springboard Final,Final,,single,1-6,Judge 2,J2,JOHNSON Bente NOR
2001 Arena Diving Champions Cup,stockholm_2001_cc,WOMEN 3m Springboard Final,Final,,single,1-6,Judge 7,J7,MALIEV Russland SUI
2001 Arena Diving Champions Cup,stockholm_2001_cc,WOMEN 3m Springboard Final,Final,,single,1-6,Judge 3,J3,LLINAS Julian ESP
2001 Arena Diving Champions Cup,stockholm_2001_cc,WOMEN 3m Springboard Final,Final,,single,1-6,Judge 4,J4,KOMULAINEN Jari FIN
2001 Arena Diving Champions Cup,stockholm_2001_cc,MEN 3m Springboard Semi-final A,Semifinal,,A,1-6,Judge 1,J1,ZAITSEV Oleg RUS
2001 Arena Diving Champions Cup,stockholm_2001_cc,MEN 3m Springboard Semi-final A,Semifinal,,B,1-6,Judge 5,J5,LLINAS Julian ESP
2001 Arena Diving Champions Cup,stockholm_2001_cc,MEN 3m Springboard Semi-final A,Semifinal,,single,1-6,Judge 6,J6,CLARKE William GBR
2001 Arena Diving Champions Cup,stockholm_2001_cc,MEN 3m Springboard Semi-final A,Semifinal,,single,1-6,Judge 2,J2,WORISCH Michael AUT
2001 Arena Diving Champions Cup,stockholm_2001_cc,MEN 3m Springboard Semi-final A,Semifinal,,single,1-6,Judge 7,J7,MANZONI Renato ITA
2001 Arena Diving Champions Cup,stockholm_2001_cc,MEN 3m Springboard Semi-final A,Semifinal,,single,1-6,Judge 3,J3,OHMAN Toivo SWE
2001 Arena Diving Champions Cup,stockholm_2001_cc,MEN 3m Springboard Semi-final A,Semifinal,,single,1-6,Judge 4,J4,JONGEJANS Edwin NED
2001 Arena Diving Champions Cup,stockholm_2001_cc,MEN 3m Springboard Semi-final B,Semifinal,,A,1-6,Judge 1,J1,JONGEJANS Edwin NED
2001 Arena Diving Champions Cup,stockholm_2001_cc,MEN 3m Springboard Semi-final B,Semifinal,,B,1-6,Judge 5,J5,REZNICHENKO Anatoly UKR
2001 Arena Diving Champions Cup,stockholm_2001_cc,MEN 3m Springboard Semi-final B,Semifinal,,single,1-6,Judge 6,J6,LLINAS Julian ESP
2001 Arena Diving Champions Cup,stockholm_2001_cc,MEN 3m Springboard Semi-final B,Semifinal,,single,1-6,Judge 2,J2,WORISCH Michael AUT
2001 Arena Diving Champions Cup,stockholm_2001_cc,MEN 3m Springboard Semi-final B,Semifinal,,single,1-6,Judge 7,J7,JOHNSON Bente NOR
2001 Arena Diving Champions Cup,stockholm_2001_cc,MEN 3m Springboard Semi-final B,Semifinal,,single,1-6,Judge 3,J3,OHMAN Toivo SWE
2001 Arena Diving Champions Cup,stockholm_2001_cc,MEN 3m Springboard Semi-final B,Semifinal,,single,1-6,Judge 4,J4,ALT Walter GER
2001 Arena Diving Champions Cup,stockholm_2001_cc,MEN 3m Springboard Final,Final,,A,1-6,Judge 1,J1,JONGEJANS Edwin NED
2001 Arena Diving Champions Cup,stockholm_2001_cc,MEN 3m Springboard Final,Final,,B,1-6,Judge 5,J5,JOHNSON Bente NOR
2001 Arena Diving Champions Cup,stockholm_2001_cc,MEN 3m Springboard Final,Final,,single,1-6,Judge 6,J6,CLARKE William GBR
2001 Arena Diving Champions Cup,stockholm_2001_cc,MEN 3m Springboard Final,Final,,single,1-6,Judge 2,J2,WORISCH Michael AUT
2001 Arena Diving Champions Cup,stockholm_2001_cc,MEN 3m Springboard Final,Final,,single,1-6,Judge 7,J7,NARISHKIN Vladimir BLR
2001 Arena Diving Champions Cup,stockholm_2001_cc,MEN 3m Springboard Final,Final,,single,1-6,Judge 3,J3,OHMAN Toivo SWE
2001 Arena Diving Champions Cup,stockholm_2001_cc,MEN 3m Springboard Final,Final,,single,1-6,Judge 4,J4,LLINAS Julian ESP
2001 Arena Diving Champions Cup,stockholm_2001_cc,MEN Platform Semi-final A,Semifinal,,A,1-6,Judge 1,J1,KUGLER Grete AUT
2001 Arena Diving Champions Cup,stockholm_2001_cc,MEN Platform Semi-final A,Semifinal,,B,1-6,Judge 5,J5,KOMULAINEN Jari FIN
2001 Arena Diving Champions Cup,stockholm_2001_cc,MEN Platform Semi-final A,Semifinal,,single,1-6,Judge 6,J6,CERMAKOVA Maria CZE
2001 Arena Diving Champions Cup,stockholm_2001_cc,MEN Platform Semi-final A,Semifinal,,single,1-6,Judge 2,J2,CLARKE William GBR
2001 Arena Diving Champions Cup,stockholm_2001_cc,MEN Platform Semi-final A,Semifinal,,single,1-6,Judge 7,J7,JONGEJANS Edwin NED
2001 Arena Diving Champions Cup,stockholm_2001_cc,MEN Platform Semi-final A,Semifinal,,single,1-6,Judge 3,J3,KLINGER Ursula GER
2001 Arena Diving Champions Cup,stockholm_2001_cc,MEN Platform Semi-final A,Semifinal,,single,1-6,Judge 4,J4,REZNICHENKO Anatoly UKR
2001 Arena Diving Champions Cup,stockholm_2001_cc,MEN Platform Semi-final B,Semifinal,,A,1-6,Judge 1,J1,KUGLER Grete AUT
2001 Arena Diving Champions Cup,stockholm_2001_cc,MEN Platform Semi-final B,Semifinal,,B,1-6,Judge 5,J5,KOMULAINEN Jari FIN
2001 Arena Diving Champions Cup,stockholm_2001_cc,MEN Platform Semi-final B,Semifinal,,single,1-6,Judge 6,J6,CERMAKOVA Maria CZE
2001 Arena Diving Champions Cup,stockholm_2001_cc,MEN Platform Semi-final B,Semifinal,,single,1-6,Judge 2,J2,ROULEV Vladimir RUS
2001 Arena Diving Champions Cup,stockholm_2001_cc,MEN Platform Semi-final B,Semifinal,,single,1-6,Judge 7,J7,JONGEJANS Edwin NED
2001 Arena Diving Champions Cup,stockholm_2001_cc,MEN Platform Semi-final B,Semifinal,,single,1-6,Judge 3,J3,MANZONI Renato ITA
2001 Arena Diving Champions Cup,stockholm_2001_cc,MEN Platform Semi-final B,Semifinal,,single,1-6,Judge 4,J4,NARISHKIN Vladimir BLR
2001 Arena Diving Champions Cup,stockholm_2001_cc,MEN Platform Final,Final,,A,1-6,Judge 1,J1,KUGLER Grete AUT
2001 Arena Diving Champions Cup,stockholm_2001_cc,MEN Platform Final,Final,,B,1-6,Judge 5,J5,KOMULAINEN Jari FIN
2001 Arena Diving Champions Cup,stockholm_2001_cc,MEN Platform Final,Final,,single,1-6,Judge 6,J6,CERMAKOVA Maria CZE
2001 Arena Diving Champions Cup,stockholm_2001_cc,MEN Platform Final,Final,,single,1-6,Judge 2,J2,MALIEV Russland SUI
2001 Arena Diving Champions Cup,stockholm_2001_cc,MEN Platform Final,Final,,single,1-6,Judge 7,J7,JONGEJANS Edwin NED
2001 Arena Diving Champions Cup,stockholm_2001_cc,MEN Platform Final,Final,,single,1-6,Judge 3,J3,OHMAN Toivo SWE
2001 Arena Diving Champions Cup,stockholm_2001_cc,MEN Platform Final,Final,,single,1-6,Judge 4,J4,NARISHKIN Vladimir BLR
2002 Arena Diving Champions Cup,stockholm_2002_cc,MEN 3m Springboard Preliminary,Preliminary,,A,1-6,Judge 1,J1,WORISCH Michael AUT
2002 Arena Diving Champions Cup,stockholm_2002_cc,MEN 3m Springboard Preliminary,Preliminary,,B,1-6,Judge 1,J1,REINE Inger G. NOR
2002 Arena Diving Champions Cup,stockholm_2002_cc,MEN 3m Springboard Preliminary,Preliminary,,A,1-6,Judge 2,J2,NARISHKIN Vladimir BLR
2002 Arena Diving Champions Cup,stockholm_2002_cc,MEN 3m Springboard Preliminary,Preliminary,,B,1-6,Judge 2,J2,GHIDINI Maurizio ITA
2002 Arena Diving Champions Cup,stockholm_2002_cc,MEN 3m Springboard Preliminary,Preliminary,,A,1-6,Judge 3,J3,NOVOTNA Hana CZE
2002 Arena Diving Champions Cup,stockholm_2002_cc,MEN 3m Springboard Preliminary,Preliminary,,B,1-6,Judge 3,J3,ZAITSEV Oleg RUS
2002 Arena Diving Champions Cup,stockholm_2002_cc,MEN 3m Springboard Preliminary,Preliminary,,A,1-6,Judge 4,J4,SLOTTE-MATTURI Marja FIN
2002 Arena Diving Champions Cup,stockholm_2002_cc,MEN 3m Springboard Preliminary,Preliminary,,B,1-6,Judge 4,J4,SANCHEZ Victoria ESP
2002 Arena Diving Champions Cup,stockholm_2002_cc,MEN 3m Springboard Preliminary,Preliminary,,A,1-6,Judge 5,J5,KLINGER Ursula GER
2002 Arena Diving Champions Cup,stockholm_2002_cc,MEN 3m Springboard Preliminary,Preliminary,,B,1-6,Judge 5,J5,FALKMAN Peter SWE
2002 Arena Diving Champions Cup,stockholm_2002_cc,MEN 3m Springboard Preliminary,Preliminary,,A,1-6,Judge 6,J6,KEJLBERG Dion DEN
2002 Arena Diving Champions Cup,stockholm_2002_cc,MEN 3m Springboard Preliminary,Preliminary,,B,1-6,Judge 6,J6,STRITT BURK Carmen SUI
2002 Arena Diving Champions Cup,stockholm_2002_cc,MEN 3m Springboard Preliminary,Preliminary,,A,1-6,Judge 7,J7,FYRIGOS Petros GRE
2002 Arena Diving Champions Cup,stockholm_2002_cc,MEN 3m Springboard Preliminary,Preliminary,,B,1-6,Judge 7,J7,REZNICHENKO Anatoly UKR
2002 Arena Diving Champions Cup,stockholm_2002_cc,MEN 3m Springboard Final,Final,,single,1-6,Judge 5,J5,NOVOTNA Hana CZE
2002 Arena Diving Champions Cup,stockholm_2002_cc,MEN 3m Springboard Final,Final,,single,1-6,Judge 1,J1,FYRIGOS Petros GRE
2002 Arena Diving Champions Cup,stockholm_2002_cc,MEN 3m Springboard Final,Final,,single,1-6,Judge 6,J6,SANCHEZ Victoria ESP
2002 Arena Diving Champions Cup,stockholm_2002_cc,MEN 3m Springboard Final,Final,,single,1-6,Judge 2,J2,REINE Inger G. NOR
2002 Arena Diving Champions Cup,stockholm_2002_cc,MEN 3m Springboard Final,Final,,single,1-6,Judge 7,J7,STRITT BURK Carmen SUI
2002 Arena Diving Champions Cup,stockholm_2002_cc,MEN 3m Springboard Final,Final,,single,1-6,Judge 3,J3,WORISCH Michael AUT
2002 Arena Diving Champions Cup,stockholm_2002_cc,MEN 3m Springboard Final,Final,,single,1-6,Judge 4,J4,NARISHKIN Vladimir BLR
2002 Arena Diving Champions Cup,stockholm_2002_cc,MEN Platform Preliminary,Preliminary,,A,1-6,Judge 1,J1,STRITT BURK Carmen SUI
2002 Arena Diving Champions Cup,stockholm_2002_cc,MEN Platform Preliminary,Preliminary,,B,1-6,Judge 1,J1,NOVOTNA Hana CZE
2002 Arena Diving Champions Cup,stockholm_2002_cc,MEN Platform Preliminary,Preliminary,,A,1-6,Judge 2,J2,SANCHEZ Victoria ESP
2002 Arena Diving Champions Cup,stockholm_2002_cc,MEN Platform Preliminary,Preliminary,,B,1-6,Judge 2,J2,VOELKER Gerd GER
2002 Arena Diving Champions Cup,stockholm_2002_cc,MEN Platform Preliminary,Preliminary,,A,1-6,Judge 3,J3,REINE Inger G. NOR
2002 Arena Diving Champions Cup,stockholm_2002_cc,MEN Platform Preliminary,Preliminary,,B,1-6,Judge 3,J3,GHIDINI Maurizio ITA
2002 Arena Diving Champions Cup,stockholm_2002_cc,MEN Platform Preliminary,Preliminary,,A,1-6,Judge 4,J4,FYRIGOS Petros GRE
2002 Arena Diving Champions Cup,stockholm_2002_cc,MEN Platform Preliminary,Preliminary,,B,1-6,Judge 4,J4,ZAITSEV Oleg RUS
2002 Arena Diving Champions Cup,stockholm_2002_cc,MEN Platform Preliminary,Preliminary,,A,1-6,Judge 5,J5,SLOTTE-MATTURI Marja FIN
2002 Arena Diving Champions Cup,stockholm_2002_cc,MEN Platform Preliminary,Preliminary,,B,1-6,Judge 5,J5,NILSON Jan-Erik SWE
2002 Arena Diving Champions Cup,stockholm_2002_cc,MEN Platform Preliminary,Preliminary,,A,1-6,Judge 6,J6,NARISHKIN Vladimir BLR
2002 Arena Diving Champions Cup,stockholm_2002_cc,MEN Platform Preliminary,Preliminary,,B,1-6,Judge 6,J6,KEJLBERG Dion DEN
2002 Arena Diving Champions Cup,stockholm_2002_cc,MEN Platform Preliminary,Preliminary,,A,1-6,Judge 7,J7,WORISCH Michael AUT
2002 Arena Diving Champions Cup,stockholm_2002_cc,MEN Platform Preliminary,Preliminary,,B,1-6,Judge 7,J7,REZNICHENKO Anatoly UKR
2002 Arena Diving Champions Cup,stockholm_2002_cc,MEN Platform Final,Final,,single,1-6,Judge 5,J5,NARISHKIN Vladimir BLR
2002 Arena Diving Champions Cup,stockholm_2002_cc,MEN Platform Final,Final,,single,1-6,Judge 1,J1,SLOTTE-MATTURI Marja FIN
2002 Arena Diving Champions Cup,stockholm_2002_cc,MEN Platform Final,Final,,single,1-6,Judge 6,J6,GHIDINI Maurizio ITA
2002 Arena Diving Champions Cup,stockholm_2002_cc,MEN Platform Final,Final,,single,1-6,Judge 2,J2,WORISCH Michael AUT
2002 Arena Diving Champions Cup,stockholm_2002_cc,MEN Platform Final,Final,,single,1-6,Judge 7,J7,FYRIGOS Petros GRE
2002 Arena Diving Champions Cup,stockholm_2002_cc,MEN Platform Final,Final,,single,1-6,Judge 3,J3,REINE Inger G. NOR
2002 Arena Diving Champions Cup,stockholm_2002_cc,MEN Platform Final,Final,,single,1-6,Judge 4,J4,NOVOTNA Hana CZE
2002 Arena Diving Champions Cup,stockholm_2002_cc,WOMEN Platform Preliminary,Preliminary,,A,1-6,Judge 1,J1,NOVOTNA Hana CZE
2002 Arena Diving Champions Cup,stockholm_2002_cc,WOMEN Platform Preliminary,Preliminary,,B,1-6,Judge 1,J1,ZAITSEV Oleg RUS
2002 Arena Diving Champions Cup,stockholm_2002_cc,WOMEN Platform Preliminary,Preliminary,,A,1-6,Judge 2,J2,KEJLBERG Dion DEN
2002 Arena Diving Champions Cup,stockholm_2002_cc,WOMEN Platform Preliminary,Preliminary,,B,1-6,Judge 2,J2,SANCHEZ Victoria ESP
2002 Arena Diving Champions Cup,stockholm_2002_cc,WOMEN Platform Preliminary,Preliminary,,A,1-6,Judge 3,J3,NARISHKIN Vladimir BLR
2002 Arena Diving Champions Cup,stockholm_2002_cc,WOMEN Platform Preliminary,Preliminary,,B,1-6,Judge 3,J3,NILSON Jan-Erik SWE
2002 Arena Diving Champions Cup,stockholm_2002_cc,WOMEN Platform Preliminary,Preliminary,,A,1-6,Judge 4,J4,VOELKER Gerd GER
2002 Arena Diving Champions Cup,stockholm_2002_cc,WOMEN Platform Preliminary,Preliminary,,B,1-6,Judge 4,J4,REINE Inger G. NOR
2002 Arena Diving Champions Cup,stockholm_2002_cc,WOMEN Platform Preliminary,Preliminary,,A,1-6,Judge 5,J5,REZNICHENKO Anatoly UKR
2002 Arena Diving Champions Cup,stockholm_2002_cc,WOMEN Platform Preliminary,Preliminary,,B,1-6,Judge 5,J5,SLOTTE-MATTURI Marja FIN
2002 Arena Diving Champions Cup,stockholm_2002_cc,WOMEN Platform Preliminary,Preliminary,,A,1-6,Judge 6,J6,FYRIGOS Petros GRE
2002 Arena Diving Champions Cup,stockholm_2002_cc,WOMEN Platform Preliminary,Preliminary,,B,1-6,Judge 6,J6,GHIDINI Maurizio ITA
2002 Arena Diving Champions Cup,stockholm_2002_cc,WOMEN Platform Preliminary,Preliminary,,A,1-6,Judge 7,J7,WORISCH Michael AUT
2002 Arena Diving Champions Cup,stockholm_2002_cc,WOMEN Platform Preliminary,Preliminary,,B,1-6,Judge 7,J7,MALIEV Rouslan SUI
2002 Arena Diving Champions Cup,stockholm_2002_cc,WOMEN Platform Final,Final,,single,1-6,Judge 5,J5,FYRIGOS Petros GRE
2002 Arena Diving Champions Cup,stockholm_2002_cc,WOMEN Platform Final,Final,,single,1-6,Judge 1,J1,KEJLBERG Dion DEN
2002 Arena Diving Champions Cup,stockholm_2002_cc,WOMEN Platform Final,Final,,single,1-6,Judge 6,J6,NILSON Jan-Erik SWE
2002 Arena Diving Champions Cup,stockholm_2002_cc,WOMEN Platform Final,Final,,single,1-6,Judge 2,J2,NOVOTNA Hana CZE
2002 Arena Diving Champions Cup,stockholm_2002_cc,WOMEN Platform Final,Final,,single,1-6,Judge 7,J7,NARISHKIN Vladimir BLR
2002 Arena Diving Champions Cup,stockholm_2002_cc,WOMEN Platform Final,Final,,single,1-6,Judge 3,J3,REINE Inger G. NOR
2002 Arena Diving Champions Cup,stockholm_2002_cc,WOMEN Platform Final,Final,,single,1-6,Judge 4,J4,MALIEV Rouslan SUI
2002 Arena Diving Champions Cup,stockholm_2002_cc,WOMEN 3m Springboard Preliminary,Preliminary,,A,1-6,Judge 1,J1,SANCHEZ Victoria ESP
2002 Arena Diving Champions Cup,stockholm_2002_cc,WOMEN 3m Springboard Preliminary,Preliminary,,B,1-6,Judge 1,J1,WORISCH Michael AUT
2002 Arena Diving Champions Cup,stockholm_2002_cc,WOMEN 3m Springboard Preliminary,Preliminary,,A,1-6,Judge 2,J2,KEJLBERG Dion DEN
2002 Arena Diving Champions Cup,stockholm_2002_cc,WOMEN 3m Springboard Preliminary,Preliminary,,B,1-6,Judge 2,J2,REZNICHENKO Anatoly UKR
2002 Arena Diving Champions Cup,stockholm_2002_cc,WOMEN 3m Springboard Preliminary,Preliminary,,A,1-6,Judge 3,J3,FYRIGOS Petros GRE
2002 Arena Diving Champions Cup,stockholm_2002_cc,WOMEN 3m Springboard Preliminary,Preliminary,,B,1-6,Judge 3,J3,NOVOTNA Hana CZE
2002 Arena Diving Champions Cup,stockholm_2002_cc,WOMEN 3m Springboard Preliminary,Preliminary,,A,1-6,Judge 4,J4,FALKMAN Peter SWE
2002 Arena Diving Champions Cup,stockholm_2002_cc,WOMEN 3m Springboard Preliminary,Preliminary,,B,1-6,Judge 4,J4,KLINGER Ursula GER
2002 Arena Diving Champions Cup,stockholm_2002_cc,WOMEN 3m Springboard Preliminary,Preliminary,,A,1-6,Judge 5,J5,MALIEV Rouslan SUI
2002 Arena Diving Champions Cup,stockholm_2002_cc,WOMEN 3m Springboard Preliminary,Preliminary,,B,1-6,Judge 5,J5,VEGARD Grunde NOR
2002 Arena Diving Champions Cup,stockholm_2002_cc,WOMEN 3m Springboard Preliminary,Preliminary,,A,1-6,Judge 6,J6,SLOTTE-MATTURI Marja FIN
2002 Arena Diving Champions Cup,stockholm_2002_cc,WOMEN 3m Springboard Preliminary,Preliminary,,B,1-6,Judge 6,J6,ZAITSEV Oleg RUS
2002 Arena Diving Champions Cup,stockholm_2002_cc,WOMEN 3m Springboard Preliminary,Preliminary,,A,1-6,Judge 7,J7,NARISHKIN Vladimir BLR
2002 Arena Diving Champions Cup,stockholm_2002_cc,WOMEN 3m Springboard Preliminary,Preliminary,,B,1-6,Judge 7,J7,GHIDINI Maurizio ITA
2002 Arena Diving Champions Cup,stockholm_2002_cc,WOMEN 3m Springboard Final,Final,,single,1-6,Judge 5,J5,NOVOTNA Hana CZE
2002 Arena Diving Champions Cup,stockholm_2002_cc,WOMEN 3m Springboard Final,Final,,single,1-6,Judge 1,J1,NARISHKIN Vladimir BLR
2002 Arena Diving Champions Cup,stockholm_2002_cc,WOMEN 3m Springboard Final,Final,,single,1-6,Judge 6,J6,VEGARD Grunde NOR
2002 Arena Diving Champions Cup,stockholm_2002_cc,WOMEN 3m Springboard Final,Final,,single,1-6,Judge 2,J2,FYRIGOS Petros GRE
2002 Arena Diving Champions Cup,stockholm_2002_cc,WOMEN 3m Springboard Final,Final,,single,1-6,Judge 7,J7,MALIEV Rouslan SUI
2002 Arena Diving Champions Cup,stockholm_2002_cc,WOMEN 3m Springboard Final,Final,,single,1-6,Judge 3,J3,WORISCH Michael AUT
2002 Arena Diving Champions Cup,stockholm_2002_cc,WOMEN 3m Springboard Final,Final,,single,1-6,Judge 4,J4,SLOTTE-MATTURI Marja FIN
2002 FINA Diving World Cup,sevilla_2002_wc,WOMEN Platform Preliminary,Preliminary,,A,1-6,Judge 1,J1,NOVOTNA Hana CZE
2002 FINA Diving World Cup,sevilla_2002_wc,WOMEN Platform Preliminary,Preliminary,,B,1-6,Judge 1,J1,YANG Qiang CHN
2002 FINA Diving World Cup,sevilla_2002_wc,WOMEN Platform Preliminary,Preliminary,,A,1-6,Judge 2,J2,FYRIGOU Georgia GRE
2002 FINA Diving World Cup,sevilla_2002_wc,WOMEN Platform Preliminary,Preliminary,,B,1-6,Judge 2,J2,BERTRAM Russ USA
2002 FINA Diving World Cup,sevilla_2002_wc,WOMEN Platform Preliminary,Preliminary,,A,1-6,Judge 3,J3,MANZONI Renato ITA
2002 FINA Diving World Cup,sevilla_2002_wc,WOMEN Platform Preliminary,Preliminary,,B,1-6,Judge 3,J3,SISSONS Ann NZL
2002 FINA Diving World Cup,sevilla_2002_wc,WOMEN Platform Preliminary,Preliminary,,A,1-6,Judge 4,J4,LINDBERG Mathz SWE
2002 FINA Diving World Cup,sevilla_2002_wc,WOMEN Platform Preliminary,Preliminary,,B,1-6,Judge 4,J4,STRITT BURK Carmen SUI
2002 FINA Diving World Cup,sevilla_2002_wc,WOMEN Platform Preliminary,Preliminary,,A,1-6,Judge 5,J5,ALT Walter GER
2002 FINA Diving World Cup,sevilla_2002_wc,WOMEN Platform Preliminary,Preliminary,,B,1-6,Judge 5,J5,BEAUMONT Derek GBR
2002 FINA Diving World Cup,sevilla_2002_wc,WOMEN Platform Preliminary,Preliminary,,A,1-6,Judge 6,J6,BOYS Beverly CAN
2002 FINA Diving World Cup,sevilla_2002_wc,WOMEN Platform Preliminary,Preliminary,,B,1-6,Judge 6,J6,ALCALA Maria Jose MEX
2002 FINA Diving World Cup,sevilla_2002_wc,WOMEN Platform Preliminary,Preliminary,,A,1-6,Judge 7,J7,REZNICHENKO Anatly UKR
2002 FINA Diving World Cup,sevilla_2002_wc,WOMEN Platform Preliminary,Preliminary,,B,1-6,Judge 7,J7,LUZ Edson BRA
2002 FINA Diving World Cup,sevilla_2002_wc,WOMEN Platform Semi-final A,Semifinal,,single,1-6,Judge 5,J5,LINDBERG Mathz SWE
2002 FINA Diving World Cup,sevilla_2002_wc,WOMEN Platform Semi-final A,Semifinal,,single,1-6,Judge 1,J1,NOVOTNA Hana CZE
2002 FINA Diving World Cup,sevilla_2002_wc,WOMEN Platform Semi-final A,Semifinal,,single,1-6,Judge 6,J6,LUZ Edson BRA
2002 FINA Diving World Cup,sevilla_2002_wc,WOMEN Platform Semi-final A,Semifinal,,single,1-6,Judge 2,J2,CALDERON Felix PUR
2002 FINA Diving World Cup,sevilla_2002_wc,WOMEN Platform Semi-final A,Semifinal,,single,1-6,Judge 7,J7,STRITT BURK Carmen SUI
2002 FINA Diving World Cup,sevilla_2002_wc,WOMEN Platform Semi-final A,Semifinal,,single,1-6,Judge 3,J3,FYRIGOU Georgia GRE
2002 FINA Diving World Cup,sevilla_2002_wc,WOMEN Platform Semi-final A,Semifinal,,single,1-6,Judge 4,J4,SISSONS Ann NZL
2002 FINA Diving World Cup,sevilla_2002_wc,WOMEN Platform Semi-final B,Semifinal,,single,1-6,Judge 5,J5,LINDBERG Mathz SWE
2002 FINA Diving World Cup,sevilla_2002_wc,WOMEN Platform Semi-final B,Semifinal,,single,1-6,Judge 1,J1,NOVOTNA Hana CZE
2002 FINA Diving World Cup,sevilla_2002_wc,WOMEN Platform Semi-final B,Semifinal,,single,1-6,Judge 6,J6,LUZ Edson BRA
2002 FINA Diving World Cup,sevilla_2002_wc,WOMEN Platform Semi-final B,Semifinal,,single,1-6,Judge 2,J2,CALDERON Felix PUR
2002 FINA Diving World Cup,sevilla_2002_wc,WOMEN Platform Semi-final B,Semifinal,,single,1-6,Judge 7,J7,STRITT BURK Carmen SUI
2002 FINA Diving World Cup,sevilla_2002_wc,WOMEN Platform Semi-final B,Semifinal,,single,1-6,Judge 3,J3,FYRIGOU Georgia GRE
2002 FINA Diving World Cup,sevilla_2002_wc,WOMEN Platform Semi-final B,Semifinal,,single,1-6,Judge 4,J4,SISSONS Ann NZL
2002 FINA Diving World Cup,sevilla_2002_wc,WOMEN Platform Final,Final,,single,1-6,Judge 5,J5,LINDBERG Mathz SWE
2002 FINA Diving World Cup,sevilla_2002_wc,WOMEN Platform Final,Final,,single,1-6,Judge 1,J1,NOVOTNA Hana CZE
2002 FINA Diving World Cup,sevilla_2002_wc,WOMEN Platform Final,Final,,single,1-6,Judge 6,J6,LUZ Edson BRA
2002 FINA Diving World Cup,sevilla_2002_wc,WOMEN Platform Final,Final,,single,1-6,Judge 2,J2,CALDERON Felix PUR
2002 FINA Diving World Cup,sevilla_2002_wc,WOMEN Platform Final,Final,,single,1-6,Judge 7,J7,STRITT BURK Carmen SUI
2002 FINA Diving World Cup,sevilla_2002_wc,WOMEN Platform Final,Final,,single,1-6,Judge 3,J3,FYRIGOU Georgia GRE
2002 FINA Diving World Cup,sevilla_2002_wc,WOMEN Platform Final,Final,,single,1-6,Judge 4,J4,SISSONS Ann NZL
2002 FINA Diving World Cup,sevilla_2002_wc,MEN 1m Springboard Preliminary,Preliminary,,A,1-6,Judge 1,J1,PULLAR Wendy AUS
2002 FINA Diving World Cup,sevilla_2002_wc,MEN 1m Springboard Preliminary,Preliminary,,B,1-6,Judge 1,J1,BOUSSARD Michel FRA
2002 FINA Diving World Cup,sevilla_2002_wc,MEN 1m Springboard Preliminary,Preliminary,,A,1-6,Judge 2,J2,PAN Guangquin CHN
2002 FINA Diving World Cup,sevilla_2002_wc,MEN 1m Springboard Preliminary,Preliminary,,B,1-6,Judge 2,J2,SAKATA Yachiyo JPN
2002 FINA Diving World Cup,sevilla_2002_wc,MEN 1m Springboard Preliminary,Preliminary,,A,1-6,Judge 3,J3,VAGARD Grunde NOR
2002 FINA Diving World Cup,sevilla_2002_wc,MEN 1m Springboard Preliminary,Preliminary,,B,1-6,Judge 3,J3,PETERSON Gordon CAN
2002 FINA Diving World Cup,sevilla_2002_wc,MEN 1m Springboard Preliminary,Preliminary,,A,1-6,Judge 4,J4,KONIJNENBURG Franz NED
2002 FINA Diving World Cup,sevilla_2002_wc,MEN 1m Springboard Preliminary,Preliminary,,B,1-6,Judge 4,J4,BOOTHROYD Sydney GBR
2002 FINA Diving World Cup,sevilla_2002_wc,MEN 1m Springboard Preliminary,Preliminary,,A,1-6,Judge 5,J5,LLINAS Julian ESP
2002 FINA Diving World Cup,sevilla_2002_wc,MEN 1m Springboard Preliminary,Preliminary,,B,1-6,Judge 5,J5,ZAITSEV Oleg RUS
2002 FINA Diving World Cup,sevilla_2002_wc,MEN 1m Springboard Preliminary,Preliminary,,A,1-6,Judge 6,J6,GUEVARA Fredy VEN
2002 FINA Diving World Cup,sevilla_2002_wc,MEN 1m Springboard Preliminary,Preliminary,,B,1-6,Judge 6,J6,CALDERON Felix PUR
2002 FINA Diving World Cup,sevilla_2002_wc,MEN 1m Springboard Preliminary,Preliminary,,A,1-6,Judge 7,J7,NARYCHKIN Vladimir BLR
2002 FINA Diving World Cup,sevilla_2002_wc,MEN 1m Springboard Preliminary,Preliminary,,B,1-6,Judge 7,J7,CHONG Edwin MAL
2002 FINA Diving World Cup,sevilla_2002_wc,MEN 1m Springboard Final,Final,,single,1-6,Judge 5,J5,SAKATA Yachiyo JPN
2002 FINA Diving World Cup,sevilla_2002_wc,MEN 1m Springboard Final,Final,,single,1-6,Judge 1,J1,PULLAR Wendy AUS
2002 FINA Diving World Cup,sevilla_2002_wc,MEN 1m Springboard Final,Final,,single,1-6,Judge 6,J6,CALDERON Felix PUR
2002 FINA Diving World Cup,sevilla_2002_wc,MEN 1m Springboard Final,Final,,single,1-6,Judge 2,J2,KONIJNENBURG Franz NED
2002 FINA Diving World Cup,sevilla_2002_wc,MEN 1m Springboard Final,Final,,single,1-6,Judge 7,J7,CHONG Edwin MAL
2002 FINA Diving World Cup,sevilla_2002_wc,MEN 1m Springboard Final,Final,,single,1-6,Judge 3,J3,GUEVARA Fredy VEN
2002 FINA Diving World Cup,sevilla_2002_wc,MEN 1m Springboard Final,Final,,single,1-6,Judge 4,J4,NARYCHKIN Vladimir BLR
European Championships 2002 (Diving),berlin_2002_euro,MEN 3m Springboard Preliminary,Preliminary,,A,1-6,Judge 1,J1,NARYSHKIN Vladimir BLR
European Championships 2002 (Diving),berlin_2002_euro,MEN 3m Springboard Preliminary,Preliminary,,B,1-6,Judge 1,J1,ZAITSEV Oleg RUS
European Championships 2002 (Diving),berlin_2002_euro,MEN 3m Springboard Preliminary,Preliminary,,A,1-6,Judge 2,J2,LINDBERG Mathz SWE
European Championships 2002 (Diving),berlin_2002_euro,MEN 3m Springboard Preliminary,Preliminary,,B,1-6,Judge 2,J2,VAICIULIONYTE Jurate LTU
European Championships 2002 (Diving),berlin_2002_euro,MEN 3m Springboard Preliminary,Preliminary,,A,1-6,Judge 3,J3,FYRIGOU Georgia GRE
European Championships 2002 (Diving),berlin_2002_euro,MEN 3m Springboard Preliminary,Preliminary,,B,1-6,Judge 3,J3,DE MIRO Claudio ITA
European Championships 2002 (Diving),berlin_2002_euro,MEN 3m Springboard Preliminary,Preliminary,,A,1-6,Judge 4,J4,LLINAS Julian ESP
European Championships 2002 (Diving),berlin_2002_euro,MEN 3m Springboard Preliminary,Preliminary,,B,1-6,Judge 4,J4,SAUER Laszlo HUN
European Championships 2002 (Diving),berlin_2002_euro,MEN 3m Springboard Preliminary,Preliminary,,A,1-6,Judge 5,J5,KOMULAINEN Jari FIN
European Championships 2002 (Diving),berlin_2002_euro,MEN 3m Springboard Preliminary,Preliminary,,B,1-6,Judge 5,J5,KONIJNENBURG Frans NED
European Championships 2002 (Diving),berlin_2002_euro,MEN 3m Springboard Preliminary,Preliminary,,A,1-6,Judge 6,J6,TELEFSEN Arne NOR
European Championships 2002 (Diving),berlin_2002_euro,MEN 3m Springboard Preliminary,Preliminary,,B,1-6,Judge 6,J6,NOVOTNA Hana CZE
European Championships 2002 (Diving),berlin_2002_euro,MEN 3m Springboard Preliminary,Preliminary,,A,1-6,Judge 7,J7,FISCHER Margit GER
European Championships 2002 (Diving),berlin_2002_euro,MEN 3m Springboard Preliminary,Preliminary,,B,1-6,Judge 7,J7,BOOTHROYD Sydney GBR
European Championships 2002 (Diving),berlin_2002_euro,MEN 3m Springboard Final,Final,,single,1-6,Judge 5,J5,SAUER Laszlo HUN
European Championships 2002 (Diving),berlin_2002_euro,MEN 3m Springboard Final,Final,,single,1-6,Judge 1,J1,LINDBERG Mathz SWE
European Championships 2002 (Diving),berlin_2002_euro,MEN 3m Springboard Final,Final,,single,1-6,Judge 6,J6,VAICIULIONYTE Jurate LTU
European Championships 2002 (Diving),berlin_2002_euro,MEN 3m Springboard Final,Final,,single,1-6,Judge 2,J2,TELEFSEN Arne NOR
European Championships 2002 (Diving),berlin_2002_euro,MEN 3m Springboard Final,Final,,single,1-6,Judge 7,J7,KONIJNENBURG Frans NED
European Championships 2002 (Diving),berlin_2002_euro,MEN 3m Springboard Final,Final,,single,1-6,Judge 3,J3,BOOTHROYD Sydney GBR
European Championships 2002 (Diving),berlin_2002_euro,MEN 3m Springboard Final,Final,,single,1-6,Judge 4,J4,LLINAS Julian ESP
European Championships 2002 (Diving),berlin_2002_euro,WOMEN Platform Preliminary,Preliminary,,A,1-6,Judge 1,J1,LINDBERG Mathz SWE
European Championships 2002 (Diving),berlin_2002_euro,WOMEN Platform Preliminary,Preliminary,,B,1-6,Judge 1,J1,STRITT BURK Carmen SUI
European Championships 2002 (Diving),berlin_2002_euro,WOMEN Platform Preliminary,Preliminary,,A,1-6,Judge 2,J2,ZAITSEV Oleg RUS
European Championships 2002 (Diving),berlin_2002_euro,WOMEN Platform Preliminary,Preliminary,,B,1-6,Judge 2,J2,JOHNSON Bente NOR
European Championships 2002 (Diving),berlin_2002_euro,WOMEN Platform Preliminary,Preliminary,,A,1-6,Judge 3,J3,VAICIULIONYTE Jurate LTU
European Championships 2002 (Diving),berlin_2002_euro,WOMEN Platform Preliminary,Preliminary,,B,1-6,Judge 3,J3,DE MIRO Claudio ITA
European Championships 2002 (Diving),berlin_2002_euro,WOMEN Platform Preliminary,Preliminary,,A,1-6,Judge 4,J4,KELEMEN Ildiko HUN
European Championships 2002 (Diving),berlin_2002_euro,WOMEN Platform Preliminary,Preliminary,,B,1-6,Judge 4,J4,FYRIGOU Georgia GRE
European Championships 2002 (Diving),berlin_2002_euro,WOMEN Platform Preliminary,Preliminary,,A,1-6,Judge 5,J5,WELS Horst GER
European Championships 2002 (Diving),berlin_2002_euro,WOMEN Platform Preliminary,Preliminary,,B,1-6,Judge 5,J5,BOOTHROYD Sydney GBR
European Championships 2002 (Diving),berlin_2002_euro,WOMEN Platform Preliminary,Preliminary,,A,1-6,Judge 6,J6,MICHEL Denis FRA
European Championships 2002 (Diving),berlin_2002_euro,WOMEN Platform Preliminary,Preliminary,,B,1-6,Judge 6,J6,LLINAS Julian ESP
European Championships 2002 (Diving),berlin_2002_euro,WOMEN Platform Preliminary,Preliminary,,A,1-6,Judge 7,J7,NOVOTNA Hana CZE
European Championships 2002 (Diving),berlin_2002_euro,WOMEN Platform Preliminary,Preliminary,,B,1-6,Judge 7,J7,KUGLER Grete AUT
European Championships 2002 (Diving),berlin_2002_euro,MEN 1m Springboard Preliminary,Preliminary,,A,1-6,Judge 1,J1,BOOTHROYD Sydney GBR
European Championships 2002 (Diving),berlin_2002_euro,MEN 1m Springboard Preliminary,Preliminary,,B,1-6,Judge 1,J1,NOVOTNA Hana CZE
European Championships 2002 (Diving),berlin_2002_euro,MEN 1m Springboard Preliminary,Preliminary,,A,1-6,Judge 2,J2,FYRIGOU Georgia GRE
European Championships 2002 (Diving),berlin_2002_euro,MEN 1m Springboard Preliminary,Preliminary,,B,1-6,Judge 2,J2,LLINAS Julian ESP
European Championships 2002 (Diving),berlin_2002_euro,MEN 1m Springboard Preliminary,Preliminary,,A,1-6,Judge 3,J3,SAUER Laszlo HUN
European Championships 2002 (Diving),berlin_2002_euro,MEN 1m Springboard Preliminary,Preliminary,,B,1-6,Judge 3,J3,NARYSHKIN Vladimir BLR
European Championships 2002 (Diving),berlin_2002_euro,MEN 1m Springboard Preliminary,Preliminary,,A,1-6,Judge 4,J4,DE MIRO Claudio ITA
European Championships 2002 (Diving),berlin_2002_euro,MEN 1m Springboard Preliminary,Preliminary,,B,1-6,Judge 4,J4,KOMULAINEN Jari FIN
European Championships 2002 (Diving),berlin_2002_euro,MEN 1m Springboard Preliminary,Preliminary,,A,1-6,Judge 5,J5,ZAITSEV Oleg RUS
European Championships 2002 (Diving),berlin_2002_euro,MEN 1m Springboard Preliminary,Preliminary,,B,1-6,Judge 5,J5,FISCHER Margit GER
European Championships 2002 (Diving),berlin_2002_euro,MEN 1m Springboard Preliminary,Preliminary,,A,1-6,Judge 6,J6,MICHEL Denis FRA
European Championships 2002 (Diving),berlin_2002_euro,MEN 1m Springboard Preliminary,Preliminary,,B,1-6,Judge 6,J6,TELEFSEN Arne NOR
European Championships 2002 (Diving),berlin_2002_euro,MEN 1m Springboard Preliminary,Preliminary,,A,1-6,Judge 7,J7,LINDBERG Mathz SWE
European Championships 2002 (Diving),berlin_2002_euro,MEN 1m Springboard Preliminary,Preliminary,,B,1-6,Judge 7,J7,STRITT BURK Carmen SUI
European Championships 2002 (Diving),berlin_2002_euro,WOMEN Platform Final,Final,,single,1-6,Judge 5,J5,MICHEL Denis FRA
European Championships 2002 (Diving),berlin_2002_euro,WOMEN Platform Final,Final,,single,1-6,Judge 1,J1,STRITT BURK Carmen SUI
European Championships 2002 (Diving),berlin_2002_euro,WOMEN Platform Final,Final,,single,1-6,Judge 6,J6,FYRIGOU Georgia GRE
European Championships 2002 (Diving),berlin_2002_euro,WOMEN Platform Final,Final,,single,1-6,Judge 2,J2,NOVOTNA Hana CZE
European Championships 2002 (Diving),berlin_2002_euro,WOMEN Platform Final,Final,,single,1-6,Judge 7,J7,JOHNSON Bente NOR
European Championships 2002 (Diving),berlin_2002_euro,WOMEN Platform Final,Final,,single,1-6,Judge 3,J3,LINDBERG Mathz SWE
European Championships 2002 (Diving),berlin_2002_euro,WOMEN Platform Final,Final,,single,1-6,Judge 4,J4,KELEMEN Ildiko HUN
European Championships 2002 (Diving),berlin_2002_euro,WOMEN 1m Springboard Preliminary,Preliminary,,A,1-6,Judge 1,J1,LLINAS Julian ESP
European Championships 2002 (Diving),berlin_2002_euro,WOMEN 1m Springboard Preliminary,Preliminary,,B,1-6,Judge 1,J1,WELS Horst GER
European Championships 2002 (Diving),berlin_2002_euro,WOMEN 1m Springboard Preliminary,Preliminary,,A,1-6,Judge 2,J2,KOMULAINEN Jari FIN
European Championships 2002 (Diving),berlin_2002_euro,WOMEN 1m Springboard Preliminary,Preliminary,,B,1-6,Judge 2,J2,SAUER Laszlo HUN
European Championships 2002 (Diving),berlin_2002_euro,WOMEN 1m Springboard Preliminary,Preliminary,,A,1-6,Judge 3,J3,BOOTHROYD Sydney GBR
European Championships 2002 (Diving),berlin_2002_euro,WOMEN 1m Springboard Preliminary,Preliminary,,B,1-6,Judge 3,J3,DE MIRO Claudio ITA
European Championships 2002 (Diving),berlin_2002_euro,WOMEN 1m Springboard Preliminary,Preliminary,,A,1-6,Judge 4,J4,VAICIULIONYTE Jurate LTU
European Championships 2002 (Diving),berlin_2002_euro,WOMEN 1m Springboard Preliminary,Preliminary,,B,1-6,Judge 4,J4,JOHNSON Bente NOR
European Championships 2002 (Diving),berlin_2002_euro,WOMEN 1m Springboard Preliminary,Preliminary,,A,1-6,Judge 5,J5,CERMAKOVA Maria CZE
European Championships 2002 (Diving),berlin_2002_euro,WOMEN 1m Springboard Preliminary,Preliminary,,B,1-6,Judge 5,J5,LINDBERG Mathz SWE
European Championships 2002 (Diving),berlin_2002_euro,WOMEN 1m Springboard Preliminary,Preliminary,,A,1-6,Judge 6,J6,KONIJNENBURG Frans NED
European Championships 2002 (Diving),berlin_2002_euro,WOMEN 1m Springboard Preliminary,Preliminary,,B,1-6,Judge 6,J6,ZAITSEV Oleg RUS
European Championships 2002 (Diving),berlin_2002_euro,WOMEN 1m Springboard Preliminary,Preliminary,,A,1-6,Judge 7,J7,NARYSHKIN Vladimir BLR
European Championships 2002 (Diving),berlin_2002_euro,WOMEN 1m Springboard Preliminary,Preliminary,,B,1-6,Judge 7,J7,KUGLER Grete AUT
European Championships 2002 (Diving),berlin_2002_euro,MEN 1m Springboard Final,Final,,single,1-6,Judge 5,J5,NOVOTNA Hana CZE
European Championships 2002 (Diving),berlin_2002_euro,MEN 1m Springboard Final,Final,,single,1-6,Judge 1,J1,STRITT BURK Carmen SUI
European Championships 2002 (Diving),berlin_2002_euro,MEN 1m Springboard Final,Final,,single,1-6,Judge 6,J6,TELEFSEN Arne NOR
European Championships 2002 (Diving),berlin_2002_euro,MEN 1m Springboard Final,Final,,single,1-6,Judge 2,J2,NARYSHKIN Vladimir BLR
European Championships 2002 (Diving),berlin_2002_euro,MEN 1m Springboard Final,Final,,single,1-6,Judge 7,J7,BOOTHROYD Sydney GBR
European Championships 2002 (Diving),berlin_2002_euro,MEN 1m Springboard Final,Final,,single,1-6,Judge 3,J3,LINDBERG Mathz SWE
European Championships 2002 (Diving),berlin_2002_euro,MEN 1m Springboard Final,Final,,single,1-6,Judge 4,J4,MICHEL Denis FRA
European Championships 2002 (Diving),berlin_2002_euro,WOMEN 1m Springboard Final,Final,,single,1-6,Judge 5,J5,LLINAS Julian ESP
European Championships 2002 (Diving),berlin_2002_euro,WOMEN 1m Springboard Final,Final,,single,1-6,Judge 1,J1,CERMAKOVA Maria CZE
European Championships 2002 (Diving),berlin_2002_euro,WOMEN 1m Springboard Final,Final,,single,1-6,Judge 6,J6,KOMULAINEN Jari FIN
European Championships 2002 (Diving),berlin_2002_euro,WOMEN 1m Springboard Final,Final,,single,1-6,Judge 2,J2,LINDBERG Mathz SWE
European Championships 2002 (Diving),berlin_2002_euro,WOMEN 1m Springboard Final,Final,,single,1-6,Judge 7,J7,NARYSHKIN Vladimir BLR
European Championships 2002 (Diving),berlin_2002_euro,WOMEN 1m Springboard Final,Final,,single,1-6,Judge 3,J3,VAICIULIONYTE Jurate LTU
European Championships 2002 (Diving),berlin_2002_euro,WOMEN 1m Springboard Final,Final,,single,1-6,Judge 4,J4,BOOTHROYD Sydney GBR
European Championships 2002 (Diving),berlin_2002_euro,WOMEN 3m Springboard Preliminary,Preliminary,,A,1-6,Judge 1,J1,KOMULAINEN Jari FIN
European Championships 2002 (Diving),berlin_2002_euro,WOMEN 3m Springboard Preliminary,Preliminary,,B,1-6,Judge 1,J1,BOOTHROYD Sydney GBR
European Championships 2002 (Diving),berlin_2002_euro,WOMEN 3m Springboard Preliminary,Preliminary,,A,1-6,Judge 2,J2,MICHEL Denis FRA
European Championships 2002 (Diving),berlin_2002_euro,WOMEN 3m Springboard Preliminary,Preliminary,,B,1-6,Judge 2,J2,CERMAKOVA Maria CZE
European Championships 2002 (Diving),berlin_2002_euro,WOMEN 3m Springboard Preliminary,Preliminary,,A,1-6,Judge 3,J3,NARYSHKIN Vladimir BLR
European Championships 2002 (Diving),berlin_2002_euro,WOMEN 3m Springboard Preliminary,Preliminary,,B,1-6,Judge 3,J3,KUGLER Grete AUT
European Championships 2002 (Diving),berlin_2002_euro,WOMEN 3m Springboard Preliminary,Preliminary,,A,1-6,Judge 4,J4,DE MIRO Claudio ITA
European Championships 2002 (Diving),berlin_2002_euro,WOMEN 3m Springboard Preliminary,Preliminary,,B,1-6,Judge 4,J4,SAUER Laszlo HUN
European Championships 2002 (Diving),berlin_2002_euro,WOMEN 3m Springboard Preliminary,Preliminary,,A,1-6,Judge 5,J5,WELS Horst GER
European Championships 2002 (Diving),berlin_2002_euro,WOMEN 3m Springboard Preliminary,Preliminary,,B,1-6,Judge 5,J5,FYRIGOU Georgia GRE
European Championships 2002 (Diving),berlin_2002_euro,WOMEN 3m Springboard Preliminary,Preliminary,,A,1-6,Judge 6,J6,CRUZ Julia ESP
European Championships 2002 (Diving),berlin_2002_euro,WOMEN 3m Springboard Preliminary,Preliminary,,B,1-6,Judge 6,J6,ZAITSEV Oleg RUS
European Championships 2002 (Diving),berlin_2002_euro,WOMEN 3m Springboard Preliminary,Preliminary,,A,1-6,Judge 7,J7,VAICIULIONYTE Jurate LTU
European Championships 2002 (Diving),berlin_2002_euro,WOMEN 3m Springboard Preliminary,Preliminary,,B,1-6,Judge 7,J7,KONIJNENBURG Frans NED
European Championships 2002 (Diving),berlin_2002_euro,MEN Platform Preliminary,Preliminary,,A,1-6,Judge 1,J1,BOOTHROYD Sydney GBR
European Championships 2002 (Diving),berlin_2002_euro,MEN Platform Preliminary,Preliminary,,B,1-6,Judge 1,J1,FISCHER Margit GER
European Championships 2002 (Diving),berlin_2002_euro,MEN Platform Preliminary,Preliminary,,A,1-6,Judge 2,J2,DE MIRO Claudio ITA
European Championships 2002 (Diving),berlin_2002_euro,MEN Platform Preliminary,Preliminary,,B,1-6,Judge 2,J2,VAICIULIONYTE Jurate LTU
European Championships 2002 (Diving),berlin_2002_euro,MEN Platform Preliminary,Preliminary,,A,1-6,Judge 3,J3,CRUZ Julia ESP
European Championships 2002 (Diving),berlin_2002_euro,MEN Platform Preliminary,Preliminary,,B,1-6,Judge 3,J3,TELEFSEN Arne NOR
European Championships 2002 (Diving),berlin_2002_euro,MEN Platform Preliminary,Preliminary,,A,1-6,Judge 4,J4,ZAITSEV Oleg RUS
European Championships 2002 (Diving),berlin_2002_euro,MEN Platform Preliminary,Preliminary,,B,1-6,Judge 4,J4,LINDBERG Mathz SWE
European Championships 2002 (Diving),berlin_2002_euro,MEN Platform Preliminary,Preliminary,,A,1-6,Judge 5,J5,FYRIGOU Georgia GRE
European Championships 2002 (Diving),berlin_2002_euro,MEN Platform Preliminary,Preliminary,,B,1-6,Judge 5,J5,SAUER Laszlo HUN
European Championships 2002 (Diving),berlin_2002_euro,MEN Platform Preliminary,Preliminary,,A,1-6,Judge 6,J6,MICHEL Denis FRA
European Championships 2002 (Diving),berlin_2002_euro,MEN Platform Preliminary,Preliminary,,B,1-6,Judge 6,J6,KEJLBERG Dion DEN
European Championships 2002 (Diving),berlin_2002_euro,MEN Platform Preliminary,Preliminary,,A,1-6,Judge 7,J7,CERMAKOVA Maria CZE
European Championships 2002 (Diving),berlin_2002_euro,MEN Platform Preliminary,Preliminary,,B,1-6,Judge 7,J7,NARYSHKIN Vladimir BLR
European Championships 2002 (Diving),berlin_2002_euro,WOMEN 3m Springboard Final,Final,,single,1-6,Judge 5,J5,MICHEL Denis FRA
European Championships 2002 (Diving),berlin_2002_euro,WOMEN 3m Springboard Final,Final,,single,1-6,Judge 1,J1,CERMAKOVA Maria CZE
European Championships 2002 (Diving),berlin_2002_euro,WOMEN 3m Springboard Final,Final,,single,1-6,Judge 6,J6,VAICIULIONYTE Jurate LTU
European Championships 2002 (Diving),berlin_2002_euro,WOMEN 3m Springboard Final,Final,,single,1-6,Judge 2,J2,KUGLER Grete AUT
European Championships 2002 (Diving),berlin_2002_euro,WOMEN 3m Springboard Final,Final,,single,1-6,Judge 7,J7,STRITT BURK Carmen SUI
European Championships 2002 (Diving),berlin_2002_euro,WOMEN 3m Springboard Final,Final,,single,1-6,Judge 3,J3,CRUZ Julia ESP
European Championships 2002 (Diving),berlin_2002_euro,WOMEN 3m Springboard Final,Final,,single,1-6,Judge 4,J4,KOMULAINEN Jari FIN
European Championships 2002 (Diving),berlin_2002_euro,MEN Platform Final,Final,,single,1-6,Judge 5,J5,FYRIGOU Georgia GRE
European Championships 2002 (Diving),berlin_2002_euro,MEN Platform Final,Final,,single,1-6,Judge 1,J1,CERMAKOVA Maria CZE
European Championships 2002 (Diving),berlin_2002_euro,MEN Platform Final,Final,,single,1-6,Judge 6,J6,VAICIULIONYTE Jurate LTU
European Championships 2002 (Diving),berlin_2002_euro,MEN Platform Final,Final,,single,1-6,Judge 2,J2,KEJLBERG Dion DEN
European Championships 2002 (Diving),berlin_2002_euro,MEN Platform Final,Final,,single,1-6,Judge 7,J7,TELEFSEN Arne NOR
European Championships 2002 (Diving),berlin_2002_euro,MEN Platform Final,Final,,single,1-6,Judge 3,J3,CRUZ Julia ESP
European Championships 2002 (Diving),berlin_2002_euro,MEN Platform Final,Final,,single,1-6,Judge 4,J4,MICHEL Denis FRA
2003 Arena Diving Champions Cup,stockholm_2003_cc,MEN 3m Springboard Final,Final,,single,1-6,Judge 5,J5,MANZONI Renato ITA
2003 Arena Diving Champions Cup,stockholm_2003_cc,MEN 3m Springboard Final,Final,,single,1-6,Judge 1,J1,BOUSSARD Michel FRA
2003 Arena Diving Champions Cup,stockholm_2003_cc,MEN 3m Springboard Final,Final,,single,1-6,Judge 6,J6,STRITT BURK Carmen SUI
2003 Arena Diving Champions Cup,stockholm_2003_cc,MEN 3m Springboard Final,Final,,single,1-6,Judge 2,J2,AUNBIRK Lars DEN
2003 Arena Diving Champions Cup,stockholm_2003_cc,MEN 3m Springboard Final,Final,,single,1-6,Judge 7,J7,WORISCH Michael AUT
2003 Arena Diving Champions Cup,stockholm_2003_cc,MEN 3m Springboard Final,Final,,single,1-6,Judge 3,J3,GRODEM REINE Inger NOR
2003 Arena Diving Champions Cup,stockholm_2003_cc,MEN 3m Springboard Final,Final,,single,1-6,Judge 4,J4,SJOGREN Bo SWE
2003 Arena Diving Champions Cup,stockholm_2003_cc,MEN Platform Final,Final,,single,1-6,Judge 5,J5,SJOGREN Bo SWE
2003 Arena Diving Champions Cup,stockholm_2003_cc,MEN Platform Final,Final,,single,1-6,Judge 1,J1,BOUSSARD Michel FRA
2003 Arena Diving Champions Cup,stockholm_2003_cc,MEN Platform Final,Final,,single,1-6,Judge 6,J6,MANZONI Renato ITA
2003 Arena Diving Champions Cup,stockholm_2003_cc,MEN Platform Final,Final,,single,1-6,Judge 2,J2,WORISCH Michael AUT
2003 Arena Diving Champions Cup,stockholm_2003_cc,MEN Platform Final,Final,,single,1-6,Judge 7,J7,FYRIGOS Petros GRE
2003 Arena Diving Champions Cup,stockholm_2003_cc,MEN Platform Final,Final,,single,1-6,Judge 3,J3,VEGARD Jon Grunde NOR
2003 Arena Diving Champions Cup,stockholm_2003_cc,MEN Platform Final,Final,,single,1-6,Judge 4,J4,AUNBIRK Lars DEN
2003 Arena Diving Champions Cup,stockholm_2003_cc,WOMEN Platform Final,Final,,single,1-6,Judge 5,J5,VEGARD Jon Grunde NOR
2003 Arena Diving Champions Cup,stockholm_2003_cc,WOMEN Platform Final,Final,,single,1-6,Judge 1,J1,BERG Per SWE
2003 Arena Diving Champions Cup,stockholm_2003_cc,WOMEN Platform Final,Final,,single,1-6,Judge 6,J6,FYRIGOS Petros GRE
2003 Arena Diving Champions Cup,stockholm_2003_cc,WOMEN Platform Final,Final,,single,1-6,Judge 2,J2,KOMULAINEN Jari FIN
2003 Arena Diving Champions Cup,stockholm_2003_cc,WOMEN Platform Final,Final,,single,1-6,Judge 7,J7,ROULEV Vladimir RUS
2003 Arena Diving Champions Cup,stockholm_2003_cc,WOMEN Platform Final,Final,,single,1-6,Judge 3,J3,NARYSHKIN Vladzimir BLR
2003 Arena Diving Champions Cup,stockholm_2003_cc,WOMEN Platform Final,Final,,single,1-6,Judge 4,J4,LAW William GBR
2003 Arena Diving Champions Cup,stockholm_2003_cc,WOMEN 3m Springboard Final,Final,,single,1-6,Judge 5,J5,GRODEM REINE Inger NOR
2003 Arena Diving Champions Cup,stockholm_2003_cc,WOMEN 3m Springboard Final,Final,,single,1-6,Judge 1,J1,NARYSHKIN Vladzimir BLR
2003 Arena Diving Champions Cup,stockholm_2003_cc,WOMEN 3m Springboard Final,Final,,single,1-6,Judge 6,J6,BOUSSARD Michel FRA
2003 Arena Diving Champions Cup,stockholm_2003_cc,WOMEN 3m Springboard Final,Final,,single,1-6,Judge 2,J2,FISCHER Uwe GER
2003 Arena Diving Champions Cup,stockholm_2003_cc,WOMEN 3m Springboard Final,Final,,single,1-6,Judge 7,J7,KOMULAINEN Jari FIN
2003 Arena Diving Champions Cup,stockholm_2003_cc,WOMEN 3m Springboard Final,Final,,single,1-6,Judge 3,J3,KEJLBERG Dion DEN
2003 Arena Diving Champions Cup,stockholm_2003_cc,WOMEN 3m Springboard Final,Final,,single,1-6,Judge 4,J4,STRITT BURK Carmen SUI
10th FINA World Championships 2003 (Diving),barcelona_2003_wch,WOMEN 1m Springboard Preliminary,Preliminary,14 JUL 2003,A,1-6,Judge 1,J1,RUIZ Pedreguera CUB
10th FINA World Championships 2003 (Diving),barcelona_2003_wch,WOMEN 1m Springboard Preliminary,Preliminary,14 JUL 2003,B,1-6,Judge 1,J1,NOVOTNA Hana CZE
10th FINA World Championships 2003 (Diving),barcelona_2003_wch,WOMEN 1m Springboard Preliminary,Preliminary,14 JUL 2003,A,1-6,Judge 2,J2,FIRIGOU Georgia GRE
10th FINA World Championships 2003 (Diving),barcelona_2003_wch,WOMEN 1m Springboard Preliminary,Preliminary,14 JUL 2003,B,1-6,Judge 2,J2,MCFARLAND Steve USA
10th FINA World Championships 2003 (Diving),barcelona_2003_wch,WOMEN 1m Springboard Preliminary,Preliminary,14 JUL 2003,A,1-6,Judge 3,J3,GEAR Denis NZL
10th FINA World Championships 2003 (Diving),barcelona_2003_wch,WOMEN 1m Springboard Preliminary,Preliminary,14 JUL 2003,B,1-6,Judge 3,J3,SAKATA Yachiyo JPN
10th FINA World Championships 2003 (Diving),barcelona_2003_wch,WOMEN 1m Springboard Preliminary,Preliminary,14 JUL 2003,A,1-6,Judge 4,J4,LUZ EDSON Fernando BRA
10th FINA World Championships 2003 (Diving),barcelona_2003_wch,WOMEN 1m Springboard Preliminary,Preliminary,14 JUL 2003,B,1-6,Judge 4,J4,LLINAS Julian ESP
10th FINA World Championships 2003 (Diving),barcelona_2003_wch,WOMEN 1m Springboard Preliminary,Preliminary,14 JUL 2003,A,1-6,Judge 5,J5,DE MIRO Claudio ITA
10th FINA World Championships 2003 (Diving),barcelona_2003_wch,WOMEN 1m Springboard Preliminary,Preliminary,14 JUL 2003,B,1-6,Judge 5,J5,PULLAR Wendy AUS
10th FINA World Championships 2003 (Diving),barcelona_2003_wch,WOMEN 1m Springboard Preliminary,Preliminary,14 JUL 2003,A,1-6,Judge 6,J6,HASSAN Mustapha EGY
10th FINA World Championships 2003 (Diving),barcelona_2003_wch,WOMEN 1m Springboard Preliminary,Preliminary,14 JUL 2003,B,1-6,Judge 6,J6,CALDERON Felix PUR
10th FINA World Championships 2003 (Diving),barcelona_2003_wch,WOMEN 1m Springboard Preliminary,Preliminary,14 JUL 2003,A,1-6,Judge 7,J7,KONIJNENBURG Frans NED
10th FINA World Championships 2003 (Diving),barcelona_2003_wch,WOMEN 1m Springboard Preliminary,Preliminary,14 JUL 2003,B,1-6,Judge 7,J7,ZAITSEV Oleg RUS
10th FINA World Championships 2003 (Diving),barcelona_2003_wch,WOMEN 1m Springboard Semi-final A,Semifinal,14 JUL 2003,single,1-6,Judge 5,J5,CALDERON Felix PUR
10th FINA World Championships 2003 (Diving),barcelona_2003_wch,WOMEN 1m Springboard Semi-final A,Semifinal,14 JUL 2003,single,1-6,Judge 1,J1,RUIZ Pedreguera CUB
10th FINA World Championships 2003 (Diving),barcelona_2003_wch,WOMEN 1m Springboard Semi-final A,Semifinal,14 JUL 2003,single,1-6,Judge 6,J6,NOVOTNA Hana CZE
10th FINA World Championships 2003 (Diving),barcelona_2003_wch,WOMEN 1m Springboard Semi-final A,Semifinal,14 JUL 2003,single,1-6,Judge 2,J2,DE MIRO Claudio ITA
10th FINA World Championships 2003 (Diving),barcelona_2003_wch,WOMEN 1m Springboard Semi-final A,Semifinal,14 JUL 2003,single,1-6,Judge 7,J7,LLINAS Julian ESP
10th FINA World Championships 2003 (Diving),barcelona_2003_wch,WOMEN 1m Springboard Semi-final A,Semifinal,14 JUL 2003,single,1-6,Judge 3,J3,SAKATA Yachiyo JPN
10th FINA World Championships 2003 (Diving),barcelona_2003_wch,WOMEN 1m Springboard Semi-final A,Semifinal,14 JUL 2003,single,1-6,Judge 4,J4,FIRIGOU Georgia GRE
10th FINA World Championships 2003 (Diving),barcelona_2003_wch,WOMEN 1m Springboard Semi-final B,Semifinal,14 JUL 2003,single,1-6,Judge 5,J5,CALDERON Felix PUR
10th FINA World Championships 2003 (Diving),barcelona_2003_wch,WOMEN 1m Springboard Semi-final B,Semifinal,14 JUL 2003,single,1-6,Judge 1,J1,RUIZ Pedreguera CUB
10th FINA World Championships 2003 (Diving),barcelona_2003_wch,WOMEN 1m Springboard Semi-final B,Semifinal,14 JUL 2003,single,1-6,Judge 6,J6,NOVOTNA Hana CZE
10th FINA World Championships 2003 (Diving),barcelona_2003_wch,WOMEN 1m Springboard Semi-final B,Semifinal,14 JUL 2003,single,1-6,Judge 2,J2,DE MIRO Claudio ITA
10th FINA World Championships 2003 (Diving),barcelona_2003_wch,WOMEN 1m Springboard Semi-final B,Semifinal,14 JUL 2003,single,1-6,Judge 7,J7,LLINAS Julian ESP
10th FINA World Championships 2003 (Diving),barcelona_2003_wch,WOMEN 1m Springboard Semi-final B,Semifinal,14 JUL 2003,single,1-6,Judge 3,J3,SAKATA Yachiyo JPN
10th FINA World Championships 2003 (Diving),barcelona_2003_wch,WOMEN 1m Springboard Semi-final B,Semifinal,14 JUL 2003,single,1-6,Judge 4,J4,FIRIGOU Georgia GRE
10th FINA World Championships 2003 (Diving),barcelona_2003_wch,WOMEN 1m Springboard Final,Final,14 JUL 2003,single,1-6,Judge 5,J5,CALDERON Felix PUR
10th FINA World Championships 2003 (Diving),barcelona_2003_wch,WOMEN 1m Springboard Final,Final,14 JUL 2003,single,1-6,Judge 1,J1,RUIZ Pedreguera CUB
10th FINA World Championships 2003 (Diving),barcelona_2003_wch,WOMEN 1m Springboard Final,Final,14 JUL 2003,single,1-6,Judge 6,J6,NOVOTNA Hana CZE
10th FINA World Championships 2003 (Diving),barcelona_2003_wch,WOMEN 1m Springboard Final,Final,14 JUL 2003,single,1-6,Judge 2,J2,DE MIRO Claudio ITA
10th FINA World Championships 2003 (Diving),barcelona_2003_wch,WOMEN 1m Springboard Final,Final,14 JUL 2003,single,1-6,Judge 7,J7,LLINAS Julian ESP
10th FINA World Championships 2003 (Diving),barcelona_2003_wch,WOMEN 1m Springboard Final,Final,14 JUL 2003,single,1-6,Judge 3,J3,SAKATA Yachiyo JPN
10th FINA World Championships 2003 (Diving),barcelona_2003_wch,WOMEN 1m Springboard Final,Final,14 JUL 2003,single,1-6,Judge 4,J4,FIRIGOU Georgia GRE
10th FINA World Championships 2003 (Diving),barcelona_2003_wch,MEN 3m Springboard Preliminary,Preliminary,15 JUL 2003,A,1-6,Judge 1,J1,LINDBERG Mathz SWE
10th FINA World Championships 2003 (Diving),barcelona_2003_wch,MEN 3m Springboard Preliminary,Preliminary,15 JUL 2003,B,1-6,Judge 1,J1,BOOTHROYD Sydney GBR
10th FINA World Championships 2003 (Diving),barcelona_2003_wch,MEN 3m Springboard Preliminary,Preliminary,15 JUL 2003,A,1-6,Judge 2,J2,BOYS Beverly CAN
10th FINA World Championships 2003 (Diving),barcelona_2003_wch,MEN 3m Springboard Preliminary,Preliminary,15 JUL 2003,B,1-6,Judge 2,J2,RUIZ Pedreguera CUB
10th FINA World Championships 2003 (Diving),barcelona_2003_wch,MEN 3m Springboard Preliminary,Preliminary,15 JUL 2003,A,1-6,Judge 3,J3,LIN Shizhong CHN
10th FINA World Championships 2003 (Diving),barcelona_2003_wch,MEN 3m Springboard Preliminary,Preliminary,15 JUL 2003,B,1-6,Judge 3,J3,GEAR Denis NZL
10th FINA World Championships 2003 (Diving),barcelona_2003_wch,MEN 3m Springboard Preliminary,Preliminary,15 JUL 2003,A,1-6,Judge 4,J4,ALT Walter GER
10th FINA World Championships 2003 (Diving),barcelona_2003_wch,MEN 3m Springboard Preliminary,Preliminary,15 JUL 2003,B,1-6,Judge 4,J4,KONIJNENBURG Frans NED
10th FINA World Championships 2003 (Diving),barcelona_2003_wch,MEN 3m Springboard Preliminary,Preliminary,15 JUL 2003,A,1-6,Judge 5,J5,ACOSTA Alberto MEX
10th FINA World Championships 2003 (Diving),barcelona_2003_wch,MEN 3m Springboard Preliminary,Preliminary,15 JUL 2003,B,1-6,Judge 5,J5,LUZ EDSON Fernando BRA
10th FINA World Championships 2003 (Diving),barcelona_2003_wch,MEN 3m Springboard Preliminary,Preliminary,15 JUL 2003,A,1-6,Judge 6,J6,NOVOTNA Hana CZE
10th FINA World Championships 2003 (Diving),barcelona_2003_wch,MEN 3m Springboard Preliminary,Preliminary,15 JUL 2003,B,1-6,Judge 6,J6,PULLAR Wendy AUS
10th FINA World Championships 2003 (Diving),barcelona_2003_wch,MEN 3m Springboard Preliminary,Preliminary,15 JUL 2003,A,1-6,Judge 7,J7,KELEMEN Ildiko HUN
10th FINA World Championships 2003 (Diving),barcelona_2003_wch,MEN 3m Springboard Preliminary,Preliminary,15 JUL 2003,B,1-6,Judge 7,J7,LLINAS Julian ESP
10th FINA World Championships 2003 (Diving),barcelona_2003_wch,MEN 3m Springboard Semi-final,Semifinal,15 JUL 2003,A,1-6,Judge 1,J1,LINDBERG Mathz SWE
10th FINA World Championships 2003 (Diving),barcelona_2003_wch,MEN 3m Springboard Semi-final,Semifinal,15 JUL 2003,B,1-6,Judge 1,J1,BOOTHROYD Sydney GBR
10th FINA World Championships 2003 (Diving),barcelona_2003_wch,MEN 3m Springboard Semi-final,Semifinal,15 JUL 2003,A,1-6,Judge 2,J2,BOYS Beverly CAN
10th FINA World Championships 2003 (Diving),barcelona_2003_wch,MEN 3m Springboard Semi-final,Semifinal,15 JUL 2003,B,1-6,Judge 2,J2,RUIZ Pedreguera CUB
10th FINA World Championships 2003 (Diving),barcelona_2003_wch,MEN 3m Springboard Semi-final,Semifinal,15 JUL 2003,A,1-6,Judge 3,J3,LIN Shizhong CHN
10th FINA World Championships 2003 (Diving),barcelona_2003_wch,MEN 3m Springboard Semi-final,Semifinal,15 JUL 2003,B,1-6,Judge 3,J3,GEAR Denis NZL
10th FINA World Championships 2003 (Diving),barcelona_2003_wch,MEN 3m Springboard Semi-final,Semifinal,15 JUL 2003,A,1-6,Judge 4,J4,ALT Walter GER
10th FINA World Championships 2003 (Diving),barcelona_2003_wch,MEN 3m Springboard Semi-final,Semifinal,15 JUL 2003,B,1-6,Judge 4,J4,KONIJNENBURG Frans NED
10th FINA World Championships 2003 (Diving),barcelona_2003_wch,MEN 3m Springboard Semi-final,Semifinal,15 JUL 2003,A,1-6,Judge 5,J5,ACOSTA Alberto MEX
10th FINA World Championships 2003 (Diving),barcelona_2003_wch,MEN 3m Springboard Semi-final,Semifinal,15 JUL 2003,B,1-6,Judge 5,J5,LUZ EDSON Fernando BRA
10th FINA World Championships 2003 (Diving),barcelona_2003_wch,MEN 3m Springboard Semi-final,Semifinal,15 JUL 2003,A,1-6,Judge 6,J6,NOVOTNA Hana CZE
10th FINA World Championships 2003 (Diving),barcelona_2003_wch,MEN 3m Springboard Semi-final,Semifinal,15 JUL 2003,B,1-6,Judge 6,J6,PULLAR Wendy AUS
10th FINA World Championships 2003 (Diving),barcelona_2003_wch,MEN 3m Springboard Semi-final,Semifinal,15 JUL 2003,A,1-6,Judge 7,J7,KELEMEN Ildiko HUN
10th FINA World Championships 2003 (Diving),barcelona_2003_wch,MEN 3m Springboard Semi-final,Semifinal,15 JUL 2003,B,1-6,Judge 7,J7,LLINAS Julian ESP
10th FINA World Championships 2003 (Diving),barcelona_2003_wch,MEN 3m Springboard Final,Final,15 JUL 2003,single,1-6,Judge 5,J5,ALT Walter GER
10th FINA World Championships 2003 (Diving),barcelona_2003_wch,MEN 3m Springboard Final,Final,15 JUL 2003,single,1-6,Judge 1,J1,LINDBERG Mathz SWE
10th FINA World Championships 2003 (Diving),barcelona_2003_wch,MEN 3m Springboard Final,Final,15 JUL 2003,single,1-6,Judge 6,J6,GEAR Denis NZL
10th FINA World Championships 2003 (Diving),barcelona_2003_wch,MEN 3m Springboard Final,Final,15 JUL 2003,single,1-6,Judge 2,J2,ACOSTA Alberto MEX
10th FINA World Championships 2003 (Diving),barcelona_2003_wch,MEN 3m Springboard Final,Final,15 JUL 2003,single,1-6,Judge 7,J7,LLINAS Julian ESP
10th FINA World Championships 2003 (Diving),barcelona_2003_wch,MEN 3m Springboard Final,Final,15 JUL 2003,single,1-6,Judge 3,J3,KELEMEN Ildiko HUN
10th FINA World Championships 2003 (Diving),barcelona_2003_wch,MEN 3m Springboard Final,Final,15 JUL 2003,single,1-6,Judge 4,J4,RUIZ Pedreguera CUB
10th FINA World Championships 2003 (Diving),barcelona_2003_wch,WOMEN Platform Preliminary,Preliminary,16 JUL 2003,A,1-6,Judge 1,J1,DE MIRO Claudio ITA
10th FINA World Championships 2003 (Diving),barcelona_2003_wch,WOMEN Platform Preliminary,Preliminary,16 JUL 2003,B,1-6,Judge 1,J1,ACOSTA Alberto MEX
10th FINA World Championships 2003 (Diving),barcelona_2003_wch,WOMEN Platform Preliminary,Preliminary,16 JUL 2003,A,1-6,Judge 2,J2,MCFARLAND Steve USA
10th FINA World Championships 2003 (Diving),barcelona_2003_wch,WOMEN Platform Preliminary,Preliminary,16 JUL 2003,B,1-6,Judge 2,J2,CALDERON Felix PUR
10th FINA World Championships 2003 (Diving),barcelona_2003_wch,WOMEN Platform Preliminary,Preliminary,16 JUL 2003,A,1-6,Judge 3,J3,SAKATA Yachiyo JPN
10th FINA World Championships 2003 (Diving),barcelona_2003_wch,WOMEN Platform Preliminary,Preliminary,16 JUL 2003,B,1-6,Judge 3,J3,HASSAN Mustapha EGY
10th FINA World Championships 2003 (Diving),barcelona_2003_wch,WOMEN Platform Preliminary,Preliminary,16 JUL 2003,A,1-6,Judge 4,J4,ZAITSEV Oleg RUS
10th FINA World Championships 2003 (Diving),barcelona_2003_wch,WOMEN Platform Preliminary,Preliminary,16 JUL 2003,B,1-6,Judge 4,J4,LINDBERG Mathz SWE
10th FINA World Championships 2003 (Diving),barcelona_2003_wch,WOMEN Platform Preliminary,Preliminary,16 JUL 2003,A,1-6,Judge 5,J5,BOOTHROYD Sydney GBR
10th FINA World Championships 2003 (Diving),barcelona_2003_wch,WOMEN Platform Preliminary,Preliminary,16 JUL 2003,B,1-6,Judge 5,J5,LIN Shizhong CHN
10th FINA World Championships 2003 (Diving),barcelona_2003_wch,WOMEN Platform Preliminary,Preliminary,16 JUL 2003,A,1-6,Judge 6,J6,RUIZ Pedreguera CUB
10th FINA World Championships 2003 (Diving),barcelona_2003_wch,WOMEN Platform Preliminary,Preliminary,16 JUL 2003,B,1-6,Judge 6,J6,BOYS Beverly CAN
10th FINA World Championships 2003 (Diving),barcelona_2003_wch,WOMEN Platform Preliminary,Preliminary,16 JUL 2003,A,1-6,Judge 7,J7,FIRIGOU Georgia GRE
10th FINA World Championships 2003 (Diving),barcelona_2003_wch,WOMEN Platform Preliminary,Preliminary,16 JUL 2003,B,1-6,Judge 7,J7,ALT Walter GER
10th FINA World Championships 2003 (Diving),barcelona_2003_wch,WOMEN Platform Semi-final,Semifinal,16 JUL 2003,A,1-6,Judge 1,J1,DE MIRO Claudio ITA
10th FINA World Championships 2003 (Diving),barcelona_2003_wch,WOMEN Platform Semi-final,Semifinal,16 JUL 2003,B,1-6,Judge 1,J1,ACOSTA Alberto MEX
10th FINA World Championships 2003 (Diving),barcelona_2003_wch,WOMEN Platform Semi-final,Semifinal,16 JUL 2003,A,1-6,Judge 2,J2,MCFARLAND Steve USA
10th FINA World Championships 2003 (Diving),barcelona_2003_wch,WOMEN Platform Semi-final,Semifinal,16 JUL 2003,B,1-6,Judge 2,J2,CALDERON Felix PUR
10th FINA World Championships 2003 (Diving),barcelona_2003_wch,WOMEN Platform Semi-final,Semifinal,16 JUL 2003,A,1-6,Judge 3,J3,SAKATA Yachiyo JPN
10th FINA World Championships 2003 (Diving),barcelona_2003_wch,WOMEN Platform Semi-final,Semifinal,16 JUL 2003,B,1-6,Judge 3,J3,HASSAN Mustapha EGY
10th FINA World Championships 2003 (Diving),barcelona_2003_wch,WOMEN Platform Semi-final,Semifinal,16 JUL 2003,A,1-6,Judge 4,J4,ZAITSEV Oleg RUS
10th FINA World Championships 2003 (Diving),barcelona_2003_wch,WOMEN Platform Semi-final,Semifinal,16 JUL 2003,B,1-6,Judge 4,J4,LINDBERG Mathz SWE
10th FINA World Championships 2003 (Diving),barcelona_2003_wch,WOMEN Platform Semi-final,Semifinal,16 JUL 2003,A,1-6,Judge 5,J5,BOOTHROYD Sydney GBR
10th FINA World Championships 2003 (Diving),barcelona_2003_wch,WOMEN Platform Semi-final,Semifinal,16 JUL 2003,B,1-6,Judge 5,J5,LIN Shizhong CHN
10th FINA World Championships 2003 (Diving),barcelona_2003_wch,WOMEN Platform Semi-final,Semifinal,16 JUL 2003,A,1-6,Judge 6,J6,RUIZ Pedreguera CUB
10th FINA World Championships 2003 (Diving),barcelona_2003_wch,WOMEN Platform Semi-final,Semifinal,16 JUL 2003,B,1-6,Judge 6,J6,BOYS Beverly CAN
10th FINA World Championships 2003 (Diving),barcelona_2003_wch,WOMEN Platform Semi-final,Semifinal,16 JUL 2003,A,1-6,Judge 7,J7,FIRIGOU Georgia GRE
10th FINA World Championships 2003 (Diving),barcelona_2003_wch,WOMEN Platform Semi-final,Semifinal,16 JUL 2003,B,1-6,Judge 7,J7,ALT Walter GER
10th FINA World Championships 2003 (Diving),barcelona_2003_wch,WOMEN Platform Final,Final,16 JUL 2003,single,1-6,Judge 5,J5,ACOSTA Alberto MEX
10th FINA World Championships 2003 (Diving),barcelona_2003_wch,WOMEN Platform Final,Final,16 JUL 2003,single,1-6,Judge 1,J1,BOOTHROYD Sydney GBR
10th FINA World Championships 2003 (Diving),barcelona_2003_wch,WOMEN Platform Final,Final,16 JUL 2003,single,1-6,Judge 6,J6,LINDBERG Mathz SWE
10th FINA World Championships 2003 (Diving),barcelona_2003_wch,WOMEN Platform Final,Final,16 JUL 2003,single,1-6,Judge 2,J2,RUIZ Pedreguera CUB
10th FINA World Championships 2003 (Diving),barcelona_2003_wch,WOMEN Platform Final,Final,16 JUL 2003,single,1-6,Judge 7,J7,NOVOTNA Hana CZE
10th FINA World Championships 2003 (Diving),barcelona_2003_wch,WOMEN Platform Final,Final,16 JUL 2003,single,1-6,Judge 3,J3,GEAR Denis NZL
10th FINA World Championships 2003 (Diving),barcelona_2003_wch,WOMEN Platform Final,Final,16 JUL 2003,single,1-6,Judge 4,J4,FIRIGOU Georgia GRE
10th FINA World Championships 2003 (Diving),barcelona_2003_wch,MEN 1m Springboard Preliminary,Preliminary,17 JUL 2003,A,1-6,Judge 1,J1,LLINAS Julian ESP
10th FINA World Championships 2003 (Diving),barcelona_2003_wch,MEN 1m Springboard Preliminary,Preliminary,17 JUL 2003,B,1-6,Judge 1,J1,KELEMEN Ildiko HUN
10th FINA World Championships 2003 (Diving),barcelona_2003_wch,MEN 1m Springboard Preliminary,Preliminary,17 JUL 2003,A,1-6,Judge 2,J2,CALDERON Felix PUR
10th FINA World Championships 2003 (Diving),barcelona_2003_wch,MEN 1m Springboard Preliminary,Preliminary,17 JUL 2003,B,1-6,Judge 2,J2,SAKATA Yachiyo JPN
10th FINA World Championships 2003 (Diving),barcelona_2003_wch,MEN 1m Springboard Preliminary,Preliminary,17 JUL 2003,A,1-6,Judge 3,J3,PULLAR Wendy AUS
10th FINA World Championships 2003 (Diving),barcelona_2003_wch,MEN 1m Springboard Preliminary,Preliminary,17 JUL 2003,B,1-6,Judge 3,J3,RUIZ Pedreguera CUB
10th FINA World Championships 2003 (Diving),barcelona_2003_wch,MEN 1m Springboard Preliminary,Preliminary,17 JUL 2003,A,1-6,Judge 4,J4,KONIJNENBURG Frans NED
10th FINA World Championships 2003 (Diving),barcelona_2003_wch,MEN 1m Springboard Preliminary,Preliminary,17 JUL 2003,B,1-6,Judge 4,J4,ZAITSEV Oleg RUS
10th FINA World Championships 2003 (Diving),barcelona_2003_wch,MEN 1m Springboard Preliminary,Preliminary,17 JUL 2003,A,1-6,Judge 5,J5,BOYS Beverly CAN
10th FINA World Championships 2003 (Diving),barcelona_2003_wch,MEN 1m Springboard Preliminary,Preliminary,17 JUL 2003,B,1-6,Judge 5,J5,LUZ EDSON Fernando BRA
10th FINA World Championships 2003 (Diving),barcelona_2003_wch,MEN 1m Springboard Preliminary,Preliminary,17 JUL 2003,A,1-6,Judge 6,J6,LIN Shizhong CHN
10th FINA World Championships 2003 (Diving),barcelona_2003_wch,MEN 1m Springboard Preliminary,Preliminary,17 JUL 2003,B,1-6,Judge 6,J6,GEAR Denis NZL
10th FINA World Championships 2003 (Diving),barcelona_2003_wch,MEN 1m Springboard Preliminary,Preliminary,17 JUL 2003,A,1-6,Judge 7,J7,BOOTHROYD Sydney GBR
10th FINA World Championships 2003 (Diving),barcelona_2003_wch,MEN 1m Springboard Preliminary,Preliminary,17 JUL 2003,B,1-6,Judge 7,J7,LINDBERG Mathz SWE
10th FINA World Championships 2003 (Diving),barcelona_2003_wch,MEN 1m Springboard Semi-final A,Semifinal,17 JUL 2003,single,1-6,Judge 5,J5,RUIZ Pedreguera CUB
10th FINA World Championships 2003 (Diving),barcelona_2003_wch,MEN 1m Springboard Semi-final A,Semifinal,17 JUL 2003,single,1-6,Judge 1,J1,KONIJNENBURG Frans NED
10th FINA World Championships 2003 (Diving),barcelona_2003_wch,MEN 1m Springboard Semi-final A,Semifinal,17 JUL 2003,single,1-6,Judge 6,J6,GEAR Denis NZL
10th FINA World Championships 2003 (Diving),barcelona_2003_wch,MEN 1m Springboard Semi-final A,Semifinal,17 JUL 2003,single,1-6,Judge 2,J2,BOYS Beverly CAN
10th FINA World Championships 2003 (Diving),barcelona_2003_wch,MEN 1m Springboard Semi-final A,Semifinal,17 JUL 2003,single,1-6,Judge 7,J7,LINDBERG Mathz SWE
10th FINA World Championships 2003 (Diving),barcelona_2003_wch,MEN 1m Springboard Semi-final A,Semifinal,17 JUL 2003,single,1-6,Judge 3,J3,BOOTHROYD Sydney GBR
10th FINA World Championships 2003 (Diving),barcelona_2003_wch,MEN 1m Springboard Semi-final A,Semifinal,17 JUL 2003,single,1-6,Judge 4,J4,SAKATA Yachiyo JPN
10th FINA World Championships 2003 (Diving),barcelona_2003_wch,MEN 1m Springboard Semi-final B,Semifinal,17 JUL 2003,single,1-6,Judge 5,J5,RUIZ Pedreguera CUB
10th FINA World Championships 2003 (Diving),barcelona_2003_wch,MEN 1m Springboard Semi-final B,Semifinal,17 JUL 2003,single,1-6,Judge 1,J1,KONIJNENBURG Frans NED
10th FINA World Championships 2003 (Diving),barcelona_2003_wch,MEN 1m Springboard Semi-final B,Semifinal,17 JUL 2003,single,1-6,Judge 6,J6,GEAR Denis NZL
10th FINA World Championships 2003 (Diving),barcelona_2003_wch,MEN 1m Springboard Semi-final B,Semifinal,17 JUL 2003,single,1-6,Judge 2,J2,BOYS Beverly CAN
10th FINA World Championships 2003 (Diving),barcelona_2003_wch,MEN 1m Springboard Semi-final B,Semifinal,17 JUL 2003,single,1-6,Judge 7,J7,LINDBERG Mathz SWE
10th FINA World Championships 2003 (Diving),barcelona_2003_wch,MEN 1m Springboard Semi-final B,Semifinal,17 JUL 2003,single,1-6,Judge 3,J3,BOOTHROYD Sydney GBR
10th FINA World Championships 2003 (Diving),barcelona_2003_wch,MEN 1m Springboard Semi-final B,Semifinal,17 JUL 2003,single,1-6,Judge 4,J4,SAKATA Yachiyo JPN
10th FINA World Championships 2003 (Diving),barcelona_2003_wch,MEN 1m Springboard Final,Final,17 JUL 2003,single,1-6,Judge 5,J5,RUIZ Pedreguera CUB
10th FINA World Championships 2003 (Diving),barcelona_2003_wch,MEN 1m Springboard Final,Final,17 JUL 2003,single,1-6,Judge 1,J1,KONIJNENBURG Frans NED
10th FINA World Championships 2003 (Diving),barcelona_2003_wch,MEN 1m Springboard Final,Final,17 JUL 2003,single,1-6,Judge 6,J6,GEAR Denis NZL
10th FINA World Championships 2003 (Diving),barcelona_2003_wch,MEN 1m Springboard Final,Final,17 JUL 2003,single,1-6,Judge 2,J2,BOYS Beverly CAN
10th FINA World Championships 2003 (Diving),barcelona_2003_wch,MEN 1m Springboard Final,Final,17 JUL 2003,single,1-6,Judge 7,J7,LINDBERG Mathz SWE
10th FINA World Championships 2003 (Diving),barcelona_2003_wch,MEN 1m Springboard Final,Final,17 JUL 2003,single,1-6,Judge 3,J3,BOOTHROYD Sydney GBR
10th FINA World Championships 2003 (Diving),barcelona_2003_wch,MEN 1m Springboard Final,Final,17 JUL 2003,single,1-6,Judge 4,J4,SAKATA Yachiyo JPN
10th FINA World Championships 2003 (Diving),barcelona_2003_wch,WOMEN 3m Springboard Preliminary,Preliminary,18 JUL 2003,A,1-6,Judge 1,J1,ALT Walter GER
10th FINA World Championships 2003 (Diving),barcelona_2003_wch,WOMEN 3m Springboard Preliminary,Preliminary,18 JUL 2003,B,1-6,Judge 1,J1,LLINAS Julian ESP
10th FINA World Championships 2003 (Diving),barcelona_2003_wch,WOMEN 3m Springboard Preliminary,Preliminary,18 JUL 2003,A,1-6,Judge 2,J2,ACOSTA Alberto MEX
10th FINA World Championships 2003 (Diving),barcelona_2003_wch,WOMEN 3m Springboard Preliminary,Preliminary,18 JUL 2003,B,1-6,Judge 2,J2,CALDERON Felix PUR
10th FINA World Championships 2003 (Diving),barcelona_2003_wch,WOMEN 3m Springboard Preliminary,Preliminary,18 JUL 2003,A,1-6,Judge 3,J3,HASSAN Mustapha EGY
10th FINA World Championships 2003 (Diving),barcelona_2003_wch,WOMEN 3m Springboard Preliminary,Preliminary,18 JUL 2003,B,1-6,Judge 3,J3,KONIJNENBURG Frans NED
10th FINA World Championships 2003 (Diving),barcelona_2003_wch,WOMEN 3m Springboard Preliminary,Preliminary,18 JUL 2003,A,1-6,Judge 4,J4,DE MIRO Claudio ITA
10th FINA World Championships 2003 (Diving),barcelona_2003_wch,WOMEN 3m Springboard Preliminary,Preliminary,18 JUL 2003,B,1-6,Judge 4,J4,PULLAR Wendy AUS
10th FINA World Championships 2003 (Diving),barcelona_2003_wch,WOMEN 3m Springboard Preliminary,Preliminary,18 JUL 2003,A,1-6,Judge 5,J5,KELEMEN Ildiko HUN
10th FINA World Championships 2003 (Diving),barcelona_2003_wch,WOMEN 3m Springboard Preliminary,Preliminary,18 JUL 2003,B,1-6,Judge 5,J5,SAKATA Yachiyo JPN
10th FINA World Championships 2003 (Diving),barcelona_2003_wch,WOMEN 3m Springboard Preliminary,Preliminary,18 JUL 2003,A,1-6,Judge 6,J6,MCFARLAND Steve USA
10th FINA World Championships 2003 (Diving),barcelona_2003_wch,WOMEN 3m Springboard Preliminary,Preliminary,18 JUL 2003,B,1-6,Judge 6,J6,BOYS Beverly CAN
10th FINA World Championships 2003 (Diving),barcelona_2003_wch,WOMEN 3m Springboard Preliminary,Preliminary,18 JUL 2003,A,1-6,Judge 7,J7,FIRIGOU Georgia GRE
10th FINA World Championships 2003 (Diving),barcelona_2003_wch,WOMEN 3m Springboard Preliminary,Preliminary,18 JUL 2003,B,1-6,Judge 7,J7,ZAITSEV Oleg RUS
10th FINA World Championships 2003 (Diving),barcelona_2003_wch,WOMEN 3m Springboard Semi-final,Semifinal,18 JUL 2003,A,1-6,Judge 1,J1,LLINAS Julian ESP
10th FINA World Championships 2003 (Diving),barcelona_2003_wch,WOMEN 3m Springboard Semi-final,Semifinal,18 JUL 2003,B,1-6,Judge 1,J1,ALT Walter GER
10th FINA World Championships 2003 (Diving),barcelona_2003_wch,WOMEN 3m Springboard Semi-final,Semifinal,18 JUL 2003,A,1-6,Judge 2,J2,CALDERON Felix PUR
10th FINA World Championships 2003 (Diving),barcelona_2003_wch,WOMEN 3m Springboard Semi-final,Semifinal,18 JUL 2003,B,1-6,Judge 2,J2,ACOSTA Alberto MEX
10th FINA World Championships 2003 (Diving),barcelona_2003_wch,WOMEN 3m Springboard Semi-final,Semifinal,18 JUL 2003,A,1-6,Judge 3,J3,KONIJNENBURG Frans NED
10th FINA World Championships 2003 (Diving),barcelona_2003_wch,WOMEN 3m Springboard Semi-final,Semifinal,18 JUL 2003,B,1-6,Judge 3,J3,HASSAN Mustapha EGY
10th FINA World Championships 2003 (Diving),barcelona_2003_wch,WOMEN 3m Springboard Semi-final,Semifinal,18 JUL 2003,A,1-6,Judge 4,J4,PULLAR Wendy AUS
10th FINA World Championships 2003 (Diving),barcelona_2003_wch,WOMEN 3m Springboard Semi-final,Semifinal,18 JUL 2003,B,1-6,Judge 4,J4,DE MIRO Claudio ITA
10th FINA World Championships 2003 (Diving),barcelona_2003_wch,WOMEN 3m Springboard Semi-final,Semifinal,18 JUL 2003,A,1-6,Judge 5,J5,SAKATA Yachiyo JPN
10th FINA World Championships 2003 (Diving),barcelona_2003_wch,WOMEN 3m Springboard Semi-final,Semifinal,18 JUL 2003,B,1-6,Judge 5,J5,KELEMEN Ildiko HUN
10th FINA World Championships 2003 (Diving),barcelona_2003_wch,WOMEN 3m Springboard Semi-final,Semifinal,18 JUL 2003,A,1-6,Judge 6,J6,BOYS Beverly CAN
10th FINA World Championships 2003 (Diving),barcelona_2003_wch,WOMEN 3m Springboard Semi-final,Semifinal,18 JUL 2003,B,1-6,Judge 6,J6,MCFARLAND Steve USA
10th FINA World Championships 2003 (Diving),barcelona_2003_wch,WOMEN 3m Springboard Semi-final,Semifinal,18 JUL 2003,A,1-6,Judge 7,J7,ZAITSEV Oleg RUS
10th FINA World Championships 2003 (Diving),barcelona_2003_wch,WOMEN 3m Springboard Semi-final,Semifinal,18 JUL 2003,B,1-6,Judge 7,J7,FIRIGOU Georgia GRE
10th FINA World Championships 2003 (Diving),barcelona_2003_wch,WOMEN 3m Springboard Final,Final,18 JUL 2003,single,1-6,Judge 5,J5,LLINAS Julian ESP
10th FINA World Championships 2003 (Diving),barcelona_2003_wch,WOMEN 3m Springboard Final,Final,18 JUL 2003,single,1-6,Judge 1,J1,ACOSTA Alberto MEX
10th FINA World Championships 2003 (Diving),barcelona_2003_wch,WOMEN 3m Springboard Final,Final,18 JUL 2003,single,1-6,Judge 6,J6,KONIJNENBURG Frans NED
10th FINA World Championships 2003 (Diving),barcelona_2003_wch,WOMEN 3m Springboard Final,Final,18 JUL 2003,single,1-6,Judge 2,J2,DE MIRO Claudio ITA
10th FINA World Championships 2003 (Diving),barcelona_2003_wch,WOMEN 3m Springboard Final,Final,18 JUL 2003,single,1-6,Judge 7,J7,HASSAN Mustapha EGY
10th FINA World Championships 2003 (Diving),barcelona_2003_wch,WOMEN 3m Springboard Final,Final,18 JUL 2003,single,1-6,Judge 3,J3,KELEMEN Ildiko HUN
10th FINA World Championships 2003 (Diving),barcelona_2003_wch,WOMEN 3m Springboard Final,Final,18 JUL 2003,single,1-6,Judge 4,J4,SAKATA Yachiyo JPN
10th FINA World Championships 2003 (Diving),barcelona_2003_wch,MEN Platform Preliminary,Preliminary,19 JUL 2003,A,1-6,Judge 1,J1,DE MIRO Claudio ITA
10th FINA World Championships 2003 (Diving),barcelona_2003_wch,MEN Platform Preliminary,Preliminary,19 JUL 2003,B,1-6,Judge 1,J1,LINDBERG Mathz SWE
10th FINA World Championships 2003 (Diving),barcelona_2003_wch,MEN Platform Preliminary,Preliminary,19 JUL 2003,A,1-6,Judge 2,J2,RUIZ Pedreguera CUB
10th FINA World Championships 2003 (Diving),barcelona_2003_wch,MEN Platform Preliminary,Preliminary,19 JUL 2003,B,1-6,Judge 2,J2,MCFARLAND Steve USA
10th FINA World Championships 2003 (Diving),barcelona_2003_wch,MEN Platform Preliminary,Preliminary,19 JUL 2003,A,1-6,Judge 3,J3,LIN Shizhong CHN
10th FINA World Championships 2003 (Diving),barcelona_2003_wch,MEN Platform Preliminary,Preliminary,19 JUL 2003,B,1-6,Judge 3,J3,HASSAN Mustapha EGY
10th FINA World Championships 2003 (Diving),barcelona_2003_wch,MEN Platform Preliminary,Preliminary,19 JUL 2003,A,1-6,Judge 4,J4,ZAITSEV Oleg RUS
10th FINA World Championships 2003 (Diving),barcelona_2003_wch,MEN Platform Preliminary,Preliminary,19 JUL 2003,B,1-6,Judge 4,J4,ALT Walter GER
10th FINA World Championships 2003 (Diving),barcelona_2003_wch,MEN Platform Preliminary,Preliminary,19 JUL 2003,A,1-6,Judge 5,J5,NOVOTNA Hana CZE
10th FINA World Championships 2003 (Diving),barcelona_2003_wch,MEN Platform Preliminary,Preliminary,19 JUL 2003,B,1-6,Judge 5,J5,ACOSTA Alberto MEX
10th FINA World Championships 2003 (Diving),barcelona_2003_wch,MEN Platform Preliminary,Preliminary,19 JUL 2003,A,1-6,Judge 6,J6,SAKATA Yachiyo JPN
10th FINA World Championships 2003 (Diving),barcelona_2003_wch,MEN Platform Preliminary,Preliminary,19 JUL 2003,B,1-6,Judge 6,J6,GEAR Denis NZL
10th FINA World Championships 2003 (Diving),barcelona_2003_wch,MEN Platform Preliminary,Preliminary,19 JUL 2003,A,1-6,Judge 7,J7,LUZ EDSON Fernando BRA
10th FINA World Championships 2003 (Diving),barcelona_2003_wch,MEN Platform Preliminary,Preliminary,19 JUL 2003,B,1-6,Judge 7,J7,BOOTHROYD Sydney GBR
10th FINA World Championships 2003 (Diving),barcelona_2003_wch,MEN Platform Semi-final,Semifinal,19 JUL 2003,A,1-6,Judge 1,J1,DE MIRO Claudio ITA
10th FINA World Championships 2003 (Diving),barcelona_2003_wch,MEN Platform Semi-final,Semifinal,19 JUL 2003,B,1-6,Judge 1,J1,LINDBERG Mathz SWE
10th FINA World Championships 2003 (Diving),barcelona_2003_wch,MEN Platform Semi-final,Semifinal,19 JUL 2003,A,1-6,Judge 2,J2,RUIZ Pedreguera CUB
10th FINA World Championships 2003 (Diving),barcelona_2003_wch,MEN Platform Semi-final,Semifinal,19 JUL 2003,B,1-6,Judge 2,J2,MCFARLAND Steve USA
10th FINA World Championships 2003 (Diving),barcelona_2003_wch,MEN Platform Semi-final,Semifinal,19 JUL 2003,A,1-6,Judge 3,J3,LIN Shizhong CHN
10th FINA World Championships 2003 (Diving),barcelona_2003_wch,MEN Platform Semi-final,Semifinal,19 JUL 2003,B,1-6,Judge 3,J3,HASSAN Mustapha EGY
10th FINA World Championships 2003 (Diving),barcelona_2003_wch,MEN Platform Semi-final,Semifinal,19 JUL 2003,A,1-6,Judge 4,J4,ZAITSEV Oleg RUS
10th FINA World Championships 2003 (Diving),barcelona_2003_wch,MEN Platform Semi-final,Semifinal,19 JUL 2003,B,1-6,Judge 4,J4,ALT Walter GER
10th FINA World Championships 2003 (Diving),barcelona_2003_wch,MEN Platform Semi-final,Semifinal,19 JUL 2003,A,1-6,Judge 5,J5,NOVOTNA Hana CZE
10th FINA World Championships 2003 (Diving),barcelona_2003_wch,MEN Platform Semi-final,Semifinal,19 JUL 2003,B,1-6,Judge 5,J5,ACOSTA Alberto MEX
10th FINA World Championships 2003 (Diving),barcelona_2003_wch,MEN Platform Semi-final,Semifinal,19 JUL 2003,A,1-6,Judge 6,J6,SAKATA Yachiyo JPN
10th FINA World Championships 2003 (Diving),barcelona_2003_wch,MEN Platform Semi-final,Semifinal,19 JUL 2003,B,1-6,Judge 6,J6,GEAR Denis NZL
10th FINA World Championships 2003 (Diving),barcelona_2003_wch,MEN Platform Semi-final,Semifinal,19 JUL 2003,A,1-6,Judge 7,J7,LUZ EDSON Fernando BRA
10th FINA World Championships 2003 (Diving),barcelona_2003_wch,MEN Platform Semi-final,Semifinal,19 JUL 2003,B,1-6,Judge 7,J7,BOOTHROYD Sydney GBR
10th FINA World Championships 2003 (Diving),barcelona_2003_wch,MEN Platform Final,Final,19 JUL 2003,single,1-6,Judge 5,J5,GEAR Denis NZL
10th FINA World Championships 2003 (Diving),barcelona_2003_wch,MEN Platform Final,Final,19 JUL 2003,single,1-6,Judge 1,J1,RUIZ Pedreguera CUB
10th FINA World Championships 2003 (Diving),barcelona_2003_wch,MEN Platform Final,Final,19 JUL 2003,single,1-6,Judge 6,J6,ALT Walter GER
10th FINA World Championships 2003 (Diving),barcelona_2003_wch,MEN Platform Final,Final,19 JUL 2003,single,1-6,Judge 2,J2,LINDBERG Mathz SWE
10th FINA World Championships 2003 (Diving),barcelona_2003_wch,MEN Platform Final,Final,19 JUL 2003,single,1-6,Judge 7,J7,LUZ EDSON Fernando BRA
10th FINA World Championships 2003 (Diving),barcelona_2003_wch,MEN Platform Final,Final,19 JUL 2003,single,1-6,Judge 3,J3,SAKATA Yachiyo JPN
10th FINA World Championships 2003 (Diving),barcelona_2003_wch,MEN Platform Final,Final,19 JUL 2003,single,1-6,Judge 4,J4,NOVOTNA Hana CZE
2004 Arena Diving Champions Cup,stockholm_2004_cc,Men’s 3m Springboard Preliminary,Preliminary,7 FEB 2004,single,1-6,Judge 1,J1,KUGLER Grete AUT
2004 Arena Diving Champions Cup,stockholm_2004_cc,Men’s 3m Springboard Preliminary,Preliminary,7 FEB 2004,single,1-6,Judge 2,J2,LAW William GBR
2004 Arena Diving Champions Cup,stockholm_2004_cc,Men’s 3m Springboard Preliminary,Preliminary,7 FEB 2004,single,1-6,Judge 3,J3,BUSCHKOW Lutz GER
2004 Arena Diving Champions Cup,stockholm_2004_cc,Men’s 3m Springboard Preliminary,Preliminary,7 FEB 2004,single,1-6,Judge 4,J4,KELEMEN Ildiko HUN
2004 Arena Diving Champions Cup,stockholm_2004_cc,Men’s 3m Springboard Preliminary,Preliminary,7 FEB 2004,single,1-6,Judge 5,J5,MORTERA Giulio ITA
2004 Arena Diving Champions Cup,stockholm_2004_cc,Men’s 3m Springboard Preliminary,Preliminary,7 FEB 2004,single,1-6,Judge 6,J6,SJOGREN Bo SWE
2004 Arena Diving Champions Cup,stockholm_2004_cc,Men’s 3m Springboard Preliminary,Preliminary,7 FEB 2004,single,1-6,Judge 7,J7,STRITT−BURK Carmen SUI
2004 Arena Diving Champions Cup,stockholm_2004_cc,MEN 3m Springboard Final,Final,,A,1-6,Judge 1,J1,KUGLER Grete AUT
2004 Arena Diving Champions Cup,stockholm_2004_cc,MEN 3m Springboard Final,Final,,B,1-6,Judge 5,J5,MORTERA Giulio ITA
2004 Arena Diving Champions Cup,stockholm_2004_cc,MEN 3m Springboard Final,Final,,single,1-6,Judge 6,J6,SJOGREN Bo SWE
2004 Arena Diving Champions Cup,stockholm_2004_cc,MEN 3m Springboard Final,Final,,single,1-6,Judge 2,J2,LAW William GBR
2004 Arena Diving Champions Cup,stockholm_2004_cc,MEN 3m Springboard Final,Final,,single,1-6,Judge 7,J7,STRITT-BURK Carmen SUI
2004 Arena Diving Champions Cup,stockholm_2004_cc,MEN 3m Springboard Final,Final,,single,1-6,Judge 3,J3,BUSCHKOW Lutz GER
2004 Arena Diving Champions Cup,stockholm_2004_cc,MEN 3m Springboard Final,Final,,single,1-6,Judge 4,J4,KELEMEN Ildiko HUN
2004 Arena Diving Champions Cup,stockholm_2004_cc,Women’s 10m Platform Preliminary,Preliminary,7 FEB 2004,A,1-6,Judge 1,J1,KHOZHEMPO Liudmila BLR
2004 Arena Diving Champions Cup,stockholm_2004_cc,Women’s 10m Platform Preliminary,Preliminary,7 FEB 2004,B,1-6,Judge 1,J1,KELEMEN Ildiko HUN
2004 Arena Diving Champions Cup,stockholm_2004_cc,Women’s 10m Platform Preliminary,Preliminary,7 FEB 2004,A,1-6,Judge 2,J2,AUNBIRK Lars DEN
2004 Arena Diving Champions Cup,stockholm_2004_cc,Women’s 10m Platform Preliminary,Preliminary,7 FEB 2004,B,1-6,Judge 2,J2,MORTERA Giulio ITA
2004 Arena Diving Champions Cup,stockholm_2004_cc,Women’s 10m Platform Preliminary,Preliminary,7 FEB 2004,A,1-6,Judge 3,J3,KOMULAINEN Jari FIN
2004 Arena Diving Champions Cup,stockholm_2004_cc,Women’s 10m Platform Preliminary,Preliminary,7 FEB 2004,B,1-6,Judge 3,J3,ZAITSEV Oleg RUS
2004 Arena Diving Champions Cup,stockholm_2004_cc,Women’s 10m Platform Preliminary,Preliminary,7 FEB 2004,A,1-6,Judge 4,J4,BOUSSARD Michel FRA
2004 Arena Diving Champions Cup,stockholm_2004_cc,Women’s 10m Platform Preliminary,Preliminary,7 FEB 2004,B,1-6,Judge 4,J4,CRUZ Julia ESP
2004 Arena Diving Champions Cup,stockholm_2004_cc,Women’s 10m Platform Preliminary,Preliminary,7 FEB 2004,A,1-6,Judge 5,J5,LAW William GBR
2004 Arena Diving Champions Cup,stockholm_2004_cc,Women’s 10m Platform Preliminary,Preliminary,7 FEB 2004,B,1-6,Judge 5,J5,ASKAGARDEN Josefine SWE
2004 Arena Diving Champions Cup,stockholm_2004_cc,Women’s 10m Platform Preliminary,Preliminary,7 FEB 2004,A,1-6,Judge 6,J6,BUSCHKOW Lutz GER
2004 Arena Diving Champions Cup,stockholm_2004_cc,Women’s 10m Platform Preliminary,Preliminary,7 FEB 2004,B,1-6,Judge 6,J6,STRITT−BURK Carmen SUI
2004 Arena Diving Champions Cup,stockholm_2004_cc,Women’s 10m Platform Preliminary,Preliminary,7 FEB 2004,A,1-6,Judge 7,J7,KONDELIS Slergios GRE
2004 Arena Diving Champions Cup,stockholm_2004_cc,Women’s 10m Platform Preliminary,Preliminary,7 FEB 2004,B,1-6,Judge 7,J7,REZNICHENKO Anatoly UKR
2004 Arena Diving Champions Cup,stockholm_2004_cc,Men’s 10m Platform Preliminary,Preliminary,8 FEB 2004,A,1-6,Judge 1,J1,KELEMEN Ildiko HUN
2004 Arena Diving Champions Cup,stockholm_2004_cc,Men’s 10m Platform Preliminary,Preliminary,8 FEB 2004,B,1-6,Judge 1,J1,KUGLER Grete AUT
2004 Arena Diving Champions Cup,stockholm_2004_cc,Men’s 10m Platform Preliminary,Preliminary,8 FEB 2004,A,1-6,Judge 2,J2,MORTERA Giulio ITA
2004 Arena Diving Champions Cup,stockholm_2004_cc,Men’s 10m Platform Preliminary,Preliminary,8 FEB 2004,B,1-6,Judge 2,J2,NARYSHKIN Vladimir BLR
2004 Arena Diving Champions Cup,stockholm_2004_cc,Men’s 10m Platform Preliminary,Preliminary,8 FEB 2004,A,1-6,Judge 3,J3,ZAITSEV Oleg RUS
2004 Arena Diving Champions Cup,stockholm_2004_cc,Men’s 10m Platform Preliminary,Preliminary,8 FEB 2004,B,1-6,Judge 3,J3,AUNBIRK Lars DEN
2004 Arena Diving Champions Cup,stockholm_2004_cc,Men’s 10m Platform Preliminary,Preliminary,8 FEB 2004,A,1-6,Judge 4,J4,CRUZ Julia ESP
2004 Arena Diving Champions Cup,stockholm_2004_cc,Men’s 10m Platform Preliminary,Preliminary,8 FEB 2004,B,1-6,Judge 4,J4,BOUSSARD Michel FRA
2004 Arena Diving Champions Cup,stockholm_2004_cc,Men’s 10m Platform Preliminary,Preliminary,8 FEB 2004,A,1-6,Judge 5,J5,SJOGREN Bo SWE
2004 Arena Diving Champions Cup,stockholm_2004_cc,Men’s 10m Platform Preliminary,Preliminary,8 FEB 2004,B,1-6,Judge 5,J5,LAW William GBR
2004 Arena Diving Champions Cup,stockholm_2004_cc,Men’s 10m Platform Preliminary,Preliminary,8 FEB 2004,A,1-6,Judge 6,J6,STRITT−BURK Carmen SUI
2004 Arena Diving Champions Cup,stockholm_2004_cc,Men’s 10m Platform Preliminary,Preliminary,8 FEB 2004,B,1-6,Judge 6,J6,BUSCHKOW Lutz GER
2004 Arena Diving Champions Cup,stockholm_2004_cc,Men’s 10m Platform Preliminary,Preliminary,8 FEB 2004,A,1-6,Judge 7,J7,REZNICHENKO Anatoly UKR
2004 Arena Diving Champions Cup,stockholm_2004_cc,Men’s 10m Platform Preliminary,Preliminary,8 FEB 2004,B,1-6,Judge 7,J7,KONDELIS Slergios GRE
2004 Arena Diving Champions Cup,stockholm_2004_cc,MEN Platform Final,Final,,A,1-6,Judge 1,J1,NARYSHKIN Vladimir BLR
2004 Arena Diving Champions Cup,stockholm_2004_cc,MEN Platform Final,Final,,B,1-6,Judge 5,J5,KELEMEN Ildiko HUN
2004 Arena Diving Champions Cup,stockholm_2004_cc,MEN Platform Final,Final,,single,1-6,Judge 6,J6,CRUZ Julia ESP
2004 Arena Diving Champions Cup,stockholm_2004_cc,MEN Platform Final,Final,,single,1-6,Judge 2,J2,AUNBIRK Lars DEN
2004 Arena Diving Champions Cup,stockholm_2004_cc,MEN Platform Final,Final,,single,1-6,Judge 7,J7,KUGLER Grete AUT
2004 Arena Diving Champions Cup,stockholm_2004_cc,MEN Platform Final,Final,,single,1-6,Judge 3,J3,BOUSSARD Michel FRA
2004 Arena Diving Champions Cup,stockholm_2004_cc,MEN Platform Final,Final,,single,1-6,Judge 4,J4,LAW William GBR
2004 Arena Diving Champions Cup,stockholm_2004_cc,Women’s 3m Springboard Preliminary,Preliminary,8 FEB 2004,A,1-6,Judge 1,J1,KONDELIS Slergios GRE
2004 Arena Diving Champions Cup,stockholm_2004_cc,Women’s 3m Springboard Preliminary,Preliminary,8 FEB 2004,B,1-6,Judge 1,J1,REZNICHENKO Anatoly UKR
2004 Arena Diving Champions Cup,stockholm_2004_cc,Women’s 3m Springboard Preliminary,Preliminary,8 FEB 2004,A,1-6,Judge 2,J2,KELEMEN Ildiko HUN
2004 Arena Diving Champions Cup,stockholm_2004_cc,Women’s 3m Springboard Preliminary,Preliminary,8 FEB 2004,B,1-6,Judge 2,J2,KUGLER Grete AUT
2004 Arena Diving Champions Cup,stockholm_2004_cc,Women’s 3m Springboard Preliminary,Preliminary,8 FEB 2004,A,1-6,Judge 3,J3,MORTERA Giulio ITA
2004 Arena Diving Champions Cup,stockholm_2004_cc,Women’s 3m Springboard Preliminary,Preliminary,8 FEB 2004,B,1-6,Judge 3,J3,KHOZHEMPO Liudmila BLR
2004 Arena Diving Champions Cup,stockholm_2004_cc,Women’s 3m Springboard Preliminary,Preliminary,8 FEB 2004,A,1-6,Judge 4,J4,ZAITSEV Oleg RUS
2004 Arena Diving Champions Cup,stockholm_2004_cc,Women’s 3m Springboard Preliminary,Preliminary,8 FEB 2004,B,1-6,Judge 4,J4,KOMULAINEN Jari FIN
2004 Arena Diving Champions Cup,stockholm_2004_cc,Women’s 3m Springboard Preliminary,Preliminary,8 FEB 2004,A,1-6,Judge 5,J5,CRUZ Julia ESP
2004 Arena Diving Champions Cup,stockholm_2004_cc,Women’s 3m Springboard Preliminary,Preliminary,8 FEB 2004,B,1-6,Judge 5,J5,BOUSSARD Michel FRA
2004 Arena Diving Champions Cup,stockholm_2004_cc,Women’s 3m Springboard Preliminary,Preliminary,8 FEB 2004,A,1-6,Judge 6,J6,ASKAGARDEN Josefine SWE
2004 Arena Diving Champions Cup,stockholm_2004_cc,Women’s 3m Springboard Preliminary,Preliminary,8 FEB 2004,B,1-6,Judge 6,J6,LAW William GBR
2004 Arena Diving Champions Cup,stockholm_2004_cc,Women’s 3m Springboard Preliminary,Preliminary,8 FEB 2004,A,1-6,Judge 7,J7,STRITT−BURK Carmen SUI
2004 Arena Diving Champions Cup,stockholm_2004_cc,Women’s 3m Springboard Preliminary,Preliminary,8 FEB 2004,B,1-6,Judge 7,J7,BUSCHKOW Lutz GER
2004 Arena Diving Champions Cup,stockholm_2004_cc,WOMEN 3m Springboard Final,Final,,A,1-6,Judge 1,J1,KUGLER Grete AUT
2004 Arena Diving Champions Cup,stockholm_2004_cc,WOMEN 3m Springboard Final,Final,,B,1-6,Judge 5,J5,KELEMEN Ildiko HUN
2004 Arena Diving Champions Cup,stockholm_2004_cc,WOMEN 3m Springboard Final,Final,,single,1-6,Judge 6,J6,LAW William GBR
2004 Arena Diving Champions Cup,stockholm_2004_cc,WOMEN 3m Springboard Final,Final,,single,1-6,Judge 2,J2,CRUZ Julia ESP
2004 Arena Diving Champions Cup,stockholm_2004_cc,WOMEN 3m Springboard Final,Final,,single,1-6,Judge 7,J7,BUSCHKOW Lutz GER
2004 Arena Diving Champions Cup,stockholm_2004_cc,WOMEN 3m Springboard Final,Final,,single,1-6,Judge 3,J3,STRITT-BURK Carmen SUI
2004 Arena Diving Champions Cup,stockholm_2004_cc,WOMEN 3m Springboard Final,Final,,single,1-6,Judge 4,J4,KOMULAINEN Jari FIN
European Championships 2004 (Diving),madrid_2004_euro,Men’s 3m Springboard Preliminary,Preliminary,9 MAY 2004,A,1-6,Judge 1,J1,KOMULAINEN JARI FIN
European Championships 2004 (Diving),madrid_2004_euro,Men’s 3m Springboard Preliminary,Preliminary,9 MAY 2004,B,1-6,Judge 1,J1,LLINAS JULIAN ESP
European Championships 2004 (Diving),madrid_2004_euro,Men’s 3m Springboard Preliminary,Preliminary,9 MAY 2004,A,1-6,Judge 2,J2,KUGLER GRETE AUT
European Championships 2004 (Diving),madrid_2004_euro,Men’s 3m Springboard Preliminary,Preliminary,9 MAY 2004,B,1-6,Judge 2,J2,CERMAKOVA MARIA CZE
European Championships 2004 (Diving),madrid_2004_euro,Men’s 3m Springboard Preliminary,Preliminary,9 MAY 2004,A,1-6,Judge 3,J3,NARISHKIN VLADIMIR BLR
European Championships 2004 (Diving),madrid_2004_euro,Men’s 3m Springboard Preliminary,Preliminary,9 MAY 2004,B,1-6,Judge 3,J3,DENIS MICHEL FRA
European Championships 2004 (Diving),madrid_2004_euro,Men’s 3m Springboard Preliminary,Preliminary,9 MAY 2004,A,1-6,Judge 4,J4,MANZONI RENATO ITA
European Championships 2004 (Diving),madrid_2004_euro,Men’s 3m Springboard Preliminary,Preliminary,9 MAY 2004,B,1-6,Judge 4,J4,REZNICHENKO ANATOLY UKR
European Championships 2004 (Diving),madrid_2004_euro,Men’s 3m Springboard Preliminary,Preliminary,9 MAY 2004,A,1-6,Judge 5,J5,LINDBERG MATHZ SWE
European Championships 2004 (Diving),madrid_2004_euro,Men’s 3m Springboard Preliminary,Preliminary,9 MAY 2004,B,1-6,Judge 5,J5,BROOTHROYD SYDNEY GBR
European Championships 2004 (Diving),madrid_2004_euro,Men’s 3m Springboard Preliminary,Preliminary,9 MAY 2004,A,1-6,Judge 6,J6,ZAITSEV OLEG RUS
European Championships 2004 (Diving),madrid_2004_euro,Men’s 3m Springboard Preliminary,Preliminary,9 MAY 2004,B,1-6,Judge 6,J6,FYRIGOU GEORGIA GRE
European Championships 2004 (Diving),madrid_2004_euro,Men’s 3m Springboard Preliminary,Preliminary,9 MAY 2004,A,1-6,Judge 7,J7,KLINGER URSULA GER
European Championships 2004 (Diving),madrid_2004_euro,Men’s 3m Springboard Preliminary,Preliminary,9 MAY 2004,B,1-6,Judge 7,J7,STRITT−BURK CARMEN SUI
European Championships 2004 (Diving),madrid_2004_euro,Men’s 3m Springboard Semifinal,Semifinal,9 MAY 2004,A,1-6,Judge 1,J1,KOMULAINEN JARI FIN
European Championships 2004 (Diving),madrid_2004_euro,Men’s 3m Springboard Semifinal,Semifinal,9 MAY 2004,B,1-6,Judge 1,J1,LLINAS JULIAN ESP
European Championships 2004 (Diving),madrid_2004_euro,Men’s 3m Springboard Semifinal,Semifinal,9 MAY 2004,A,1-6,Judge 2,J2,KUGLER GRETE AUT
European Championships 2004 (Diving),madrid_2004_euro,Men’s 3m Springboard Semifinal,Semifinal,9 MAY 2004,B,1-6,Judge 2,J2,CERMAKOVA MARIA CZE
European Championships 2004 (Diving),madrid_2004_euro,Men’s 3m Springboard Semifinal,Semifinal,9 MAY 2004,A,1-6,Judge 3,J3,NARISHKIN VLADIMIR BLR
European Championships 2004 (Diving),madrid_2004_euro,Men’s 3m Springboard Semifinal,Semifinal,9 MAY 2004,B,1-6,Judge 3,J3,DENIS MICHEL FRA
European Championships 2004 (Diving),madrid_2004_euro,Men’s 3m Springboard Semifinal,Semifinal,9 MAY 2004,A,1-6,Judge 4,J4,MANZONI RENATO ITA
European Championships 2004 (Diving),madrid_2004_euro,Men’s 3m Springboard Semifinal,Semifinal,9 MAY 2004,B,1-6,Judge 4,J4,REZNICHENKO ANATOLY UKR
European Championships 2004 (Diving),madrid_2004_euro,Men’s 3m Springboard Semifinal,Semifinal,9 MAY 2004,A,1-6,Judge 5,J5,LINDBERG MATHZ SWE
European Championships 2004 (Diving),madrid_2004_euro,Men’s 3m Springboard Semifinal,Semifinal,9 MAY 2004,B,1-6,Judge 5,J5,BROOTHROYD SYDNEY GBR
European Championships 2004 (Diving),madrid_2004_euro,Men’s 3m Springboard Semifinal,Semifinal,9 MAY 2004,A,1-6,Judge 6,J6,ZAITSEV OLEG RUS
European Championships 2004 (Diving),madrid_2004_euro,Men’s 3m Springboard Semifinal,Semifinal,9 MAY 2004,B,1-6,Judge 6,J6,FYRIGOU GEORGIA GRE
European Championships 2004 (Diving),madrid_2004_euro,Men’s 3m Springboard Semifinal,Semifinal,9 MAY 2004,A,1-6,Judge 7,J7,KLINGER URSULA GER
European Championships 2004 (Diving),madrid_2004_euro,Men’s 3m Springboard Semifinal,Semifinal,9 MAY 2004,B,1-6,Judge 7,J7,STRITT−BURK CARMEN SUI
European Championships 2004 (Diving),madrid_2004_euro,Men’s 3m Springboard Final,Final,9 MAY 2004,A,1-6,Judge 1,J1,DENIS MICHEL FRA
European Championships 2004 (Diving),madrid_2004_euro,Men’s 3m Springboard Final,Final,9 MAY 2004,B,1-6,Judge 5,J5,BOOTHROYD SYDNEY GBR
European Championships 2004 (Diving),madrid_2004_euro,Men’s 3m Springboard Final,Final,9 MAY 2004,A,1-6,Judge 2,J2,KUGLER GRETE AUT
European Championships 2004 (Diving),madrid_2004_euro,Men’s 3m Springboard Final,Final,9 MAY 2004,B,1-6,Judge 6,J6,LINDBERG MATHZ SWE
European Championships 2004 (Diving),madrid_2004_euro,Men’s 3m Springboard Final,Final,9 MAY 2004,A,1-6,Judge 3,J3,CERMAKOVA MARIA CZE
European Championships 2004 (Diving),madrid_2004_euro,Men’s 3m Springboard Final,Final,9 MAY 2004,B,1-6,Judge 7,J7,VAICIULIONYTE JURATE LTU
European Championships 2004 (Diving),madrid_2004_euro,Men’s 3m Springboard Final,Final,9 MAY 2004,single,1-6,Judge 4,J4,NARISHKIN VLADIMIR BLR
European Championships 2004 (Diving),madrid_2004_euro,Women’s 10m Platform Preliminary,Preliminary,10 MAY 2004,A,1-6,Judge 1,J1,JOHNSON BENTE NOR
European Championships 2004 (Diving),madrid_2004_euro,Women’s 10m Platform Preliminary,Preliminary,10 MAY 2004,B,1-6,Judge 1,J1,BOOTHROYD SYDNEY GBR
European Championships 2004 (Diving),madrid_2004_euro,Women’s 10m Platform Preliminary,Preliminary,10 MAY 2004,A,1-6,Judge 2,J2,REZNICHENKO ANATOLY UKR
European Championships 2004 (Diving),madrid_2004_euro,Women’s 10m Platform Preliminary,Preliminary,10 MAY 2004,B,1-6,Judge 2,J2,STRITT−BURK CARMEN SUI
European Championships 2004 (Diving),madrid_2004_euro,Women’s 10m Platform Preliminary,Preliminary,10 MAY 2004,A,1-6,Judge 3,J3,MANZONI RENATO ITA
European Championships 2004 (Diving),madrid_2004_euro,Women’s 10m Platform Preliminary,Preliminary,10 MAY 2004,B,1-6,Judge 3,J3,NARISHKIN VLADIMIR BLR
European Championships 2004 (Diving),madrid_2004_euro,Women’s 10m Platform Preliminary,Preliminary,10 MAY 2004,A,1-6,Judge 4,J4,CERMAKOVA MARIA CZE
European Championships 2004 (Diving),madrid_2004_euro,Women’s 10m Platform Preliminary,Preliminary,10 MAY 2004,B,1-6,Judge 4,J4,FYRIGOU GEORGIA GRE
European Championships 2004 (Diving),madrid_2004_euro,Women’s 10m Platform Preliminary,Preliminary,10 MAY 2004,A,1-6,Judge 5,J5,VOELKER GERD GER
European Championships 2004 (Diving),madrid_2004_euro,Women’s 10m Platform Preliminary,Preliminary,10 MAY 2004,B,1-6,Judge 5,J5,LINDBERG MATHZ SWE
European Championships 2004 (Diving),madrid_2004_euro,Women’s 10m Platform Preliminary,Preliminary,10 MAY 2004,A,1-6,Judge 6,J6,DENIS MICHEL FRA
European Championships 2004 (Diving),madrid_2004_euro,Women’s 10m Platform Preliminary,Preliminary,10 MAY 2004,B,1-6,Judge 6,J6,VINOGRADOV ALEXANDER RUS
European Championships 2004 (Diving),madrid_2004_euro,Women’s 10m Platform Preliminary,Preliminary,10 MAY 2004,A,1-6,Judge 7,J7,KOMULAINEN JARI FIN
European Championships 2004 (Diving),madrid_2004_euro,Women’s 10m Platform Preliminary,Preliminary,10 MAY 2004,B,1-6,Judge 7,J7,SANCHEZ VICTORIA ESP
European Championships 2004 (Diving),madrid_2004_euro,Women’s 10m Platform Semifinal,Semifinal,10 MAY 2004,A,1-6,Judge 1,J1,JOHNSON BENTE NOR
European Championships 2004 (Diving),madrid_2004_euro,Women’s 10m Platform Semifinal,Semifinal,10 MAY 2004,B,1-6,Judge 1,J1,BOOTHROYD SYDNEY GBR
European Championships 2004 (Diving),madrid_2004_euro,Women’s 10m Platform Semifinal,Semifinal,10 MAY 2004,A,1-6,Judge 2,J2,REZNICHENKO ANATOLY UKR
European Championships 2004 (Diving),madrid_2004_euro,Women’s 10m Platform Semifinal,Semifinal,10 MAY 2004,B,1-6,Judge 2,J2,STRITT−BURK CARMEN SUI
European Championships 2004 (Diving),madrid_2004_euro,Women’s 10m Platform Semifinal,Semifinal,10 MAY 2004,A,1-6,Judge 3,J3,MANZONI RENATO ITA
European Championships 2004 (Diving),madrid_2004_euro,Women’s 10m Platform Semifinal,Semifinal,10 MAY 2004,B,1-6,Judge 3,J3,NARISHKIN VLADIMIR BLR
European Championships 2004 (Diving),madrid_2004_euro,Women’s 10m Platform Semifinal,Semifinal,10 MAY 2004,A,1-6,Judge 4,J4,CERMAKOVA MARIA CZE
European Championships 2004 (Diving),madrid_2004_euro,Women’s 10m Platform Semifinal,Semifinal,10 MAY 2004,B,1-6,Judge 4,J4,FYRIGOU GEORGIA GRE
European Championships 2004 (Diving),madrid_2004_euro,Women’s 10m Platform Semifinal,Semifinal,10 MAY 2004,A,1-6,Judge 5,J5,VOELKER GERD GER
European Championships 2004 (Diving),madrid_2004_euro,Women’s 10m Platform Semifinal,Semifinal,10 MAY 2004,B,1-6,Judge 5,J5,LINDBERG MATHZ SWE
European Championships 2004 (Diving),madrid_2004_euro,Women’s 10m Platform Semifinal,Semifinal,10 MAY 2004,A,1-6,Judge 6,J6,DENIS MICHEL FRA
European Championships 2004 (Diving),madrid_2004_euro,Women’s 10m Platform Semifinal,Semifinal,10 MAY 2004,B,1-6,Judge 6,J6,VINOGRADOV ALEXANDER RUS
European Championships 2004 (Diving),madrid_2004_euro,Women’s 10m Platform Semifinal,Semifinal,10 MAY 2004,A,1-6,Judge 7,J7,KOMULAINEN JARI FIN
European Championships 2004 (Diving),madrid_2004_euro,Women’s 10m Platform Semifinal,Semifinal,10 MAY 2004,B,1-6,Judge 7,J7,SANCHEZ VICTORIA ESP
European Championships 2004 (Diving),madrid_2004_euro,Women’s 10m Platform Final,Final,10 MAY 2004,A,1-6,Judge 1,J1,JOHNSON BENTE NOR
European Championships 2004 (Diving),madrid_2004_euro,Women’s 10m Platform Final,Final,10 MAY 2004,B,1-6,Judge 5,J5,NARISHKIN VLADIMIR BLR
European Championships 2004 (Diving),madrid_2004_euro,Women’s 10m Platform Final,Final,10 MAY 2004,A,1-6,Judge 2,J2,CERMAKOVA MARIA CZE
European Championships 2004 (Diving),madrid_2004_euro,Women’s 10m Platform Final,Final,10 MAY 2004,B,1-6,Judge 6,J6,FYRIGOU GEORGIA GRE
European Championships 2004 (Diving),madrid_2004_euro,Women’s 10m Platform Final,Final,10 MAY 2004,A,1-6,Judge 3,J3,KOMULAINEN JARI FIN
European Championships 2004 (Diving),madrid_2004_euro,Women’s 10m Platform Final,Final,10 MAY 2004,B,1-6,Judge 7,J7,BOOTHROYD SYDNEY GBR
European Championships 2004 (Diving),madrid_2004_euro,Women’s 10m Platform Final,Final,10 MAY 2004,single,1-6,Judge 4,J4,STRITT−BURK CARMEN SUI
European Championships 2004 (Diving),madrid_2004_euro,Women’s 1m Springboard Preliminary,Preliminary,11 MAY 2004,A,1-6,Judge 1,J1,VAICIULIONYTE JURATE LTU
European Championships 2004 (Diving),madrid_2004_euro,Women’s 1m Springboard Preliminary,Preliminary,11 MAY 2004,B,1-6,Judge 1,J1,MANZONI RENATO ITA
European Championships 2004 (Diving),madrid_2004_euro,Women’s 1m Springboard Preliminary,Preliminary,11 MAY 2004,A,1-6,Judge 2,J2,ZAITSEV OLEG RUS
European Championships 2004 (Diving),madrid_2004_euro,Women’s 1m Springboard Preliminary,Preliminary,11 MAY 2004,B,1-6,Judge 2,J2,KLINGER URSULA GER
European Championships 2004 (Diving),madrid_2004_euro,Women’s 1m Springboard Preliminary,Preliminary,11 MAY 2004,A,1-6,Judge 3,J3,FYRIGOU GEORGIA GRE
European Championships 2004 (Diving),madrid_2004_euro,Women’s 1m Springboard Preliminary,Preliminary,11 MAY 2004,B,1-6,Judge 3,J3,KOMULAINEN JARI FIN
European Championships 2004 (Diving),madrid_2004_euro,Women’s 1m Springboard Preliminary,Preliminary,11 MAY 2004,A,1-6,Judge 4,J4,REZNICHENKO ANATOLY UKR
European Championships 2004 (Diving),madrid_2004_euro,Women’s 1m Springboard Preliminary,Preliminary,11 MAY 2004,B,1-6,Judge 4,J4,NARISHKIN VLADIMIR BLR
European Championships 2004 (Diving),madrid_2004_euro,Women’s 1m Springboard Preliminary,Preliminary,11 MAY 2004,A,1-6,Judge 5,J5,KUGLER GRETE AUT
European Championships 2004 (Diving),madrid_2004_euro,Women’s 1m Springboard Preliminary,Preliminary,11 MAY 2004,B,1-6,Judge 5,J5,KELEMEN ILDIKO HUN
European Championships 2004 (Diving),madrid_2004_euro,Women’s 1m Springboard Preliminary,Preliminary,11 MAY 2004,A,1-6,Judge 6,J6,LLINAS JULIAN ESP
European Championships 2004 (Diving),madrid_2004_euro,Women’s 1m Springboard Preliminary,Preliminary,11 MAY 2004,B,1-6,Judge 6,J6,CERMAKOVA MARIA CZE
European Championships 2004 (Diving),madrid_2004_euro,Women’s 1m Springboard Preliminary,Preliminary,11 MAY 2004,A,1-6,Judge 7,J7,BOOTHROYD SYDNEY GBR
European Championships 2004 (Diving),madrid_2004_euro,Women’s 1m Springboard Preliminary,Preliminary,11 MAY 2004,B,1-6,Judge 7,J7,DENIS MICHEL FRA
European Championships 2004 (Diving),madrid_2004_euro,Women’s 1m Springboard Semifinal A,Semifinal,11 MAY 2004,A,1-6,Judge 1,J1,NARISHKIN VLADIMIR BLR
European Championships 2004 (Diving),madrid_2004_euro,Women’s 1m Springboard Semifinal A,Semifinal,11 MAY 2004,B,1-6,Judge 5,J5,KUGLER GRETE AUT
European Championships 2004 (Diving),madrid_2004_euro,Women’s 1m Springboard Semifinal A,Semifinal,11 MAY 2004,A,1-6,Judge 2,J2,LLINAS JULIAN ESP
European Championships 2004 (Diving),madrid_2004_euro,Women’s 1m Springboard Semifinal A,Semifinal,11 MAY 2004,B,1-6,Judge 6,J6,CERMAKOVA MARIA CZE
European Championships 2004 (Diving),madrid_2004_euro,Women’s 1m Springboard Semifinal A,Semifinal,11 MAY 2004,A,1-6,Judge 3,J3,BOOTHROYD SYDNEY GBR
European Championships 2004 (Diving),madrid_2004_euro,Women’s 1m Springboard Semifinal A,Semifinal,11 MAY 2004,B,1-6,Judge 7,J7,KELEMEN ILDIKO HUN
European Championships 2004 (Diving),madrid_2004_euro,Women’s 1m Springboard Semifinal A,Semifinal,11 MAY 2004,single,1-6,Judge 4,J4,FYRIGOU GEORGIA GRE
European Championships 2004 (Diving),madrid_2004_euro,Women’s 1m Springboard Semifinal B,Semifinal,11 MAY 2004,A,1-6,Judge 1,J1,NARISHKIN VLADIMIR BLR
European Championships 2004 (Diving),madrid_2004_euro,Women’s 1m Springboard Semifinal B,Semifinal,11 MAY 2004,B,1-6,Judge 5,J5,KUGLER GRETE AUT
European Championships 2004 (Diving),madrid_2004_euro,Women’s 1m Springboard Semifinal B,Semifinal,11 MAY 2004,A,1-6,Judge 2,J2,LLINAS JULIAN ESP
European Championships 2004 (Diving),madrid_2004_euro,Women’s 1m Springboard Semifinal B,Semifinal,11 MAY 2004,B,1-6,Judge 6,J6,CERMAKOVA MARIA CZE
European Championships 2004 (Diving),madrid_2004_euro,Women’s 1m Springboard Semifinal B,Semifinal,11 MAY 2004,A,1-6,Judge 3,J3,BOOTHROYD SYDNEY GBR
European Championships 2004 (Diving),madrid_2004_euro,Women’s 1m Springboard Semifinal B,Semifinal,11 MAY 2004,B,1-6,Judge 7,J7,KELEMEN ILDIKO HUN
European Championships 2004 (Diving),madrid_2004_euro,Women’s 1m Springboard Semifinal B,Semifinal,11 MAY 2004,single,1-6,Judge 4,J4,FYRIGOU GEORGIA GRE
European Championships 2004 (Diving),madrid_2004_euro,Men’s 1m Springboard Preliminary,Preliminary,12 MAY 2004,A,1-6,Judge 1,J1,NARISHKIN VLADIMIR BLR
European Championships 2004 (Diving),madrid_2004_euro,Men’s 1m Springboard Preliminary,Preliminary,12 MAY 2004,B,1-6,Judge 1,J1,SANCHEZ VICTORIA ESP
European Championships 2004 (Diving),madrid_2004_euro,Men’s 1m Springboard Preliminary,Preliminary,12 MAY 2004,A,1-6,Judge 2,J2,CERMAKOVA MARIA CZE
European Championships 2004 (Diving),madrid_2004_euro,Men’s 1m Springboard Preliminary,Preliminary,12 MAY 2004,B,1-6,Judge 2,J2,VOELKER GERD GER
European Championships 2004 (Diving),madrid_2004_euro,Men’s 1m Springboard Preliminary,Preliminary,12 MAY 2004,A,1-6,Judge 3,J3,DENIS MICHEL FRA
European Championships 2004 (Diving),madrid_2004_euro,Men’s 1m Springboard Preliminary,Preliminary,12 MAY 2004,B,1-6,Judge 3,J3,STRITT−BURK CARMEN SUI
European Championships 2004 (Diving),madrid_2004_euro,Men’s 1m Springboard Preliminary,Preliminary,12 MAY 2004,A,1-6,Judge 4,J4,BOOTHROYD SYDNEY GBR
European Championships 2004 (Diving),madrid_2004_euro,Men’s 1m Springboard Preliminary,Preliminary,12 MAY 2004,B,1-6,Judge 4,J4,REZNICHENKO ANATOLY UKR
European Championships 2004 (Diving),madrid_2004_euro,Men’s 1m Springboard Preliminary,Preliminary,12 MAY 2004,A,1-6,Judge 5,J5,KUGLER GRETE AUT
European Championships 2004 (Diving),madrid_2004_euro,Men’s 1m Springboard Preliminary,Preliminary,12 MAY 2004,B,1-6,Judge 5,J5,MANZONI RENATO ITA
European Championships 2004 (Diving),madrid_2004_euro,Men’s 1m Springboard Preliminary,Preliminary,12 MAY 2004,A,1-6,Judge 6,J6,FYRIGOU GEORGIA GRE
European Championships 2004 (Diving),madrid_2004_euro,Men’s 1m Springboard Preliminary,Preliminary,12 MAY 2004,B,1-6,Judge 6,J6,KOMULAINEN JARI FIN
European Championships 2004 (Diving),madrid_2004_euro,Men’s 1m Springboard Preliminary,Preliminary,12 MAY 2004,A,1-6,Judge 7,J7,VINOGRADOV ALEXANDER RUS
European Championships 2004 (Diving),madrid_2004_euro,Men’s 1m Springboard Preliminary,Preliminary,12 MAY 2004,B,1-6,Judge 7,J7,LINDBERG MATHZ SWE
European Championships 2004 (Diving),madrid_2004_euro,Men’s 1m Springboard Semifinal A,Semifinal,12 MAY 2004,A,1-6,Judge 1,J1,STRITT−BURK CARMEN SUI
European Championships 2004 (Diving),madrid_2004_euro,Men’s 1m Springboard Semifinal A,Semifinal,12 MAY 2004,B,1-6,Judge 5,J5,KUGLER GRETE AUT
European Championships 2004 (Diving),madrid_2004_euro,Men’s 1m Springboard Semifinal A,Semifinal,12 MAY 2004,A,1-6,Judge 2,J2,CERMAKOVA MARIA CZE
European Championships 2004 (Diving),madrid_2004_euro,Men’s 1m Springboard Semifinal A,Semifinal,12 MAY 2004,B,1-6,Judge 6,J6,FYRIGOU GEORGIA GRE
European Championships 2004 (Diving),madrid_2004_euro,Men’s 1m Springboard Semifinal A,Semifinal,12 MAY 2004,A,1-6,Judge 3,J3,DENIS MICHEL FRA
European Championships 2004 (Diving),madrid_2004_euro,Men’s 1m Springboard Semifinal A,Semifinal,12 MAY 2004,B,1-6,Judge 7,J7,LINDBERG MATHZ SWE
European Championships 2004 (Diving),madrid_2004_euro,Men’s 1m Springboard Semifinal A,Semifinal,12 MAY 2004,single,1-6,Judge 4,J4,BOOTHROYD SYDNEY GBR
European Championships 2004 (Diving),madrid_2004_euro,Men’s 1m Springboard Semifinal B,Semifinal,12 MAY 2004,A,1-6,Judge 1,J1,STRITT−BURK CARMEN SUI
European Championships 2004 (Diving),madrid_2004_euro,Men’s 1m Springboard Semifinal B,Semifinal,12 MAY 2004,B,1-6,Judge 5,J5,KUGLER GRETE AUT
European Championships 2004 (Diving),madrid_2004_euro,Men’s 1m Springboard Semifinal B,Semifinal,12 MAY 2004,A,1-6,Judge 2,J2,CERMAKOVA MARIA CZE
European Championships 2004 (Diving),madrid_2004_euro,Men’s 1m Springboard Semifinal B,Semifinal,12 MAY 2004,B,1-6,Judge 6,J6,FYRIGOU GEORGIA GRE
European Championships 2004 (Diving),madrid_2004_euro,Men’s 1m Springboard Semifinal B,Semifinal,12 MAY 2004,A,1-6,Judge 3,J3,DENIS MICHEL FRA
European Championships 2004 (Diving),madrid_2004_euro,Men’s 1m Springboard Semifinal B,Semifinal,12 MAY 2004,B,1-6,Judge 7,J7,LINDBERG MATHZ SWE
European Championships 2004 (Diving),madrid_2004_euro,Men’s 1m Springboard Semifinal B,Semifinal,12 MAY 2004,single,1-6,Judge 4,J4,BOOTHROYD SYDNEY GBR
European Championships 2004 (Diving),madrid_2004_euro,Men’s 1m Springboard Final,Final,12 MAY 2004,A,1-6,Judge 1,J1,STRITT−BURK CARMEN SUI
European Championships 2004 (Diving),madrid_2004_euro,Men’s 1m Springboard Final,Final,12 MAY 2004,B,1-6,Judge 5,J5,KUGLER GRETE AUT
European Championships 2004 (Diving),madrid_2004_euro,Men’s 1m Springboard Final,Final,12 MAY 2004,A,1-6,Judge 2,J2,CERMAKOVA MARIA CZE
European Championships 2004 (Diving),madrid_2004_euro,Men’s 1m Springboard Final,Final,12 MAY 2004,B,1-6,Judge 6,J6,FYRIGOU GEORGIA GRE
European Championships 2004 (Diving),madrid_2004_euro,Men’s 1m Springboard Final,Final,12 MAY 2004,A,1-6,Judge 3,J3,DENIS MICHEL FRA
European Championships 2004 (Diving),madrid_2004_euro,Men’s 1m Springboard Final,Final,12 MAY 2004,B,1-6,Judge 7,J7,LINDBERG MATHZ SWE
European Championships 2004 (Diving),madrid_2004_euro,Men’s 1m Springboard Final,Final,12 MAY 2004,single,1-6,Judge 4,J4,BOOTHROYD SYDNEY GBR
European Championships 2004 (Diving),madrid_2004_euro,Women’s 1m Springboard Final,Final,12 MAY 2004,A,1-6,Judge 1,J1,NARISHKIN VLADIMIR BLR
European Championships 2004 (Diving),madrid_2004_euro,Women’s 1m Springboard Final,Final,12 MAY 2004,B,1-6,Judge 5,J5,KUGLER GRETE AUT
European Championships 2004 (Diving),madrid_2004_euro,Women’s 1m Springboard Final,Final,12 MAY 2004,A,1-6,Judge 2,J2,LLINAS JULIAN ESP
European Championships 2004 (Diving),madrid_2004_euro,Women’s 1m Springboard Final,Final,12 MAY 2004,B,1-6,Judge 6,J6,CERMAKOVA MARIA CZE
European Championships 2004 (Diving),madrid_2004_euro,Women’s 1m Springboard Final,Final,12 MAY 2004,A,1-6,Judge 3,J3,BOOTHROYD SYDNEY GBR
European Championships 2004 (Diving),madrid_2004_euro,Women’s 1m Springboard Final,Final,12 MAY 2004,B,1-6,Judge 7,J7,KELEMEN ILDIKO HUN
European Championships 2004 (Diving),madrid_2004_euro,Women’s 1m Springboard Final,Final,12 MAY 2004,single,1-6,Judge 4,J4,FYRIGOU GEORGIA GRE
European Championships 2004 (Diving),madrid_2004_euro,Women’s 3m Springboard Preliminary,Preliminary,13 MAY 2004,A,1-6,Judge 1,J1,MANZONI RENATO ITA
European Championships 2004 (Diving),madrid_2004_euro,Women’s 3m Springboard Preliminary,Preliminary,13 MAY 2004,B,1-6,Judge 1,J1,CERMAKOVA MARIA CZE
European Championships 2004 (Diving),madrid_2004_euro,Women’s 3m Springboard Preliminary,Preliminary,13 MAY 2004,A,1-6,Judge 2,J2,NOVOTNA HANA CZE
European Championships 2004 (Diving),madrid_2004_euro,Women’s 3m Springboard Preliminary,Preliminary,13 MAY 2004,B,1-6,Judge 2,J2,FYRIGOU GEORGIA GRE
European Championships 2004 (Diving),madrid_2004_euro,Women’s 3m Springboard Preliminary,Preliminary,13 MAY 2004,A,1-6,Judge 3,J3,KLINGER URSULA GER
European Championships 2004 (Diving),madrid_2004_euro,Women’s 3m Springboard Preliminary,Preliminary,13 MAY 2004,B,1-6,Judge 3,J3,ZAITSEV OLEG RUS
European Championships 2004 (Diving),madrid_2004_euro,Women’s 3m Springboard Preliminary,Preliminary,13 MAY 2004,A,1-6,Judge 4,J4,KOMULAINEN JARI FIN
European Championships 2004 (Diving),madrid_2004_euro,Women’s 3m Springboard Preliminary,Preliminary,13 MAY 2004,B,1-6,Judge 4,J4,DENIS MICHEL FRA
European Championships 2004 (Diving),madrid_2004_euro,Women’s 3m Springboard Preliminary,Preliminary,13 MAY 2004,A,1-6,Judge 5,J5,NARISHKIN VLADIMIR BLR
European Championships 2004 (Diving),madrid_2004_euro,Women’s 3m Springboard Preliminary,Preliminary,13 MAY 2004,B,1-6,Judge 5,J5,V.D. KONIJNENBURG FRANS NED
European Championships 2004 (Diving),madrid_2004_euro,Women’s 3m Springboard Preliminary,Preliminary,13 MAY 2004,A,1-6,Judge 6,J6,LLINAS JULIAN ESP
European Championships 2004 (Diving),madrid_2004_euro,Women’s 3m Springboard Preliminary,Preliminary,13 MAY 2004,B,1-6,Judge 6,J6,REZNICHENKO ANATOLY UKR
European Championships 2004 (Diving),madrid_2004_euro,Women’s 3m Springboard Preliminary,Preliminary,13 MAY 2004,A,1-6,Judge 7,J7,STRITT−BURK CARMEN SUI
European Championships 2004 (Diving),madrid_2004_euro,Women’s 3m Springboard Preliminary,Preliminary,13 MAY 2004,B,1-6,Judge 7,J7,BOOTHROYD SYDNEY GBR
European Championships 2004 (Diving),madrid_2004_euro,Women’s 3m Springboard Semifinal,Semifinal,13 MAY 2004,A,1-6,Judge 1,J1,MANZONI RENATO ITA
European Championships 2004 (Diving),madrid_2004_euro,Women’s 3m Springboard Semifinal,Semifinal,13 MAY 2004,B,1-6,Judge 1,J1,CERMAKOVA MARIA CZE
European Championships 2004 (Diving),madrid_2004_euro,Women’s 3m Springboard Semifinal,Semifinal,13 MAY 2004,A,1-6,Judge 2,J2,NOVOTNA HANA CZE
European Championships 2004 (Diving),madrid_2004_euro,Women’s 3m Springboard Semifinal,Semifinal,13 MAY 2004,B,1-6,Judge 2,J2,FYRIGOU GEORGIA GRE
European Championships 2004 (Diving),madrid_2004_euro,Women’s 3m Springboard Semifinal,Semifinal,13 MAY 2004,A,1-6,Judge 3,J3,KLINGER URSULA GER
European Championships 2004 (Diving),madrid_2004_euro,Women’s 3m Springboard Semifinal,Semifinal,13 MAY 2004,B,1-6,Judge 3,J3,ZAITSEV OLEG RUS
European Championships 2004 (Diving),madrid_2004_euro,Women’s 3m Springboard Semifinal,Semifinal,13 MAY 2004,A,1-6,Judge 4,J4,KOMULAINEN JARI FIN
European Championships 2004 (Diving),madrid_2004_euro,Women’s 3m Springboard Semifinal,Semifinal,13 MAY 2004,B,1-6,Judge 4,J4,DENIS MICHEL FRA
European Championships 2004 (Diving),madrid_2004_euro,Women’s 3m Springboard Semifinal,Semifinal,13 MAY 2004,A,1-6,Judge 5,J5,NARISHKIN VLADIMIR BLR
European Championships 2004 (Diving),madrid_2004_euro,Women’s 3m Springboard Semifinal,Semifinal,13 MAY 2004,B,1-6,Judge 5,J5,V.D. KONIJNENBURG FRANS NED
European Championships 2004 (Diving),madrid_2004_euro,Women’s 3m Springboard Semifinal,Semifinal,13 MAY 2004,A,1-6,Judge 6,J6,LLINAS JULIAN ESP
European Championships 2004 (Diving),madrid_2004_euro,Women’s 3m Springboard Semifinal,Semifinal,13 MAY 2004,B,1-6,Judge 6,J6,REZNICHENKO ANATOLY UKR
European Championships 2004 (Diving),madrid_2004_euro,Women’s 3m Springboard Semifinal,Semifinal,13 MAY 2004,A,1-6,Judge 7,J7,STRITT−BURK CARMEN SUI
European Championships 2004 (Diving),madrid_2004_euro,Women’s 3m Springboard Semifinal,Semifinal,13 MAY 2004,B,1-6,Judge 7,J7,BOOTHROYD SYDNEY GBR
European Championships 2004 (Diving),madrid_2004_euro,Women’s 3m Springboard Final,Final,13 MAY 2004,A,1-6,Judge 1,J1,NOVOTNA HANA CZE
European Championships 2004 (Diving),madrid_2004_euro,Women’s 3m Springboard Final,Final,13 MAY 2004,B,1-6,Judge 5,J5,NARISHKIN VLADIMIR BLR
European Championships 2004 (Diving),madrid_2004_euro,Women’s 3m Springboard Final,Final,13 MAY 2004,A,1-6,Judge 2,J2,DENIS MICHEL FRA
European Championships 2004 (Diving),madrid_2004_euro,Women’s 3m Springboard Final,Final,13 MAY 2004,B,1-6,Judge 6,J6,BOOTHROYD SYDNEY GBR
European Championships 2004 (Diving),madrid_2004_euro,Women’s 3m Springboard Final,Final,13 MAY 2004,A,1-6,Judge 3,J3,KUGLER GRETE AUT
European Championships 2004 (Diving),madrid_2004_euro,Women’s 3m Springboard Final,Final,13 MAY 2004,B,1-6,Judge 7,J7,STRITT−BURK CARMEN SUI
European Championships 2004 (Diving),madrid_2004_euro,Women’s 3m Springboard Final,Final,13 MAY 2004,single,1-6,Judge 4,J4,KOMULAINEN JARI FIN
European Championships 2004 (Diving),madrid_2004_euro,Men’s 10m Platform Preliminary,Preliminary,14 MAY 2004,A,1-6,Judge 1,J1,KELEMEN ILDIKO HUN
European Championships 2004 (Diving),madrid_2004_euro,Men’s 10m Platform Preliminary,Preliminary,14 MAY 2004,B,1-6,Judge 1,J1,VINOGRADOV ALEXANDER RUS
European Championships 2004 (Diving),madrid_2004_euro,Men’s 10m Platform Preliminary,Preliminary,14 MAY 2004,A,1-6,Judge 2,J2,BOOTHROYD SYDNEY GBR
European Championships 2004 (Diving),madrid_2004_euro,Men’s 10m Platform Preliminary,Preliminary,14 MAY 2004,B,1-6,Judge 2,J2,STRITT−BURK CARMEN SUI
European Championships 2004 (Diving),madrid_2004_euro,Men’s 10m Platform Preliminary,Preliminary,14 MAY 2004,A,1-6,Judge 3,J3,VOELKER GERD GER
European Championships 2004 (Diving),madrid_2004_euro,Men’s 10m Platform Preliminary,Preliminary,14 MAY 2004,B,1-6,Judge 3,J3,MANZONI RENATO ITA
European Championships 2004 (Diving),madrid_2004_euro,Men’s 10m Platform Preliminary,Preliminary,14 MAY 2004,A,1-6,Judge 4,J4,DENIS MICHEL FRA
European Championships 2004 (Diving),madrid_2004_euro,Men’s 10m Platform Preliminary,Preliminary,14 MAY 2004,B,1-6,Judge 4,J4,NARISHKIN VLADIMIR BLR
European Championships 2004 (Diving),madrid_2004_euro,Men’s 10m Platform Preliminary,Preliminary,14 MAY 2004,A,1-6,Judge 5,J5,REZNICHENKO ANATOLY UKR
European Championships 2004 (Diving),madrid_2004_euro,Men’s 10m Platform Preliminary,Preliminary,14 MAY 2004,B,1-6,Judge 5,J5,FYRIGOU GEORGIA GRE
European Championships 2004 (Diving),madrid_2004_euro,Men’s 10m Platform Preliminary,Preliminary,14 MAY 2004,A,1-6,Judge 6,J6,SANCHEZ VICTORIA ESP
European Championships 2004 (Diving),madrid_2004_euro,Men’s 10m Platform Preliminary,Preliminary,14 MAY 2004,B,1-6,Judge 6,J6,CERMAKOVA MARIA CZE
European Championships 2004 (Diving),madrid_2004_euro,Men’s 10m Platform Preliminary,Preliminary,14 MAY 2004,A,1-6,Judge 7,J7,LINDBERG MATHZ SWE
European Championships 2004 (Diving),madrid_2004_euro,Men’s 10m Platform Preliminary,Preliminary,14 MAY 2004,B,1-6,Judge 7,J7,KOMULAINEN JARI FIN
European Championships 2004 (Diving),madrid_2004_euro,Men’s 10m Platform Semifinal,Semifinal,14 MAY 2004,A,1-6,Judge 1,J1,KELEMEN ILDIKO HUN
European Championships 2004 (Diving),madrid_2004_euro,Men’s 10m Platform Semifinal,Semifinal,14 MAY 2004,B,1-6,Judge 1,J1,VINOGRADOV ALEXANDER RUS
European Championships 2004 (Diving),madrid_2004_euro,Men’s 10m Platform Semifinal,Semifinal,14 MAY 2004,A,1-6,Judge 2,J2,BOOTHROYD SYDNEY GBR
European Championships 2004 (Diving),madrid_2004_euro,Men’s 10m Platform Semifinal,Semifinal,14 MAY 2004,B,1-6,Judge 2,J2,STRITT−BURK CARMEN SUI
European Championships 2004 (Diving),madrid_2004_euro,Men’s 10m Platform Semifinal,Semifinal,14 MAY 2004,A,1-6,Judge 3,J3,VOELKER GERD GER
European Championships 2004 (Diving),madrid_2004_euro,Men’s 10m Platform Semifinal,Semifinal,14 MAY 2004,B,1-6,Judge 3,J3,MANZONI RENATO ITA
European Championships 2004 (Diving),madrid_2004_euro,Men’s 10m Platform Semifinal,Semifinal,14 MAY 2004,A,1-6,Judge 4,J4,DENIS MICHEL FRA
European Championships 2004 (Diving),madrid_2004_euro,Men’s 10m Platform Semifinal,Semifinal,14 MAY 2004,B,1-6,Judge 4,J4,NARISHKIN VLADIMIR BLR
European Championships 2004 (Diving),madrid_2004_euro,Men’s 10m Platform Semifinal,Semifinal,14 MAY 2004,A,1-6,Judge 5,J5,REZNICHENKO ANATOLY UKR
European Championships 2004 (Diving),madrid_2004_euro,Men’s 10m Platform Semifinal,Semifinal,14 MAY 2004,B,1-6,Judge 5,J5,FYRIGOU GEORGIA GRE
European Championships 2004 (Diving),madrid_2004_euro,Men’s 10m Platform Semifinal,Semifinal,14 MAY 2004,A,1-6,Judge 6,J6,SANCHEZ VICTORIA ESP
European Championships 2004 (Diving),madrid_2004_euro,Men’s 10m Platform Semifinal,Semifinal,14 MAY 2004,B,1-6,Judge 6,J6,CERMAKOVA MARIA CZE
European Championships 2004 (Diving),madrid_2004_euro,Men’s 10m Platform Semifinal,Semifinal,14 MAY 2004,A,1-6,Judge 7,J7,LINDBERG MATHZ SWE
European Championships 2004 (Diving),madrid_2004_euro,Men’s 10m Platform Semifinal,Semifinal,14 MAY 2004,B,1-6,Judge 7,J7,KOMULAINEN JARI FIN
LEN European Diving Champions Cup,stockholm_2005_cc,Men’s 3m Springboard Preliminary,Preliminary,,A,1-6,Judge 1,J1,RICHTER IRENE AUT
LEN European Diving Champions Cup,stockholm_2005_cc,Men’s 3m Springboard Preliminary,Preliminary,,B,1-6,Judge 1,J1,PIERRE BERNHARD FRA
LEN European Diving Champions Cup,stockholm_2005_cc,Men’s 3m Springboard Preliminary,Preliminary,,A,1-6,Judge 2,J2,BOOTHROYD SYDNEY GBR
LEN European Diving Champions Cup,stockholm_2005_cc,Men’s 3m Springboard Preliminary,Preliminary,,B,1-6,Judge 2,J2,RIABTCHIKOV ANATOLY BLR
LEN European Diving Champions Cup,stockholm_2005_cc,Men’s 3m Springboard Preliminary,Preliminary,,A,1-6,Judge 3,J3,KONDELIS STERGIOS GRE
LEN European Diving Champions Cup,stockholm_2005_cc,Men’s 3m Springboard Preliminary,Preliminary,,B,1-6,Judge 3,J3,ADELMEIJER FRITS NED
LEN European Diving Champions Cup,stockholm_2005_cc,Men’s 3m Springboard Preliminary,Preliminary,,A,1-6,Judge 4,J4,GRODEM REINE INGER NOR
LEN European Diving Champions Cup,stockholm_2005_cc,Men’s 3m Springboard Preliminary,Preliminary,,B,1-6,Judge 4,J4,STRITT BURK CARMEN SUI
LEN European Diving Champions Cup,stockholm_2005_cc,Men’s 3m Springboard Preliminary,Preliminary,,A,1-6,Judge 5,J5,LLINAS JULIAN ESP
LEN European Diving Champions Cup,stockholm_2005_cc,Men’s 3m Springboard Preliminary,Preliminary,,B,1-6,Judge 5,J5,BUSCHKOW LUTZ GER
LEN European Diving Champions Cup,stockholm_2005_cc,Men’s 3m Springboard Preliminary,Preliminary,,A,1-6,Judge 6,J6,REZNICHENKO ANATOLY UKR
LEN European Diving Champions Cup,stockholm_2005_cc,Men’s 3m Springboard Preliminary,Preliminary,,B,1-6,Judge 6,J6,ASKAGARDEN JOSEFINE SWE
LEN European Diving Champions Cup,stockholm_2005_cc,Men’s 3m Springboard Preliminary,Preliminary,,A,1-6,Judge 7,J7,MANZONI RENATO ITA
LEN European Diving Champions Cup,stockholm_2005_cc,Men’s 3m Springboard Preliminary,Preliminary,,B,1-6,Judge 7,J7,VINOGRADOV ALEXANDER RUS
LEN European Diving Champions Cup,stockholm_2005_cc,Men’s 3m Springboard Final,Final,,A,1-6,Judge 1,J1,PIERRE BERNHARD FRA
LEN European Diving Champions Cup,stockholm_2005_cc,Men’s 3m Springboard Final,Final,,B,1-6,Judge 5,J5,VINOGRADOV ALEXANDER RUS
LEN European Diving Champions Cup,stockholm_2005_cc,Men’s 3m Springboard Final,Final,,A,1-6,Judge 2,J2,BOOTHROYD SYDNEY GBR
LEN European Diving Champions Cup,stockholm_2005_cc,Men’s 3m Springboard Final,Final,,B,1-6,Judge 6,J6,STRITT BURK CARMEN SUI
LEN European Diving Champions Cup,stockholm_2005_cc,Men’s 3m Springboard Final,Final,,A,1-6,Judge 3,J3,ASKAGARDEN JOSEFINE SWE
LEN European Diving Champions Cup,stockholm_2005_cc,Men’s 3m Springboard Final,Final,,B,1-6,Judge 7,J7,ADELMEIJER FRITS NED
LEN European Diving Champions Cup,stockholm_2005_cc,Men’s 3m Springboard Final,Final,,single,1-6,Judge 4,J4,KONDELIS STERGIOS GRE
LEN European Diving Champions Cup,stockholm_2005_cc,Women’s 10m Platform Preliminary,Preliminary,,A,1-6,Judge 1,J1,RIABTCHIKOV ANATOLY BLR
LEN European Diving Champions Cup,stockholm_2005_cc,Women’s 10m Platform Preliminary,Preliminary,,B,1-6,Judge 1,J1,PIERRE BERNHARD FRA
LEN European Diving Champions Cup,stockholm_2005_cc,Women’s 10m Platform Preliminary,Preliminary,,A,1-6,Judge 2,J2,LLINAS JULIAN ESP
LEN European Diving Champions Cup,stockholm_2005_cc,Women’s 10m Platform Preliminary,Preliminary,,B,1-6,Judge 2,J2,BOOTHROYD SYDNEY GBR
LEN European Diving Champions Cup,stockholm_2005_cc,Women’s 10m Platform Preliminary,Preliminary,,A,1-6,Judge 3,J3,MATTURI−SLOTTE MARJA FIN
LEN European Diving Champions Cup,stockholm_2005_cc,Women’s 10m Platform Preliminary,Preliminary,,B,1-6,Judge 3,J3,KONDELIS STERGIOS GRE
LEN European Diving Champions Cup,stockholm_2005_cc,Women’s 10m Platform Preliminary,Preliminary,,A,1-6,Judge 4,J4,BUSCHKOW LUTZ GER
LEN European Diving Champions Cup,stockholm_2005_cc,Women’s 10m Platform Preliminary,Preliminary,,B,1-6,Judge 4,J4,ADELMEIJER FRITS NED
LEN European Diving Champions Cup,stockholm_2005_cc,Women’s 10m Platform Preliminary,Preliminary,,A,1-6,Judge 5,J5,MANZONI RENATO ITA
LEN European Diving Champions Cup,stockholm_2005_cc,Women’s 10m Platform Preliminary,Preliminary,,B,1-6,Judge 5,J5,GRODEM REINE INGER NOR
LEN European Diving Champions Cup,stockholm_2005_cc,Women’s 10m Platform Preliminary,Preliminary,,A,1-6,Judge 6,J6,VINOGRADOV ALEXANDER RUS
LEN European Diving Champions Cup,stockholm_2005_cc,Women’s 10m Platform Preliminary,Preliminary,,B,1-6,Judge 6,J6,STRITT BURK CARMEN SUI
LEN European Diving Champions Cup,stockholm_2005_cc,Women’s 10m Platform Preliminary,Preliminary,,A,1-6,Judge 7,J7,ASKAGARDEN JOSEFINE SWE
LEN European Diving Champions Cup,stockholm_2005_cc,Women’s 10m Platform Preliminary,Preliminary,,B,1-6,Judge 7,J7,MARYANKO TETYANA UKR
LEN European Diving Champions Cup,stockholm_2005_cc,Women’s 10m Platform Final,Final,,A,1-6,Judge 1,J1,ADELMEIJER FRITS NED
LEN European Diving Champions Cup,stockholm_2005_cc,Women’s 10m Platform Final,Final,,B,1-6,Judge 5,J5,LLINAS JULIAN ESP
LEN European Diving Champions Cup,stockholm_2005_cc,Women’s 10m Platform Final,Final,,A,1-6,Judge 2,J2,KONDELIS STERGIOS GRE
LEN European Diving Champions Cup,stockholm_2005_cc,Women’s 10m Platform Final,Final,,B,1-6,Judge 6,J6,RICHTER IRENE AUT
LEN European Diving Champions Cup,stockholm_2005_cc,Women’s 10m Platform Final,Final,,A,1-6,Judge 3,J3,RIABTCHIKOV ANATOLY BLR
LEN European Diving Champions Cup,stockholm_2005_cc,Women’s 10m Platform Final,Final,,B,1-6,Judge 7,J7,STRITT BURK CARMEN SUI
LEN European Diving Champions Cup,stockholm_2005_cc,Women’s 10m Platform Final,Final,,single,1-6,Judge 4,J4,MATTURI−SLOTTE MARJA FIN
LEN European Diving Champions Cup,stockholm_2005_cc,Men’s 10m Platform Preliminary,Preliminary,,A,1-6,Judge 1,J1,BUSCHKOW LUTZ GER
LEN European Diving Champions Cup,stockholm_2005_cc,Men’s 10m Platform Preliminary,Preliminary,,B,1-6,Judge 1,J1,LLINAS JULIAN ESP
LEN European Diving Champions Cup,stockholm_2005_cc,Men’s 10m Platform Preliminary,Preliminary,,A,1-6,Judge 2,J2,MARYANKO TETYANA UKR
LEN European Diving Champions Cup,stockholm_2005_cc,Men’s 10m Platform Preliminary,Preliminary,,B,1-6,Judge 2,J2,PIERRE BERNHARD FRA
LEN European Diving Champions Cup,stockholm_2005_cc,Men’s 10m Platform Preliminary,Preliminary,,A,1-6,Judge 3,J3,MATTURI−SLOTTE MARJA FIN
LEN European Diving Champions Cup,stockholm_2005_cc,Men’s 10m Platform Preliminary,Preliminary,,B,1-6,Judge 3,J3,KNAPE LINDBERG ULRIKA SWE
LEN European Diving Champions Cup,stockholm_2005_cc,Men’s 10m Platform Preliminary,Preliminary,,A,1-6,Judge 4,J4,STRITT BURK CARMEN SUI
LEN European Diving Champions Cup,stockholm_2005_cc,Men’s 10m Platform Preliminary,Preliminary,,B,1-6,Judge 4,J4,VINOGRADOV ALEXANDER RUS
LEN European Diving Champions Cup,stockholm_2005_cc,Men’s 10m Platform Preliminary,Preliminary,,A,1-6,Judge 5,J5,ADELMEIJER FRITS NED
LEN European Diving Champions Cup,stockholm_2005_cc,Men’s 10m Platform Preliminary,Preliminary,,B,1-6,Judge 5,J5,KONDELIS STERGIOS GRE
LEN European Diving Champions Cup,stockholm_2005_cc,Men’s 10m Platform Preliminary,Preliminary,,A,1-6,Judge 6,J6,RICHTER IRENE AUT
LEN European Diving Champions Cup,stockholm_2005_cc,Men’s 10m Platform Preliminary,Preliminary,,B,1-6,Judge 6,J6,BOOTHROYD SYDNEY GBR
LEN European Diving Champions Cup,stockholm_2005_cc,Men’s 10m Platform Preliminary,Preliminary,,A,1-6,Judge 7,J7,GRODEM REINE INGER NOR
LEN European Diving Champions Cup,stockholm_2005_cc,Men’s 10m Platform Preliminary,Preliminary,,B,1-6,Judge 7,J7,MANZONI RENATO ITA
LEN European Diving Champions Cup,stockholm_2005_cc,Men’s 10m Platform Final,Final,,A,1-6,Judge 1,J1,MATTURI−SLOTTE MARJA FIN
LEN European Diving Champions Cup,stockholm_2005_cc,Men’s 10m Platform Final,Final,,B,1-6,Judge 5,J5,GRODEM REINE INGER NOR
LEN European Diving Champions Cup,stockholm_2005_cc,Men’s 10m Platform Final,Final,,A,1-6,Judge 2,J2,PIERRE BERNHARD FRA
LEN European Diving Champions Cup,stockholm_2005_cc,Men’s 10m Platform Final,Final,,B,1-6,Judge 6,J6,LLINAS JULIAN ESP
LEN European Diving Champions Cup,stockholm_2005_cc,Men’s 10m Platform Final,Final,,A,1-6,Judge 3,J3,ADELMEIJER FRITS NED
LEN European Diving Champions Cup,stockholm_2005_cc,Men’s 10m Platform Final,Final,,B,1-6,Judge 7,J7,RICHTER IRENE AUT
LEN European Diving Champions Cup,stockholm_2005_cc,Men’s 10m Platform Final,Final,,single,1-6,Judge 4,J4,KONDELIS STERGIOS GRE
LEN European Diving Champions Cup,stockholm_2005_cc,Women’s 3m Springboard Preliminary,Preliminary,,A,1-6,Judge 1,J1,MATTURI−SLOTTE MARJA FIN
LEN European Diving Champions Cup,stockholm_2005_cc,Women’s 3m Springboard Preliminary,Preliminary,,B,1-6,Judge 1,J1,GRODEM REINE INGER NOR
LEN European Diving Champions Cup,stockholm_2005_cc,Women’s 3m Springboard Preliminary,Preliminary,,A,1-6,Judge 2,J2,BUSCHKOW LUTZ GER
LEN European Diving Champions Cup,stockholm_2005_cc,Women’s 3m Springboard Preliminary,Preliminary,,B,1-6,Judge 2,J2,VINOGRADOV ALEXANDER RUS
LEN European Diving Champions Cup,stockholm_2005_cc,Women’s 3m Springboard Preliminary,Preliminary,,A,1-6,Judge 3,J3,ASKAGARDEN JOSEFINE SWE
LEN European Diving Champions Cup,stockholm_2005_cc,Women’s 3m Springboard Preliminary,Preliminary,,B,1-6,Judge 3,J3,BOOTHROYD SYDNEY GBR
LEN European Diving Champions Cup,stockholm_2005_cc,Women’s 3m Springboard Preliminary,Preliminary,,A,1-6,Judge 4,J4,MANZONI RENATO ITA
LEN European Diving Champions Cup,stockholm_2005_cc,Women’s 3m Springboard Preliminary,Preliminary,,B,1-6,Judge 4,J4,STRITT BURK CARMEN SUI
LEN European Diving Champions Cup,stockholm_2005_cc,Women’s 3m Springboard Preliminary,Preliminary,,A,1-6,Judge 5,J5,RIABTCHIKOV ANATOLY BLR
LEN European Diving Champions Cup,stockholm_2005_cc,Women’s 3m Springboard Preliminary,Preliminary,,B,1-6,Judge 5,J5,ADELMEIJER FRITS NED
LEN European Diving Champions Cup,stockholm_2005_cc,Women’s 3m Springboard Preliminary,Preliminary,,A,1-6,Judge 6,J6,LLINAS JULIAN ESP
LEN European Diving Champions Cup,stockholm_2005_cc,Women’s 3m Springboard Preliminary,Preliminary,,B,1-6,Judge 6,J6,KONDELIS STERGIOS GRE
LEN European Diving Champions Cup,stockholm_2005_cc,Women’s 3m Springboard Preliminary,Preliminary,,A,1-6,Judge 7,J7,MARYANKO TETYANA UKR
LEN European Diving Champions Cup,stockholm_2005_cc,Women’s 3m Springboard Preliminary,Preliminary,,B,1-6,Judge 7,J7,PIERRE BERNHARD FRA
LEN European Diving Champions Cup,stockholm_2005_cc,Women’s 3m Springboard Final,Final,,A,1-6,Judge 1,J1,GRODEM REINE INGER NOR
LEN European Diving Champions Cup,stockholm_2005_cc,Women’s 3m Springboard Final,Final,,B,1-6,Judge 5,J5,BUSCHKOW LUTZ GER
LEN European Diving Champions Cup,stockholm_2005_cc,Women’s 3m Springboard Final,Final,,A,1-6,Judge 2,J2,STRITT BURK CARMEN SUI
LEN European Diving Champions Cup,stockholm_2005_cc,Women’s 3m Springboard Final,Final,,B,1-6,Judge 6,J6,RIABTCHIKOV ANATOLY BLR
LEN European Diving Champions Cup,stockholm_2005_cc,Women’s 3m Springboard Final,Final,,A,1-6,Judge 3,J3,LLINAS JULIAN ESP
LEN European Diving Champions Cup,stockholm_2005_cc,Women’s 3m Springboard Final,Final,,B,1-6,Judge 7,J7,BOOTHROYD SYDNEY GBR
LEN European Diving Champions Cup,stockholm_2005_cc,Women’s 3m Springboard Final,Final,,single,1-6,Judge 4,J4,ADELMEIJER FRITS NED
11th FINA World Championships 2005 (Diving),montreal_2005_wch,Women’s 1m Springboard Preliminary,Preliminary,18 JUL 2005,A,1-6,Judge 1,J1,RUIZ PEDREGUERA Rolando CUB
11th FINA World Championships 2005 (Diving),montreal_2005_wch,Women’s 1m Springboard Preliminary,Preliminary,18 JUL 2005,B,1-6,Judge 1,J1,PULLAR Wendy AUS
11th FINA World Championships 2005 (Diving),montreal_2005_wch,Women’s 1m Springboard Preliminary,Preliminary,18 JUL 2005,A,1-6,Judge 2,J2,FIRIGOU Georgia GRE
11th FINA World Championships 2005 (Diving),montreal_2005_wch,Women’s 1m Springboard Preliminary,Preliminary,18 JUL 2005,B,1-6,Judge 2,J2,McFARLAND Steve USA
11th FINA World Championships 2005 (Diving),montreal_2005_wch,Women’s 1m Springboard Preliminary,Preliminary,18 JUL 2005,A,1-6,Judge 3,J3,SISSONS Ann NZL
11th FINA World Championships 2005 (Diving),montreal_2005_wch,Women’s 1m Springboard Preliminary,Preliminary,18 JUL 2005,B,1-6,Judge 3,J3,SAKATA Yachiyo JPN
11th FINA World Championships 2005 (Diving),montreal_2005_wch,Women’s 1m Springboard Preliminary,Preliminary,18 JUL 2005,A,1-6,Judge 4,J4,LUZ Edson Fernando BRA
11th FINA World Championships 2005 (Diving),montreal_2005_wch,Women’s 1m Springboard Preliminary,Preliminary,18 JUL 2005,B,1-6,Judge 4,J4,LLINAS Julian ESP
11th FINA World Championships 2005 (Diving),montreal_2005_wch,Women’s 1m Springboard Preliminary,Preliminary,18 JUL 2005,A,1-6,Judge 5,J5,MANZONI Renato ITA
11th FINA World Championships 2005 (Diving),montreal_2005_wch,Women’s 1m Springboard Preliminary,Preliminary,18 JUL 2005,B,1-6,Judge 5,J5,NOVOTNA Hana CZE
11th FINA World Championships 2005 (Diving),montreal_2005_wch,Women’s 1m Springboard Preliminary,Preliminary,18 JUL 2005,A,1-6,Judge 6,J6,WILSON Adrienne RSA
11th FINA World Championships 2005 (Diving),montreal_2005_wch,Women’s 1m Springboard Preliminary,Preliminary,18 JUL 2005,B,1-6,Judge 6,J6,PIERRE Bernard FRA
11th FINA World Championships 2005 (Diving),montreal_2005_wch,Women’s 1m Springboard Preliminary,Preliminary,18 JUL 2005,A,1-6,Judge 7,J7,V. D. KONIJNENBURG Frans NED
11th FINA World Championships 2005 (Diving),montreal_2005_wch,Women’s 1m Springboard Preliminary,Preliminary,18 JUL 2005,B,1-6,Judge 7,J7,TIKHONAVA Olga RUS
11th FINA World Championships 2005 (Diving),montreal_2005_wch,Women’s 1m Springboard Semifinal A,Semifinal,18 JUL 2005,A,1-6,Judge 1,J1,V. D. KONIJNENBURG Frans NED
11th FINA World Championships 2005 (Diving),montreal_2005_wch,Women’s 1m Springboard Semifinal A,Semifinal,18 JUL 2005,B,1-6,Judge 5,J5,ROCHA Sergio MEX
11th FINA World Championships 2005 (Diving),montreal_2005_wch,Women’s 1m Springboard Semifinal A,Semifinal,18 JUL 2005,A,1-6,Judge 2,J2,RUIZ PEDREGUERA Rolando CUB
11th FINA World Championships 2005 (Diving),montreal_2005_wch,Women’s 1m Springboard Semifinal A,Semifinal,18 JUL 2005,B,1-6,Judge 6,J6,NOVOTNA Hana CZE
11th FINA World Championships 2005 (Diving),montreal_2005_wch,Women’s 1m Springboard Semifinal A,Semifinal,18 JUL 2005,A,1-6,Judge 3,J3,SAKATA Yachiyo JPN
11th FINA World Championships 2005 (Diving),montreal_2005_wch,Women’s 1m Springboard Semifinal A,Semifinal,18 JUL 2005,B,1-6,Judge 7,J7,PULLAR Wendy AUS
11th FINA World Championships 2005 (Diving),montreal_2005_wch,Women’s 1m Springboard Semifinal A,Semifinal,18 JUL 2005,single,1-6,Judge 4,J4,TIKHONAVA Olga RUS
11th FINA World Championships 2005 (Diving),montreal_2005_wch,Women’s 1m Springboard Semifinal B,Semifinal,18 JUL 2005,A,1-6,Judge 1,J1,V. D. KONIJNENBURG Frans NED
11th FINA World Championships 2005 (Diving),montreal_2005_wch,Women’s 1m Springboard Semifinal B,Semifinal,18 JUL 2005,B,1-6,Judge 5,J5,ROCHA Sergio MEX
11th FINA World Championships 2005 (Diving),montreal_2005_wch,Women’s 1m Springboard Semifinal B,Semifinal,18 JUL 2005,A,1-6,Judge 2,J2,RUIZ PEDREGUERA Rolando CUB
11th FINA World Championships 2005 (Diving),montreal_2005_wch,Women’s 1m Springboard Semifinal B,Semifinal,18 JUL 2005,B,1-6,Judge 6,J6,NOVOTNA Hana CZE
11th FINA World Championships 2005 (Diving),montreal_2005_wch,Women’s 1m Springboard Semifinal B,Semifinal,18 JUL 2005,A,1-6,Judge 3,J3,SAKATA Yachiyo JPN
11th FINA World Championships 2005 (Diving),montreal_2005_wch,Women’s 1m Springboard Semifinal B,Semifinal,18 JUL 2005,B,1-6,Judge 7,J7,PULLAR Wendy AUS
11th FINA World Championships 2005 (Diving),montreal_2005_wch,Women’s 1m Springboard Semifinal B,Semifinal,18 JUL 2005,single,1-6,Judge 4,J4,TIKHONAVA Olga RUS
11th FINA World Championships 2005 (Diving),montreal_2005_wch,Women’s 1m Springboard Final,Final,18 JUL 2005,A,1-6,Judge 1,J1,V. D. KONIJNENBURG Frans NED
11th FINA World Championships 2005 (Diving),montreal_2005_wch,Women’s 1m Springboard Final,Final,18 JUL 2005,B,1-6,Judge 5,J5,ROCHA Sergio MEX
11th FINA World Championships 2005 (Diving),montreal_2005_wch,Women’s 1m Springboard Final,Final,18 JUL 2005,A,1-6,Judge 2,J2,RUIZ PEDREGUERA Rolando CUB
11th FINA World Championships 2005 (Diving),montreal_2005_wch,Women’s 1m Springboard Final,Final,18 JUL 2005,B,1-6,Judge 6,J6,NOVOTNA Hana CZE
11th FINA World Championships 2005 (Diving),montreal_2005_wch,Women’s 1m Springboard Final,Final,18 JUL 2005,A,1-6,Judge 3,J3,SAKATA Yachiyo JPN
11th FINA World Championships 2005 (Diving),montreal_2005_wch,Women’s 1m Springboard Final,Final,18 JUL 2005,B,1-6,Judge 7,J7,PULLAR Wendy AUS
11th FINA World Championships 2005 (Diving),montreal_2005_wch,Women’s 1m Springboard Final,Final,18 JUL 2005,single,1-6,Judge 4,J4,TIKHONAVA Olga RUS
11th FINA World Championships 2005 (Diving),montreal_2005_wch,Men’s 3m Springboard Preliminary,Preliminary,19 JUL 2005,A,1-6,Judge 1,J1,LINDBERG Mathz SWE
11th FINA World Championships 2005 (Diving),montreal_2005_wch,Men’s 3m Springboard Preliminary,Preliminary,19 JUL 2005,B,1-6,Judge 1,J1,BOOTHROYD Sydney GBR
11th FINA World Championships 2005 (Diving),montreal_2005_wch,Men’s 3m Springboard Preliminary,Preliminary,19 JUL 2005,A,1-6,Judge 2,J2,BOYS Beverley CAN
11th FINA World Championships 2005 (Diving),montreal_2005_wch,Men’s 3m Springboard Preliminary,Preliminary,19 JUL 2005,B,1-6,Judge 2,J2,RUIZ PEDREGUERA Rolando CUB
11th FINA World Championships 2005 (Diving),montreal_2005_wch,Men’s 3m Springboard Preliminary,Preliminary,19 JUL 2005,A,1-6,Judge 3,J3,YU Jian CHN
11th FINA World Championships 2005 (Diving),montreal_2005_wch,Men’s 3m Springboard Preliminary,Preliminary,19 JUL 2005,B,1-6,Judge 3,J3,McFARLAND Steve USA
11th FINA World Championships 2005 (Diving),montreal_2005_wch,Men’s 3m Springboard Preliminary,Preliminary,19 JUL 2005,A,1-6,Judge 4,J4,FISCHER Uwe GER
11th FINA World Championships 2005 (Diving),montreal_2005_wch,Men’s 3m Springboard Preliminary,Preliminary,19 JUL 2005,B,1-6,Judge 4,J4,V. D. KONIJNENBURG Frans NED
11th FINA World Championships 2005 (Diving),montreal_2005_wch,Men’s 3m Springboard Preliminary,Preliminary,19 JUL 2005,A,1-6,Judge 5,J5,ROCHA Sergio MEX
11th FINA World Championships 2005 (Diving),montreal_2005_wch,Men’s 3m Springboard Preliminary,Preliminary,19 JUL 2005,B,1-6,Judge 5,J5,LUZ Edson Fernando BRA
11th FINA World Championships 2005 (Diving),montreal_2005_wch,Men’s 3m Springboard Preliminary,Preliminary,19 JUL 2005,A,1-6,Judge 6,J6,PULLAR Wendy AUS
11th FINA World Championships 2005 (Diving),montreal_2005_wch,Men’s 3m Springboard Preliminary,Preliminary,19 JUL 2005,B,1-6,Judge 6,J6,NOVOTNA Hana CZE
11th FINA World Championships 2005 (Diving),montreal_2005_wch,Men’s 3m Springboard Preliminary,Preliminary,19 JUL 2005,A,1-6,Judge 7,J7,KELEMEN Ildiko HUN
11th FINA World Championships 2005 (Diving),montreal_2005_wch,Men’s 3m Springboard Preliminary,Preliminary,19 JUL 2005,B,1-6,Judge 7,J7,LLINAS Julian ESP
11th FINA World Championships 2005 (Diving),montreal_2005_wch,Men’s 3m Springboard Semifinal,Semifinal,19 JUL 2005,A,1-6,Judge 1,J1,LINDBERG Mathz SWE
11th FINA World Championships 2005 (Diving),montreal_2005_wch,Men’s 3m Springboard Semifinal,Semifinal,19 JUL 2005,B,1-6,Judge 1,J1,BOOTHROYD Sydney GBR
11th FINA World Championships 2005 (Diving),montreal_2005_wch,Men’s 3m Springboard Semifinal,Semifinal,19 JUL 2005,A,1-6,Judge 2,J2,BOYS Beverley CAN
11th FINA World Championships 2005 (Diving),montreal_2005_wch,Men’s 3m Springboard Semifinal,Semifinal,19 JUL 2005,B,1-6,Judge 2,J2,RUIZ PEDREGUERA Rolando CUB
11th FINA World Championships 2005 (Diving),montreal_2005_wch,Men’s 3m Springboard Semifinal,Semifinal,19 JUL 2005,A,1-6,Judge 3,J3,YU Jian CHN
11th FINA World Championships 2005 (Diving),montreal_2005_wch,Men’s 3m Springboard Semifinal,Semifinal,19 JUL 2005,B,1-6,Judge 3,J3,McFARLAND Steve USA
11th FINA World Championships 2005 (Diving),montreal_2005_wch,Men’s 3m Springboard Semifinal,Semifinal,19 JUL 2005,A,1-6,Judge 4,J4,FISCHER Uwe GER
11th FINA World Championships 2005 (Diving),montreal_2005_wch,Men’s 3m Springboard Semifinal,Semifinal,19 JUL 2005,B,1-6,Judge 4,J4,V. D. KONIJNENBURG Frans NED
11th FINA World Championships 2005 (Diving),montreal_2005_wch,Men’s 3m Springboard Semifinal,Semifinal,19 JUL 2005,A,1-6,Judge 5,J5,ROCHA Sergio MEX
11th FINA World Championships 2005 (Diving),montreal_2005_wch,Men’s 3m Springboard Semifinal,Semifinal,19 JUL 2005,B,1-6,Judge 5,J5,LUZ Edson Fernando BRA
11th FINA World Championships 2005 (Diving),montreal_2005_wch,Men’s 3m Springboard Semifinal,Semifinal,19 JUL 2005,A,1-6,Judge 6,J6,PULLAR Wendy AUS
11th FINA World Championships 2005 (Diving),montreal_2005_wch,Men’s 3m Springboard Semifinal,Semifinal,19 JUL 2005,B,1-6,Judge 6,J6,NOVOTNA Hana CZE
11th FINA World Championships 2005 (Diving),montreal_2005_wch,Men’s 3m Springboard Semifinal,Semifinal,19 JUL 2005,A,1-6,Judge 7,J7,KELEMEN Ildiko HUN
11th FINA World Championships 2005 (Diving),montreal_2005_wch,Men’s 3m Springboard Semifinal,Semifinal,19 JUL 2005,B,1-6,Judge 7,J7,LLINAS Julian ESP
11th FINA World Championships 2005 (Diving),montreal_2005_wch,Men’s 3m Springboard Final,Final,19 JUL 2005,A,1-6,Judge 1,J1,LINDBERG Mathz SWE
11th FINA World Championships 2005 (Diving),montreal_2005_wch,Men’s 3m Springboard Final,Final,19 JUL 2005,B,1-6,Judge 5,J5,SISSONS Ann NZL
11th FINA World Championships 2005 (Diving),montreal_2005_wch,Men’s 3m Springboard Final,Final,19 JUL 2005,A,1-6,Judge 2,J2,ROCHA Sergio MEX
11th FINA World Championships 2005 (Diving),montreal_2005_wch,Men’s 3m Springboard Final,Final,19 JUL 2005,B,1-6,Judge 6,J6,LLINAS Julian ESP
11th FINA World Championships 2005 (Diving),montreal_2005_wch,Men’s 3m Springboard Final,Final,19 JUL 2005,A,1-6,Judge 3,J3,SAKATA Yachiyo JPN
11th FINA World Championships 2005 (Diving),montreal_2005_wch,Men’s 3m Springboard Final,Final,19 JUL 2005,B,1-6,Judge 7,J7,NOVOTNA Hana CZE
11th FINA World Championships 2005 (Diving),montreal_2005_wch,Men’s 3m Springboard Final,Final,19 JUL 2005,single,1-6,Judge 4,J4,KELEMEN Ildiko HUN
11th FINA World Championships 2005 (Diving),montreal_2005_wch,Women’s 10m Platform Preliminary,Preliminary,20 JUL 2005,A,1-6,Judge 1,J1,MANZONI Renato ITA
11th FINA World Championships 2005 (Diving),montreal_2005_wch,Women’s 10m Platform Preliminary,Preliminary,20 JUL 2005,B,1-6,Judge 1,J1,ROCHA Sergio MEX
11th FINA World Championships 2005 (Diving),montreal_2005_wch,Women’s 10m Platform Preliminary,Preliminary,20 JUL 2005,A,1-6,Judge 2,J2,McFARLAND Steve USA
11th FINA World Championships 2005 (Diving),montreal_2005_wch,Women’s 10m Platform Preliminary,Preliminary,20 JUL 2005,B,1-6,Judge 2,J2,PIERRE Bernard FRA
11th FINA World Championships 2005 (Diving),montreal_2005_wch,Women’s 10m Platform Preliminary,Preliminary,20 JUL 2005,A,1-6,Judge 3,J3,SAKATA Yachiyo JPN
11th FINA World Championships 2005 (Diving),montreal_2005_wch,Women’s 10m Platform Preliminary,Preliminary,20 JUL 2005,B,1-6,Judge 3,J3,WILSON Adrienne RSA
11th FINA World Championships 2005 (Diving),montreal_2005_wch,Women’s 10m Platform Preliminary,Preliminary,20 JUL 2005,A,1-6,Judge 4,J4,TIKHONAVA Olga RUS
11th FINA World Championships 2005 (Diving),montreal_2005_wch,Women’s 10m Platform Preliminary,Preliminary,20 JUL 2005,B,1-6,Judge 4,J4,LINDBERG Mathz SWE
11th FINA World Championships 2005 (Diving),montreal_2005_wch,Women’s 10m Platform Preliminary,Preliminary,20 JUL 2005,A,1-6,Judge 5,J5,BOOTHROYD Sydney GBR
11th FINA World Championships 2005 (Diving),montreal_2005_wch,Women’s 10m Platform Preliminary,Preliminary,20 JUL 2005,B,1-6,Judge 5,J5,YU Jian CHN
11th FINA World Championships 2005 (Diving),montreal_2005_wch,Women’s 10m Platform Preliminary,Preliminary,20 JUL 2005,A,1-6,Judge 6,J6,RUIZ PEDREGUERA Rolando CUB
11th FINA World Championships 2005 (Diving),montreal_2005_wch,Women’s 10m Platform Preliminary,Preliminary,20 JUL 2005,B,1-6,Judge 6,J6,BOYS Beverley CAN
11th FINA World Championships 2005 (Diving),montreal_2005_wch,Women’s 10m Platform Preliminary,Preliminary,20 JUL 2005,A,1-6,Judge 7,J7,FIRIGOU Georgia GRE
11th FINA World Championships 2005 (Diving),montreal_2005_wch,Women’s 10m Platform Preliminary,Preliminary,20 JUL 2005,B,1-6,Judge 7,J7,FISCHER Uwe GER
11th FINA World Championships 2005 (Diving),montreal_2005_wch,Women’s 10m Platform Semifinal,Semifinal,20 JUL 2005,A,1-6,Judge 1,J1,MANZONI Renato ITA
11th FINA World Championships 2005 (Diving),montreal_2005_wch,Women’s 10m Platform Semifinal,Semifinal,20 JUL 2005,B,1-6,Judge 1,J1,ROCHA Sergio MEX
11th FINA World Championships 2005 (Diving),montreal_2005_wch,Women’s 10m Platform Semifinal,Semifinal,20 JUL 2005,A,1-6,Judge 2,J2,McFARLAND Steve USA
11th FINA World Championships 2005 (Diving),montreal_2005_wch,Women’s 10m Platform Semifinal,Semifinal,20 JUL 2005,B,1-6,Judge 2,J2,PIERRE Bernard FRA
11th FINA World Championships 2005 (Diving),montreal_2005_wch,Women’s 10m Platform Semifinal,Semifinal,20 JUL 2005,A,1-6,Judge 3,J3,SAKATA Yachiyo JPN
11th FINA World Championships 2005 (Diving),montreal_2005_wch,Women’s 10m Platform Semifinal,Semifinal,20 JUL 2005,B,1-6,Judge 3,J3,WILSON Adrienne RSA
11th FINA World Championships 2005 (Diving),montreal_2005_wch,Women’s 10m Platform Semifinal,Semifinal,20 JUL 2005,A,1-6,Judge 4,J4,TIKHONAVA Olga RUS
11th FINA World Championships 2005 (Diving),montreal_2005_wch,Women’s 10m Platform Semifinal,Semifinal,20 JUL 2005,B,1-6,Judge 4,J4,LINDBERG Mathz SWE
11th FINA World Championships 2005 (Diving),montreal_2005_wch,Women’s 10m Platform Semifinal,Semifinal,20 JUL 2005,A,1-6,Judge 5,J5,BOOTHROYD Sydney GBR
11th FINA World Championships 2005 (Diving),montreal_2005_wch,Women’s 10m Platform Semifinal,Semifinal,20 JUL 2005,B,1-6,Judge 5,J5,YU Jian CHN
11th FINA World Championships 2005 (Diving),montreal_2005_wch,Women’s 10m Platform Semifinal,Semifinal,20 JUL 2005,A,1-6,Judge 6,J6,RUIZ PEDREGUERA Rolando CUB
11th FINA World Championships 2005 (Diving),montreal_2005_wch,Women’s 10m Platform Semifinal,Semifinal,20 JUL 2005,B,1-6,Judge 6,J6,BOYS Beverley CAN
11th FINA World Championships 2005 (Diving),montreal_2005_wch,Women’s 10m Platform Semifinal,Semifinal,20 JUL 2005,A,1-6,Judge 7,J7,FIRIGOU Georgia GRE
11th FINA World Championships 2005 (Diving),montreal_2005_wch,Women’s 10m Platform Semifinal,Semifinal,20 JUL 2005,B,1-6,Judge 7,J7,FISCHER Uwe GER
11th FINA World Championships 2005 (Diving),montreal_2005_wch,Women’s 10m Platform Final,Final,20 JUL 2005,A,1-6,Judge 1,J1,FIRIGOU Georgia GRE
11th FINA World Championships 2005 (Diving),montreal_2005_wch,Women’s 10m Platform Final,Final,20 JUL 2005,B,1-6,Judge 5,J5,PIERRE Bernard FRA
11th FINA World Championships 2005 (Diving),montreal_2005_wch,Women’s 10m Platform Final,Final,20 JUL 2005,A,1-6,Judge 2,J2,RUIZ PEDREGUERA Rolando CUB
11th FINA World Championships 2005 (Diving),montreal_2005_wch,Women’s 10m Platform Final,Final,20 JUL 2005,B,1-6,Judge 6,J6,SISSONS Ann NZL
11th FINA World Championships 2005 (Diving),montreal_2005_wch,Women’s 10m Platform Final,Final,20 JUL 2005,A,1-6,Judge 3,J3,BOOTHROYD Sydney GBR
11th FINA World Championships 2005 (Diving),montreal_2005_wch,Women’s 10m Platform Final,Final,20 JUL 2005,B,1-6,Judge 7,J7,FISCHER Uwe GER
11th FINA World Championships 2005 (Diving),montreal_2005_wch,Women’s 10m Platform Final,Final,20 JUL 2005,single,1-6,Judge 4,J4,WILSON Adrienne RSA
11th FINA World Championships 2005 (Diving),montreal_2005_wch,Men’s 1m Springboard Preliminary,Preliminary,21 JUL 2005,A,1-6,Judge 1,J1,LLINAS Julian ESP
11th FINA World Championships 2005 (Diving),montreal_2005_wch,Men’s 1m Springboard Preliminary,Preliminary,21 JUL 2005,B,1-6,Judge 1,J1,KELEMEN Ildiko HUN
11th FINA World Championships 2005 (Diving),montreal_2005_wch,Men’s 1m Springboard Preliminary,Preliminary,21 JUL 2005,A,1-6,Judge 2,J2,PIERRE Bernard FRA
11th FINA World Championships 2005 (Diving),montreal_2005_wch,Men’s 1m Springboard Preliminary,Preliminary,21 JUL 2005,B,1-6,Judge 2,J2,SAKATA Yachiyo JPN
11th FINA World Championships 2005 (Diving),montreal_2005_wch,Men’s 1m Springboard Preliminary,Preliminary,21 JUL 2005,A,1-6,Judge 3,J3,NOVOTNA Hana CZE
11th FINA World Championships 2005 (Diving),montreal_2005_wch,Men’s 1m Springboard Preliminary,Preliminary,21 JUL 2005,B,1-6,Judge 3,J3,RUIZ PEDREGUERA Rolando CUB
11th FINA World Championships 2005 (Diving),montreal_2005_wch,Men’s 1m Springboard Preliminary,Preliminary,21 JUL 2005,A,1-6,Judge 4,J4,V. D. KONIJNENBURG Frans NED
11th FINA World Championships 2005 (Diving),montreal_2005_wch,Men’s 1m Springboard Preliminary,Preliminary,21 JUL 2005,B,1-6,Judge 4,J4,TIKHONAVA Olga RUS
11th FINA World Championships 2005 (Diving),montreal_2005_wch,Men’s 1m Springboard Preliminary,Preliminary,21 JUL 2005,A,1-6,Judge 5,J5,SISSONS Ann NZL
11th FINA World Championships 2005 (Diving),montreal_2005_wch,Men’s 1m Springboard Preliminary,Preliminary,21 JUL 2005,B,1-6,Judge 5,J5,LUZ Edson Fernando BRA
11th FINA World Championships 2005 (Diving),montreal_2005_wch,Men’s 1m Springboard Preliminary,Preliminary,21 JUL 2005,A,1-6,Judge 6,J6,FISCHER Uwe GER
11th FINA World Championships 2005 (Diving),montreal_2005_wch,Men’s 1m Springboard Preliminary,Preliminary,21 JUL 2005,B,1-6,Judge 6,J6,BOYS Beverley CAN
11th FINA World Championships 2005 (Diving),montreal_2005_wch,Men’s 1m Springboard Preliminary,Preliminary,21 JUL 2005,A,1-6,Judge 7,J7,BOOTHROYD Sydney GBR
11th FINA World Championships 2005 (Diving),montreal_2005_wch,Men’s 1m Springboard Preliminary,Preliminary,21 JUL 2005,B,1-6,Judge 7,J7,LINDBERG Mathz SWE
11th FINA World Championships 2005 (Diving),montreal_2005_wch,Men’s 1m Springboard Semifinal A,Semifinal,21 JUL 2005,A,1-6,Judge 1,J1,PIERRE Bernard FRA
11th FINA World Championships 2005 (Diving),montreal_2005_wch,Men’s 1m Springboard Semifinal A,Semifinal,21 JUL 2005,B,1-6,Judge 5,J5,NOVOTNA Hana CZE
11th FINA World Championships 2005 (Diving),montreal_2005_wch,Men’s 1m Springboard Semifinal A,Semifinal,21 JUL 2005,A,1-6,Judge 2,J2,ROCHA Sergio MEX
11th FINA World Championships 2005 (Diving),montreal_2005_wch,Men’s 1m Springboard Semifinal A,Semifinal,21 JUL 2005,B,1-6,Judge 6,J6,SISSONS Ann NZL
11th FINA World Championships 2005 (Diving),montreal_2005_wch,Men’s 1m Springboard Semifinal A,Semifinal,21 JUL 2005,A,1-6,Judge 3,J3,V. D. KONIJNENBURG Frans NED
11th FINA World Championships 2005 (Diving),montreal_2005_wch,Men’s 1m Springboard Semifinal A,Semifinal,21 JUL 2005,B,1-6,Judge 7,J7,KELEMEN Ildiko HUN
11th FINA World Championships 2005 (Diving),montreal_2005_wch,Men’s 1m Springboard Semifinal A,Semifinal,21 JUL 2005,single,1-6,Judge 4,J4,RUIZ PEDREGUERA Rolando CUB
11th FINA World Championships 2005 (Diving),montreal_2005_wch,Men’s 1m Springboard Semifinal B,Semifinal,21 JUL 2005,A,1-6,Judge 1,J1,PIERRE Bernard FRA
11th FINA World Championships 2005 (Diving),montreal_2005_wch,Men’s 1m Springboard Semifinal B,Semifinal,21 JUL 2005,B,1-6,Judge 5,J5,NOVOTNA Hana CZE
11th FINA World Championships 2005 (Diving),montreal_2005_wch,Men’s 1m Springboard Semifinal B,Semifinal,21 JUL 2005,A,1-6,Judge 2,J2,ROCHA Sergio MEX
11th FINA World Championships 2005 (Diving),montreal_2005_wch,Men’s 1m Springboard Semifinal B,Semifinal,21 JUL 2005,B,1-6,Judge 6,J6,SISSONS Ann NZL
11th FINA World Championships 2005 (Diving),montreal_2005_wch,Men’s 1m Springboard Semifinal B,Semifinal,21 JUL 2005,A,1-6,Judge 3,J3,V. D. KONIJNENBURG Frans NED
11th FINA World Championships 2005 (Diving),montreal_2005_wch,Men’s 1m Springboard Semifinal B,Semifinal,21 JUL 2005,B,1-6,Judge 7,J7,KELEMEN Ildiko HUN
11th FINA World Championships 2005 (Diving),montreal_2005_wch,Men’s 1m Springboard Semifinal B,Semifinal,21 JUL 2005,single,1-6,Judge 4,J4,RUIZ PEDREGUERA Rolando CUB
11th FINA World Championships 2005 (Diving),montreal_2005_wch,Men’s 1m Springboard Final,Final,21 JUL 2005,A,1-6,Judge 1,J1,PIERRE Bernard FRA
11th FINA World Championships 2005 (Diving),montreal_2005_wch,Men’s 1m Springboard Final,Final,21 JUL 2005,B,1-6,Judge 5,J5,NOVOTNA Hana CZE
11th FINA World Championships 2005 (Diving),montreal_2005_wch,Men’s 1m Springboard Final,Final,21 JUL 2005,A,1-6,Judge 2,J2,ROCHA Sergio MEX
11th FINA World Championships 2005 (Diving),montreal_2005_wch,Men’s 1m Springboard Final,Final,21 JUL 2005,B,1-6,Judge 6,J6,SISSONS Ann NZL
11th FINA World Championships 2005 (Diving),montreal_2005_wch,Men’s 1m Springboard Final,Final,21 JUL 2005,A,1-6,Judge 3,J3,V. D. KONIJNENBURG Frans NED
11th FINA World Championships 2005 (Diving),montreal_2005_wch,Men’s 1m Springboard Final,Final,21 JUL 2005,B,1-6,Judge 7,J7,KELEMEN Ildiko HUN
11th FINA World Championships 2005 (Diving),montreal_2005_wch,Men’s 1m Springboard Final,Final,21 JUL 2005,single,1-6,Judge 4,J4,RUIZ PEDREGUERA Rolando CUB
11th FINA World Championships 2005 (Diving),montreal_2005_wch,Women’s 3m Springboard Preliminary,Preliminary,22 JUL 2005,A,1-6,Judge 1,J1,YU Jian CHN
11th FINA World Championships 2005 (Diving),montreal_2005_wch,Women’s 3m Springboard Preliminary,Preliminary,22 JUL 2005,B,1-6,Judge 1,J1,LLINAS Julian ESP
11th FINA World Championships 2005 (Diving),montreal_2005_wch,Women’s 3m Springboard Preliminary,Preliminary,22 JUL 2005,A,1-6,Judge 2,J2,ROCHA Sergio MEX
11th FINA World Championships 2005 (Diving),montreal_2005_wch,Women’s 3m Springboard Preliminary,Preliminary,22 JUL 2005,B,1-6,Judge 2,J2,PIERRE Bernard FRA
11th FINA World Championships 2005 (Diving),montreal_2005_wch,Women’s 3m Springboard Preliminary,Preliminary,22 JUL 2005,A,1-6,Judge 3,J3,WILSON Adrienne RSA
11th FINA World Championships 2005 (Diving),montreal_2005_wch,Women’s 3m Springboard Preliminary,Preliminary,22 JUL 2005,B,1-6,Judge 3,J3,V. D. KONIJNENBURG Frans NED
11th FINA World Championships 2005 (Diving),montreal_2005_wch,Women’s 3m Springboard Preliminary,Preliminary,22 JUL 2005,A,1-6,Judge 4,J4,MANZONI Renato ITA
11th FINA World Championships 2005 (Diving),montreal_2005_wch,Women’s 3m Springboard Preliminary,Preliminary,22 JUL 2005,B,1-6,Judge 4,J4,NOVOTNA Hana CZE
11th FINA World Championships 2005 (Diving),montreal_2005_wch,Women’s 3m Springboard Preliminary,Preliminary,22 JUL 2005,A,1-6,Judge 5,J5,KELEMEN Ildiko HUN
11th FINA World Championships 2005 (Diving),montreal_2005_wch,Women’s 3m Springboard Preliminary,Preliminary,22 JUL 2005,B,1-6,Judge 5,J5,SAKATA Yachiyo JPN
11th FINA World Championships 2005 (Diving),montreal_2005_wch,Women’s 3m Springboard Preliminary,Preliminary,22 JUL 2005,A,1-6,Judge 6,J6,SISSONS Ann NZL
11th FINA World Championships 2005 (Diving),montreal_2005_wch,Women’s 3m Springboard Preliminary,Preliminary,22 JUL 2005,B,1-6,Judge 6,J6,BOYS Beverley CAN
11th FINA World Championships 2005 (Diving),montreal_2005_wch,Women’s 3m Springboard Preliminary,Preliminary,22 JUL 2005,A,1-6,Judge 7,J7,FYRIGOU Georgia GRE
11th FINA World Championships 2005 (Diving),montreal_2005_wch,Women’s 3m Springboard Preliminary,Preliminary,22 JUL 2005,B,1-6,Judge 7,J7,TIKHONAVA Olga RUS
11th FINA World Championships 2005 (Diving),montreal_2005_wch,Women’s 3m Springboard Semifinal,Semifinal,22 JUL 2005,A,1-6,Judge 1,J1,YU Jian CHN
11th FINA World Championships 2005 (Diving),montreal_2005_wch,Women’s 3m Springboard Semifinal,Semifinal,22 JUL 2005,B,1-6,Judge 1,J1,LLINAS Julian ESP
11th FINA World Championships 2005 (Diving),montreal_2005_wch,Women’s 3m Springboard Semifinal,Semifinal,22 JUL 2005,A,1-6,Judge 2,J2,ROCHA Sergio MEX
11th FINA World Championships 2005 (Diving),montreal_2005_wch,Women’s 3m Springboard Semifinal,Semifinal,22 JUL 2005,B,1-6,Judge 2,J2,PIERRE Bernard FRA
11th FINA World Championships 2005 (Diving),montreal_2005_wch,Women’s 3m Springboard Semifinal,Semifinal,22 JUL 2005,A,1-6,Judge 3,J3,WILSON Adrienne RSA
11th FINA World Championships 2005 (Diving),montreal_2005_wch,Women’s 3m Springboard Semifinal,Semifinal,22 JUL 2005,B,1-6,Judge 3,J3,V. D. KONIJNENBURG Frans NED
11th FINA World Championships 2005 (Diving),montreal_2005_wch,Women’s 3m Springboard Semifinal,Semifinal,22 JUL 2005,A,1-6,Judge 4,J4,MANZONI Renato ITA
11th FINA World Championships 2005 (Diving),montreal_2005_wch,Women’s 3m Springboard Semifinal,Semifinal,22 JUL 2005,B,1-6,Judge 4,J4,NOVOTNA Hana CZE
11th FINA World Championships 2005 (Diving),montreal_2005_wch,Women’s 3m Springboard Semifinal,Semifinal,22 JUL 2005,A,1-6,Judge 5,J5,KELEMEN Ildiko HUN
11th FINA World Championships 2005 (Diving),montreal_2005_wch,Women’s 3m Springboard Semifinal,Semifinal,22 JUL 2005,B,1-6,Judge 5,J5,SAKATA Yachiyo JPN
11th FINA World Championships 2005 (Diving),montreal_2005_wch,Women’s 3m Springboard Semifinal,Semifinal,22 JUL 2005,A,1-6,Judge 6,J6,SISSONS Ann NZL
11th FINA World Championships 2005 (Diving),montreal_2005_wch,Women’s 3m Springboard Semifinal,Semifinal,22 JUL 2005,B,1-6,Judge 6,J6,BOYS Beverley CAN
11th FINA World Championships 2005 (Diving),montreal_2005_wch,Women’s 3m Springboard Semifinal,Semifinal,22 JUL 2005,A,1-6,Judge 7,J7,FYRIGOU Georgia GRE
11th FINA World Championships 2005 (Diving),montreal_2005_wch,Women’s 3m Springboard Semifinal,Semifinal,22 JUL 2005,B,1-6,Judge 7,J7,TIKHONAVA Olga RUS
11th FINA World Championships 2005 (Diving),montreal_2005_wch,Women’s 3m Springboard Final,Final,22 JUL 2005,A,1-6,Judge 1,J1,KELEMEN Ildiko HUN
11th FINA World Championships 2005 (Diving),montreal_2005_wch,Women’s 3m Springboard Final,Final,22 JUL 2005,B,1-6,Judge 5,J5,RUIZ PEDREGUERA Rolando CUB
11th FINA World Championships 2005 (Diving),montreal_2005_wch,Women’s 3m Springboard Final,Final,22 JUL 2005,A,1-6,Judge 2,J2,ROCHA Sergio MEX
11th FINA World Championships 2005 (Diving),montreal_2005_wch,Women’s 3m Springboard Final,Final,22 JUL 2005,B,1-6,Judge 6,J6,PIERRE Bernard FRA
11th FINA World Championships 2005 (Diving),montreal_2005_wch,Women’s 3m Springboard Final,Final,22 JUL 2005,A,1-6,Judge 3,J3,SISSONS Ann NZL
11th FINA World Championships 2005 (Diving),montreal_2005_wch,Women’s 3m Springboard Final,Final,22 JUL 2005,B,1-6,Judge 7,J7,V. D. KONIJNENBURG Frans NED
11th FINA World Championships 2005 (Diving),montreal_2005_wch,Women’s 3m Springboard Final,Final,22 JUL 2005,single,1-6,Judge 4,J4,NOVOTNA Hana CZE
11th FINA World Championships 2005 (Diving),montreal_2005_wch,Men’s 10m Platform Preliminary,Preliminary,23 JUL 2005,A,1-6,Judge 1,J1,MANZONI Renato ITA
11th FINA World Championships 2005 (Diving),montreal_2005_wch,Men’s 10m Platform Preliminary,Preliminary,23 JUL 2005,B,1-6,Judge 1,J1,LINDBERG Mathz SWE
11th FINA World Championships 2005 (Diving),montreal_2005_wch,Men’s 10m Platform Preliminary,Preliminary,23 JUL 2005,A,1-6,Judge 2,J2,RUIZ PEDREGUERA Rolando CUB
11th FINA World Championships 2005 (Diving),montreal_2005_wch,Men’s 10m Platform Preliminary,Preliminary,23 JUL 2005,B,1-6,Judge 2,J2,McFARLAND Steve USA
11th FINA World Championships 2005 (Diving),montreal_2005_wch,Men’s 10m Platform Preliminary,Preliminary,23 JUL 2005,A,1-6,Judge 3,J3,YU Jian CHN
11th FINA World Championships 2005 (Diving),montreal_2005_wch,Men’s 10m Platform Preliminary,Preliminary,23 JUL 2005,B,1-6,Judge 3,J3,WILSON Adrienne RSA
11th FINA World Championships 2005 (Diving),montreal_2005_wch,Men’s 10m Platform Preliminary,Preliminary,23 JUL 2005,A,1-6,Judge 4,J4,TIKHONAVA Olga RUS
11th FINA World Championships 2005 (Diving),montreal_2005_wch,Men’s 10m Platform Preliminary,Preliminary,23 JUL 2005,B,1-6,Judge 4,J4,FISCHER Uwe GER
11th FINA World Championships 2005 (Diving),montreal_2005_wch,Men’s 10m Platform Preliminary,Preliminary,23 JUL 2005,A,1-6,Judge 5,J5,PULLAR Wendy AUS
11th FINA World Championships 2005 (Diving),montreal_2005_wch,Men’s 10m Platform Preliminary,Preliminary,23 JUL 2005,B,1-6,Judge 5,J5,ROCHA Sergio MEX
11th FINA World Championships 2005 (Diving),montreal_2005_wch,Men’s 10m Platform Preliminary,Preliminary,23 JUL 2005,A,1-6,Judge 6,J6,SAKATA Yachiyo JPN
11th FINA World Championships 2005 (Diving),montreal_2005_wch,Men’s 10m Platform Preliminary,Preliminary,23 JUL 2005,B,1-6,Judge 6,J6,SISSONS Ann NZL
11th FINA World Championships 2005 (Diving),montreal_2005_wch,Men’s 10m Platform Preliminary,Preliminary,23 JUL 2005,A,1-6,Judge 7,J7,LUZ Edson Fernando BRA
11th FINA World Championships 2005 (Diving),montreal_2005_wch,Men’s 10m Platform Preliminary,Preliminary,23 JUL 2005,B,1-6,Judge 7,J7,BOOTHROYD Sydney GBR
11th FINA World Championships 2005 (Diving),montreal_2005_wch,Men’s 10m Platform Semifinal,Semifinal,23 JUL 2005,A,1-6,Judge 1,J1,MANZONI Renato ITA
11th FINA World Championships 2005 (Diving),montreal_2005_wch,Men’s 10m Platform Semifinal,Semifinal,23 JUL 2005,B,1-6,Judge 1,J1,LINDBERG Mathz SWE
11th FINA World Championships 2005 (Diving),montreal_2005_wch,Men’s 10m Platform Semifinal,Semifinal,23 JUL 2005,A,1-6,Judge 2,J2,RUIZ PEDREGUERA Rolando CUB
11th FINA World Championships 2005 (Diving),montreal_2005_wch,Men’s 10m Platform Semifinal,Semifinal,23 JUL 2005,B,1-6,Judge 2,J2,McFARLAND Steve USA
11th FINA World Championships 2005 (Diving),montreal_2005_wch,Men’s 10m Platform Semifinal,Semifinal,23 JUL 2005,A,1-6,Judge 3,J3,YU Jian CHN
11th FINA World Championships 2005 (Diving),montreal_2005_wch,Men’s 10m Platform Semifinal,Semifinal,23 JUL 2005,B,1-6,Judge 3,J3,WILSON Adrienne RSA
11th FINA World Championships 2005 (Diving),montreal_2005_wch,Men’s 10m Platform Semifinal,Semifinal,23 JUL 2005,A,1-6,Judge 4,J4,TIKHONAVA Olga RUS
11th FINA World Championships 2005 (Diving),montreal_2005_wch,Men’s 10m Platform Semifinal,Semifinal,23 JUL 2005,B,1-6,Judge 4,J4,FISCHER Uwe GER
11th FINA World Championships 2005 (Diving),montreal_2005_wch,Men’s 10m Platform Semifinal,Semifinal,23 JUL 2005,A,1-6,Judge 5,J5,PULLAR Wendy AUS
11th FINA World Championships 2005 (Diving),montreal_2005_wch,Men’s 10m Platform Semifinal,Semifinal,23 JUL 2005,B,1-6,Judge 5,J5,ROCHA Sergio MEX
11th FINA World Championships 2005 (Diving),montreal_2005_wch,Men’s 10m Platform Semifinal,Semifinal,23 JUL 2005,A,1-6,Judge 6,J6,SAKATA Yachiyo JPN
11th FINA World Championships 2005 (Diving),montreal_2005_wch,Men’s 10m Platform Semifinal,Semifinal,23 JUL 2005,B,1-6,Judge 6,J6,SISSONS Ann NZL
11th FINA World Championships 2005 (Diving),montreal_2005_wch,Men’s 10m Platform Semifinal,Semifinal,23 JUL 2005,A,1-6,Judge 7,J7,LUZ Edson Fernando BRA
11th FINA World Championships 2005 (Diving),montreal_2005_wch,Men’s 10m Platform Semifinal,Semifinal,23 JUL 2005,B,1-6,Judge 7,J7,BOOTHROYD Sydney GBR
11th FINA World Championships 2005 (Diving),montreal_2005_wch,Men’s 10m Platform Final,Final,23 JUL 2005,A,1-6,Judge 1,J1,MANZONI Renato ITA
11th FINA World Championships 2005 (Diving),montreal_2005_wch,Men’s 10m Platform Final,Final,23 JUL 2005,B,1-6,Judge 5,J5,FYRIGOU Georgia GRE
11th FINA World Championships 2005 (Diving),montreal_2005_wch,Men’s 10m Platform Final,Final,23 JUL 2005,A,1-6,Judge 2,J2,BOYS Beverley CAN
11th FINA World Championships 2005 (Diving),montreal_2005_wch,Men’s 10m Platform Final,Final,23 JUL 2005,B,1-6,Judge 6,J6,SISSONS Ann NZL
11th FINA World Championships 2005 (Diving),montreal_2005_wch,Men’s 10m Platform Final,Final,23 JUL 2005,A,1-6,Judge 3,J3,LINDBERG Mathz SWE
11th FINA World Championships 2005 (Diving),montreal_2005_wch,Men’s 10m Platform Final,Final,23 JUL 2005,B,1-6,Judge 7,J7,KELEMEN Ildiko HUN
11th FINA World Championships 2005 (Diving),montreal_2005_wch,Men’s 10m Platform Final,Final,23 JUL 2005,single,1-6,Judge 4,J4,McFARLAND Steve USA
4th East Asian Games 2005 (Diving),macau_2005_eag,Men’s 3m Springboard Final,Final,,A,1-6,Judge 1,J1,HUANG Rongrong CHN
4th East Asian Games 2005 (Diving),macau_2005_eag,Men’s 3m Springboard Final,Final,,B,1-6,Judge 5,J5,SEMENOV Yaroslav KAZ
4th East Asian Games 2005 (Diving),macau_2005_eag,Men’s 3m Springboard Final,Final,,A,1-6,Judge 2,J2,SAKATA Yachiyo JPN
4th East Asian Games 2005 (Diving),macau_2005_eag,Men’s 3m Springboard Final,Final,,B,1-6,Judge 6,J6,MOON Eul Ok KOR
4th East Asian Games 2005 (Diving),macau_2005_eag,Men’s 3m Springboard Final,Final,,A,1-6,Judge 3,J3,CHAVALIT Roong Pajataej THA
4th East Asian Games 2005 (Diving),macau_2005_eag,Men’s 3m Springboard Final,Final,,B,1-6,Judge 7,J7,RI Sok Phil PRK
4th East Asian Games 2005 (Diving),macau_2005_eag,Men’s 3m Springboard Final,Final,,single,1-6,Judge 4,J4,NG Sio Wan MAC
4th East Asian Games 2005 (Diving),macau_2005_eag,Women’s 1m Springboard Final,Final,,A,1-6,Judge 1,J1,SAKATA Yachiyo JPN
4th East Asian Games 2005 (Diving),macau_2005_eag,Women’s 1m Springboard Final,Final,,B,1-6,Judge 5,J5,HSIEH Ming−Jing TPE
4th East Asian Games 2005 (Diving),macau_2005_eag,Women’s 1m Springboard Final,Final,,A,1-6,Judge 2,J2,NG Sio Wan MAC
4th East Asian Games 2005 (Diving),macau_2005_eag,Women’s 1m Springboard Final,Final,,B,1-6,Judge 6,J6,HUANG Rongrong CHN
4th East Asian Games 2005 (Diving),macau_2005_eag,Women’s 1m Springboard Final,Final,,A,1-6,Judge 3,J3,LAM Yuk Leung HKG
4th East Asian Games 2005 (Diving),macau_2005_eag,Women’s 1m Springboard Final,Final,,B,1-6,Judge 7,J7,CHONG Edwin MAS
4th East Asian Games 2005 (Diving),macau_2005_eag,Women’s 1m Springboard Final,Final,,single,1-6,Judge 4,J4,MOON Eul Ok KOR
4th East Asian Games 2005 (Diving),macau_2005_eag,Men’s 1m Springboard Final,Final,,A,1-6,Judge 1,J1,LAM Yuk Leung HKG
4th East Asian Games 2005 (Diving),macau_2005_eag,Men’s 1m Springboard Final,Final,,B,1-6,Judge 5,J5,SHARMA Ashok Kumar IND
4th East Asian Games 2005 (Diving),macau_2005_eag,Men’s 1m Springboard Final,Final,,A,1-6,Judge 2,J2,SEMENOV Yaroslav KAZ
4th East Asian Games 2005 (Diving),macau_2005_eag,Men’s 1m Springboard Final,Final,,B,1-6,Judge 6,J6,IAO Cheng MAC
4th East Asian Games 2005 (Diving),macau_2005_eag,Men’s 1m Springboard Final,Final,,A,1-6,Judge 3,J3,MOON Eul Ok KOR
4th East Asian Games 2005 (Diving),macau_2005_eag,Men’s 1m Springboard Final,Final,,B,1-6,Judge 7,J7,HUANG Rongrong CHN
4th East Asian Games 2005 (Diving),macau_2005_eag,Men’s 1m Springboard Final,Final,,single,1-6,Judge 4,J4,CHAVALIT Roong Pajataej THA
4th East Asian Games 2005 (Diving),macau_2005_eag,Women’s 3m Springboard Final,Final,,A,1-6,Judge 1,J1,ZHANG Jingshan CHN
4th East Asian Games 2005 (Diving),macau_2005_eag,Women’s 3m Springboard Final,Final,,B,1-6,Judge 5,J5,HSIEH Ming−Jing TPE
4th East Asian Games 2005 (Diving),macau_2005_eag,Women’s 3m Springboard Final,Final,,A,1-6,Judge 2,J2,IAO Cheng MAC
4th East Asian Games 2005 (Diving),macau_2005_eag,Women’s 3m Springboard Final,Final,,B,1-6,Judge 6,J6,LAM Yuk Leung HKG
4th East Asian Games 2005 (Diving),macau_2005_eag,Women’s 3m Springboard Final,Final,,A,1-6,Judge 3,J3,MOON Eul Ok KOR
4th East Asian Games 2005 (Diving),macau_2005_eag,Women’s 3m Springboard Final,Final,,B,1-6,Judge 7,J7,SAKATA Yachiyo JPN
4th East Asian Games 2005 (Diving),macau_2005_eag,Women’s 3m Springboard Final,Final,,single,1-6,Judge 4,J4,CHAVALIT Roong Pajataej THA
4th East Asian Games 2005 (Diving),macau_2005_eag,Men’s 10m Platform Final,Final,,A,1-6,Judge 1,J1,MOON Eul Ok KOR
4th East Asian Games 2005 (Diving),macau_2005_eag,Men’s 10m Platform Final,Final,,B,1-6,Judge 5,J5,RI Sok Phil PRK
4th East Asian Games 2005 (Diving),macau_2005_eag,Men’s 10m Platform Final,Final,,A,1-6,Judge 2,J2,SHARMA Ashok Kumar IND
4th East Asian Games 2005 (Diving),macau_2005_eag,Men’s 10m Platform Final,Final,,B,1-6,Judge 6,J6,LAM Yuk Leung HKG
4th East Asian Games 2005 (Diving),macau_2005_eag,Men’s 10m Platform Final,Final,,A,1-6,Judge 3,J3,CHAVALIT Roong Pajataej THA
4th East Asian Games 2005 (Diving),macau_2005_eag,Men’s 10m Platform Final,Final,,B,1-6,Judge 7,J7,ZHANG Jingshan CHN
4th East Asian Games 2005 (Diving),macau_2005_eag,Men’s 10m Platform Final,Final,,single,1-6,Judge 4,J4,CHONG Edwin MAS
4th East Asian Games 2005 (Diving),macau_2005_eag,Women’s 10m Platform Final,Final,,A,1-6,Judge 1,J1,SAKATA Yachiyo JPN
4th East Asian Games 2005 (Diving),macau_2005_eag,Women’s 10m Platform Final,Final,,B,1-6,Judge 5,J5,SEMENOV Yaroslav KAZ
4th East Asian Games 2005 (Diving),macau_2005_eag,Women’s 10m Platform Final,Final,,A,1-6,Judge 2,J2,RI Sok Phil PRK
4th East Asian Games 2005 (Diving),macau_2005_eag,Women’s 10m Platform Final,Final,,B,1-6,Judge 6,J6,LAM Yuk Leung HKG
4th East Asian Games 2005 (Diving),macau_2005_eag,Women’s 10m Platform Final,Final,,A,1-6,Judge 3,J3,HSIEH Ming−Jing TPE
4th East Asian Games 2005 (Diving),macau_2005_eag,Women’s 10m Platform Final,Final,,B,1-6,Judge 7,J7,SHARMA Ashok Kumar IND
4th East Asian Games 2005 (Diving),macau_2005_eag,Women’s 10m Platform Final,Final,,single,1-6,Judge 4,J4,DA SILVA HUNG Antonio MAC
XVIII Commonwealth Games 2006 (Diving),melbourne_2006_cg,Men’s 1m Springboard Final,Final,22 MAR 2006,A,1-6,Judge 1,J1,Gompf Thomas USA
XVIII Commonwealth Games 2006 (Diving),melbourne_2006_cg,Men’s 1m Springboard Final,Final,22 MAR 2006,B,1-6,Judge 1,J1,Gompf Thomas USA
XVIII Commonwealth Games 2006 (Diving),melbourne_2006_cg,Men’s 1m Springboard Final,Final,22 MAR 2006,A,1-6,Judge 2,J2,Campbell Vicki NZL
XVIII Commonwealth Games 2006 (Diving),melbourne_2006_cg,Men’s 1m Springboard Final,Final,22 MAR 2006,B,1-6,Judge 2,J2,Wellins Helen AUS
XVIII Commonwealth Games 2006 (Diving),melbourne_2006_cg,Men’s 1m Springboard Final,Final,22 MAR 2006,A,1-6,Judge 3,J3,Law William SCO
XVIII Commonwealth Games 2006 (Diving),melbourne_2006_cg,Men’s 1m Springboard Final,Final,22 MAR 2006,B,1-6,Judge 3,J3,Boothroyd Sydney ENG
XVIII Commonwealth Games 2006 (Diving),melbourne_2006_cg,Men’s 1m Springboard Final,Final,22 MAR 2006,A,1-6,Judge 4,J4,Lyon Raelene AUS
XVIII Commonwealth Games 2006 (Diving),melbourne_2006_cg,Men’s 1m Springboard Final,Final,22 MAR 2006,B,1-6,Judge 4,J4,Cuthbert Linda CAN
XVIII Commonwealth Games 2006 (Diving),melbourne_2006_cg,Men’s 1m Springboard Final,Final,22 MAR 2006,A,1-6,Judge 5,J5,Lindberg Mathz SWE
XVIII Commonwealth Games 2006 (Diving),melbourne_2006_cg,Men’s 1m Springboard Final,Final,22 MAR 2006,B,1-6,Judge 5,J5,Woodard Lena RSA
XVIII Commonwealth Games 2006 (Diving),melbourne_2006_cg,Men’s 1m Springboard Final,Final,22 MAR 2006,A,1-6,Judge 6,J6,Morneau Helene CAN
XVIII Commonwealth Games 2006 (Diving),melbourne_2006_cg,Men’s 1m Springboard Final,Final,22 MAR 2006,B,1-6,Judge 6,J6,Koh Tony MAS
XVIII Commonwealth Games 2006 (Diving),melbourne_2006_cg,Men’s 1m Springboard Final,Final,22 MAR 2006,A,1-6,Judge 7,J7,Chong Edwin MAS
XVIII Commonwealth Games 2006 (Diving),melbourne_2006_cg,Men’s 1m Springboard Final,Final,22 MAR 2006,B,1-6,Judge 7,J7,Sissons Ann NZL
XVIII Commonwealth Games 2006 (Diving),melbourne_2006_cg,Men’s 3m Springboard Preliminary,Preliminary,23 MAR 2006,A,1-6,Judge 1,J1,Chong Edwin MAS
XVIII Commonwealth Games 2006 (Diving),melbourne_2006_cg,Men’s 3m Springboard Preliminary,Preliminary,23 MAR 2006,B,1-6,Judge 1,J1,Boothroyd Sydney ENG
XVIII Commonwealth Games 2006 (Diving),melbourne_2006_cg,Men’s 3m Springboard Preliminary,Preliminary,23 MAR 2006,A,1-6,Judge 2,J2,Lyon Raelene AUS
XVIII Commonwealth Games 2006 (Diving),melbourne_2006_cg,Men’s 3m Springboard Preliminary,Preliminary,23 MAR 2006,B,1-6,Judge 2,J2,Sissons Ann NZL
XVIII Commonwealth Games 2006 (Diving),melbourne_2006_cg,Men’s 3m Springboard Preliminary,Preliminary,23 MAR 2006,A,1-6,Judge 3,J3,Gompf Thomas USA
XVIII Commonwealth Games 2006 (Diving),melbourne_2006_cg,Men’s 3m Springboard Preliminary,Preliminary,23 MAR 2006,B,1-6,Judge 3,J3,Woodard Lena RSA
XVIII Commonwealth Games 2006 (Diving),melbourne_2006_cg,Men’s 3m Springboard Preliminary,Preliminary,23 MAR 2006,A,1-6,Judge 4,J4,Campbell Vicki NZL
XVIII Commonwealth Games 2006 (Diving),melbourne_2006_cg,Men’s 3m Springboard Preliminary,Preliminary,23 MAR 2006,B,1-6,Judge 4,J4,Morneau Helene CAN
XVIII Commonwealth Games 2006 (Diving),melbourne_2006_cg,Men’s 3m Springboard Preliminary,Preliminary,23 MAR 2006,A,1-6,Judge 5,J5,Lindberg Mathz SWE
XVIII Commonwealth Games 2006 (Diving),melbourne_2006_cg,Men’s 3m Springboard Preliminary,Preliminary,23 MAR 2006,B,1-6,Judge 5,J5,Lindberg Mathz SWE
XVIII Commonwealth Games 2006 (Diving),melbourne_2006_cg,Men’s 3m Springboard Preliminary,Preliminary,23 MAR 2006,A,1-6,Judge 6,J6,Cuthbert Linda CAN
XVIII Commonwealth Games 2006 (Diving),melbourne_2006_cg,Men’s 3m Springboard Preliminary,Preliminary,23 MAR 2006,B,1-6,Judge 6,J6,Wellins Helen AUS
XVIII Commonwealth Games 2006 (Diving),melbourne_2006_cg,Men’s 3m Springboard Preliminary,Preliminary,23 MAR 2006,A,1-6,Judge 7,J7,Law William SCO
XVIII Commonwealth Games 2006 (Diving),melbourne_2006_cg,Men’s 3m Springboard Preliminary,Preliminary,23 MAR 2006,B,1-6,Judge 7,J7,Koh Tony MAS
XVIII Commonwealth Games 2006 (Diving),melbourne_2006_cg,Men’s 3m Springboard Final,Final,23 MAR 2006,A,1-6,Judge 1,J1,Chong Edwin MAS
XVIII Commonwealth Games 2006 (Diving),melbourne_2006_cg,Men’s 3m Springboard Final,Final,23 MAR 2006,B,1-6,Judge 1,J1,Boothroyd Sydney ENG
XVIII Commonwealth Games 2006 (Diving),melbourne_2006_cg,Men’s 3m Springboard Final,Final,23 MAR 2006,A,1-6,Judge 2,J2,Lyon Raelene AUS
XVIII Commonwealth Games 2006 (Diving),melbourne_2006_cg,Men’s 3m Springboard Final,Final,23 MAR 2006,B,1-6,Judge 2,J2,Sissons Ann NZL
XVIII Commonwealth Games 2006 (Diving),melbourne_2006_cg,Men’s 3m Springboard Final,Final,23 MAR 2006,A,1-6,Judge 3,J3,Gompf Thomas USA
XVIII Commonwealth Games 2006 (Diving),melbourne_2006_cg,Men’s 3m Springboard Final,Final,23 MAR 2006,B,1-6,Judge 3,J3,Woodard Lena RSA
XVIII Commonwealth Games 2006 (Diving),melbourne_2006_cg,Men’s 3m Springboard Final,Final,23 MAR 2006,A,1-6,Judge 4,J4,Campbell Vicki NZL
XVIII Commonwealth Games 2006 (Diving),melbourne_2006_cg,Men’s 3m Springboard Final,Final,23 MAR 2006,B,1-6,Judge 4,J4,Morneau Helene CAN
XVIII Commonwealth Games 2006 (Diving),melbourne_2006_cg,Men’s 3m Springboard Final,Final,23 MAR 2006,A,1-6,Judge 5,J5,Lindberg Mathz SWE
XVIII Commonwealth Games 2006 (Diving),melbourne_2006_cg,Men’s 3m Springboard Final,Final,23 MAR 2006,B,1-6,Judge 5,J5,Lindberg Mathz SWE
XVIII Commonwealth Games 2006 (Diving),melbourne_2006_cg,Men’s 3m Springboard Final,Final,23 MAR 2006,A,1-6,Judge 6,J6,Cuthbert Linda CAN
XVIII Commonwealth Games 2006 (Diving),melbourne_2006_cg,Men’s 3m Springboard Final,Final,23 MAR 2006,B,1-6,Judge 6,J6,Wellins Helen AUS
XVIII Commonwealth Games 2006 (Diving),melbourne_2006_cg,Men’s 3m Springboard Final,Final,23 MAR 2006,A,1-6,Judge 7,J7,Law William SCO
XVIII Commonwealth Games 2006 (Diving),melbourne_2006_cg,Men’s 3m Springboard Final,Final,23 MAR 2006,B,1-6,Judge 7,J7,Koh Tony MAS
XVIII Commonwealth Games 2006 (Diving),melbourne_2006_cg,Women’s 10m Platform Preliminary,Preliminary,23 MAR 2006,A,1-6,Judge 1,J1,Lindberg Mathz SWE
XVIII Commonwealth Games 2006 (Diving),melbourne_2006_cg,Women’s 10m Platform Preliminary,Preliminary,23 MAR 2006,B,1-6,Judge 1,J1,Lindberg Mathz SWE
XVIII Commonwealth Games 2006 (Diving),melbourne_2006_cg,Women’s 10m Platform Preliminary,Preliminary,23 MAR 2006,A,1-6,Judge 2,J2,Chong Edwin MAS
XVIII Commonwealth Games 2006 (Diving),melbourne_2006_cg,Women’s 10m Platform Preliminary,Preliminary,23 MAR 2006,B,1-6,Judge 2,J2,Cuthbert Linda CAN
XVIII Commonwealth Games 2006 (Diving),melbourne_2006_cg,Women’s 10m Platform Preliminary,Preliminary,23 MAR 2006,A,1-6,Judge 3,J3,Lyon Raelene AUS
XVIII Commonwealth Games 2006 (Diving),melbourne_2006_cg,Women’s 10m Platform Preliminary,Preliminary,23 MAR 2006,B,1-6,Judge 3,J3,Koh Tony MAS
XVIII Commonwealth Games 2006 (Diving),melbourne_2006_cg,Women’s 10m Platform Preliminary,Preliminary,23 MAR 2006,A,1-6,Judge 4,J4,Woodard Lena RSA
XVIII Commonwealth Games 2006 (Diving),melbourne_2006_cg,Women’s 10m Platform Preliminary,Preliminary,23 MAR 2006,B,1-6,Judge 4,J4,Campbell Vicki NZL
XVIII Commonwealth Games 2006 (Diving),melbourne_2006_cg,Women’s 10m Platform Preliminary,Preliminary,23 MAR 2006,A,1-6,Judge 5,J5,Morneau Helene CAN
XVIII Commonwealth Games 2006 (Diving),melbourne_2006_cg,Women’s 10m Platform Preliminary,Preliminary,23 MAR 2006,B,1-6,Judge 5,J5,Law William SCO
XVIII Commonwealth Games 2006 (Diving),melbourne_2006_cg,Women’s 10m Platform Preliminary,Preliminary,23 MAR 2006,A,1-6,Judge 6,J6,Gompf Thomas USA
XVIII Commonwealth Games 2006 (Diving),melbourne_2006_cg,Women’s 10m Platform Preliminary,Preliminary,23 MAR 2006,B,1-6,Judge 6,J6,Gompf Thomas USA
XVIII Commonwealth Games 2006 (Diving),melbourne_2006_cg,Women’s 10m Platform Preliminary,Preliminary,23 MAR 2006,A,1-6,Judge 7,J7,Boothroyd Sydney ENG
XVIII Commonwealth Games 2006 (Diving),melbourne_2006_cg,Women’s 10m Platform Preliminary,Preliminary,23 MAR 2006,B,1-6,Judge 7,J7,Wellins Helen AUS
XVIII Commonwealth Games 2006 (Diving),melbourne_2006_cg,Women’s 10m Platform Final,Final,23 MAR 2006,A,1-6,Judge 1,J1,Lindberg Mathz SWE
XVIII Commonwealth Games 2006 (Diving),melbourne_2006_cg,Women’s 10m Platform Final,Final,23 MAR 2006,B,1-6,Judge 1,J1,Lindberg Mathz SWE
XVIII Commonwealth Games 2006 (Diving),melbourne_2006_cg,Women’s 10m Platform Final,Final,23 MAR 2006,A,1-6,Judge 2,J2,Chong Edwin MAS
XVIII Commonwealth Games 2006 (Diving),melbourne_2006_cg,Women’s 10m Platform Final,Final,23 MAR 2006,B,1-6,Judge 2,J2,Cuthbert Linda CAN
XVIII Commonwealth Games 2006 (Diving),melbourne_2006_cg,Women’s 10m Platform Final,Final,23 MAR 2006,A,1-6,Judge 3,J3,Lyon Raelene AUS
XVIII Commonwealth Games 2006 (Diving),melbourne_2006_cg,Women’s 10m Platform Final,Final,23 MAR 2006,B,1-6,Judge 3,J3,Koh Tony MAS
XVIII Commonwealth Games 2006 (Diving),melbourne_2006_cg,Women’s 10m Platform Final,Final,23 MAR 2006,A,1-6,Judge 4,J4,Boothroyd Sydney ENG
XVIII Commonwealth Games 2006 (Diving),melbourne_2006_cg,Women’s 10m Platform Final,Final,23 MAR 2006,B,1-6,Judge 4,J4,Sissons Ann NZL
XVIII Commonwealth Games 2006 (Diving),melbourne_2006_cg,Women’s 10m Platform Final,Final,23 MAR 2006,A,1-6,Judge 5,J5,Morneau Helene CAN
XVIII Commonwealth Games 2006 (Diving),melbourne_2006_cg,Women’s 10m Platform Final,Final,23 MAR 2006,B,1-6,Judge 5,J5,Law William SCO
XVIII Commonwealth Games 2006 (Diving),melbourne_2006_cg,Women’s 10m Platform Final,Final,23 MAR 2006,A,1-6,Judge 6,J6,Gompf Thomas USA
XVIII Commonwealth Games 2006 (Diving),melbourne_2006_cg,Women’s 10m Platform Final,Final,23 MAR 2006,B,1-6,Judge 6,J6,Gompf Thomas USA
XVIII Commonwealth Games 2006 (Diving),melbourne_2006_cg,Women’s 10m Platform Final,Final,23 MAR 2006,A,1-6,Judge 7,J7,Campbell Vicki NZL
XVIII Commonwealth Games 2006 (Diving),melbourne_2006_cg,Women’s 10m Platform Final,Final,23 MAR 2006,B,1-6,Judge 7,J7,Wellins Helen AUS
XVIII Commonwealth Games 2006 (Diving),melbourne_2006_cg,Women’s 1m Springboard Preliminary,Preliminary,24 MAR 2006,A,1-6,Judge 1,J1,Boothroyd Sydney ENG
XVIII Commonwealth Games 2006 (Diving),melbourne_2006_cg,Women’s 1m Springboard Preliminary,Preliminary,24 MAR 2006,B,1-6,Judge 1,J1,Woodard Lena RSA
XVIII Commonwealth Games 2006 (Diving),melbourne_2006_cg,Women’s 1m Springboard Preliminary,Preliminary,24 MAR 2006,A,1-6,Judge 2,J2,Sissons Ann NZL
XVIII Commonwealth Games 2006 (Diving),melbourne_2006_cg,Women’s 1m Springboard Preliminary,Preliminary,24 MAR 2006,B,1-6,Judge 2,J2,Law William SCO
XVIII Commonwealth Games 2006 (Diving),melbourne_2006_cg,Women’s 1m Springboard Preliminary,Preliminary,24 MAR 2006,A,1-6,Judge 3,J3,Lindberg Mathz SWE
XVIII Commonwealth Games 2006 (Diving),melbourne_2006_cg,Women’s 1m Springboard Preliminary,Preliminary,24 MAR 2006,B,1-6,Judge 3,J3,Lyon Raelene AUS
XVIII Commonwealth Games 2006 (Diving),melbourne_2006_cg,Women’s 1m Springboard Preliminary,Preliminary,24 MAR 2006,A,1-6,Judge 4,J4,Wellins Helen AUS
XVIII Commonwealth Games 2006 (Diving),melbourne_2006_cg,Women’s 1m Springboard Preliminary,Preliminary,24 MAR 2006,B,1-6,Judge 4,J4,Koh Tony MAS
XVIII Commonwealth Games 2006 (Diving),melbourne_2006_cg,Women’s 1m Springboard Preliminary,Preliminary,24 MAR 2006,A,1-6,Judge 5,J5,Chong Edwin MAS
XVIII Commonwealth Games 2006 (Diving),melbourne_2006_cg,Women’s 1m Springboard Preliminary,Preliminary,24 MAR 2006,B,1-6,Judge 5,J5,Campbell Vicki NZL
XVIII Commonwealth Games 2006 (Diving),melbourne_2006_cg,Women’s 1m Springboard Preliminary,Preliminary,24 MAR 2006,A,1-6,Judge 6,J6,Gompf Thomas USA
XVIII Commonwealth Games 2006 (Diving),melbourne_2006_cg,Women’s 1m Springboard Preliminary,Preliminary,24 MAR 2006,B,1-6,Judge 6,J6,Gompf Thomas USA
XVIII Commonwealth Games 2006 (Diving),melbourne_2006_cg,Women’s 1m Springboard Preliminary,Preliminary,24 MAR 2006,A,1-6,Judge 7,J7,Cuthbert Linda CAN
XVIII Commonwealth Games 2006 (Diving),melbourne_2006_cg,Women’s 1m Springboard Preliminary,Preliminary,24 MAR 2006,B,1-6,Judge 7,J7,Morneau Helene CAN
XVIII Commonwealth Games 2006 (Diving),melbourne_2006_cg,Women’s 1m Springboard Final,Final,24 MAR 2006,A,1-6,Judge 1,J1,Boothroyd Sydney ENG
XVIII Commonwealth Games 2006 (Diving),melbourne_2006_cg,Women’s 1m Springboard Final,Final,24 MAR 2006,B,1-6,Judge 1,J1,Woodard Lena RSA
XVIII Commonwealth Games 2006 (Diving),melbourne_2006_cg,Women’s 1m Springboard Final,Final,24 MAR 2006,A,1-6,Judge 2,J2,Sissons Ann NZL
XVIII Commonwealth Games 2006 (Diving),melbourne_2006_cg,Women’s 1m Springboard Final,Final,24 MAR 2006,B,1-6,Judge 2,J2,Law William SCO
XVIII Commonwealth Games 2006 (Diving),melbourne_2006_cg,Women’s 1m Springboard Final,Final,24 MAR 2006,A,1-6,Judge 3,J3,Lindberg Mathz SWE
XVIII Commonwealth Games 2006 (Diving),melbourne_2006_cg,Women’s 1m Springboard Final,Final,24 MAR 2006,B,1-6,Judge 3,J3,Lyon Raelene AUS
XVIII Commonwealth Games 2006 (Diving),melbourne_2006_cg,Women’s 1m Springboard Final,Final,24 MAR 2006,A,1-6,Judge 4,J4,Wellins Helen AUS
XVIII Commonwealth Games 2006 (Diving),melbourne_2006_cg,Women’s 1m Springboard Final,Final,24 MAR 2006,B,1-6,Judge 4,J4,Koh Tony MAS
XVIII Commonwealth Games 2006 (Diving),melbourne_2006_cg,Women’s 1m Springboard Final,Final,24 MAR 2006,A,1-6,Judge 5,J5,Chong Edwin MAS
XVIII Commonwealth Games 2006 (Diving),melbourne_2006_cg,Women’s 1m Springboard Final,Final,24 MAR 2006,B,1-6,Judge 5,J5,Campbell Vicki NZL
XVIII Commonwealth Games 2006 (Diving),melbourne_2006_cg,Women’s 1m Springboard Final,Final,24 MAR 2006,A,1-6,Judge 6,J6,Gompf Thomas USA
XVIII Commonwealth Games 2006 (Diving),melbourne_2006_cg,Women’s 1m Springboard Final,Final,24 MAR 2006,B,1-6,Judge 6,J6,Gompf Thomas USA
XVIII Commonwealth Games 2006 (Diving),melbourne_2006_cg,Women’s 1m Springboard Final,Final,24 MAR 2006,A,1-6,Judge 7,J7,Cuthbert Linda CAN
XVIII Commonwealth Games 2006 (Diving),melbourne_2006_cg,Women’s 1m Springboard Final,Final,24 MAR 2006,B,1-6,Judge 7,J7,Morneau Helene CAN
XVIII Commonwealth Games 2006 (Diving),melbourne_2006_cg,Men’s 10m Platform Preliminary,Preliminary,25 MAR 2006,A,1-6,Judge 1,J1,Koh Tony MAS
XVIII Commonwealth Games 2006 (Diving),melbourne_2006_cg,Men’s 10m Platform Preliminary,Preliminary,25 MAR 2006,B,1-6,Judge 1,J1,Boothroyd Sydney ENG
XVIII Commonwealth Games 2006 (Diving),melbourne_2006_cg,Men’s 10m Platform Preliminary,Preliminary,25 MAR 2006,A,1-6,Judge 2,J2,Morneau Helene CAN
XVIII Commonwealth Games 2006 (Diving),melbourne_2006_cg,Men’s 10m Platform Preliminary,Preliminary,25 MAR 2006,B,1-6,Judge 2,J2,Cuthbert Linda CAN
XVIII Commonwealth Games 2006 (Diving),melbourne_2006_cg,Men’s 10m Platform Preliminary,Preliminary,25 MAR 2006,A,1-6,Judge 3,J3,Gompf Thomas USA
XVIII Commonwealth Games 2006 (Diving),melbourne_2006_cg,Men’s 10m Platform Preliminary,Preliminary,25 MAR 2006,B,1-6,Judge 3,J3,Gompf Thomas USA
XVIII Commonwealth Games 2006 (Diving),melbourne_2006_cg,Men’s 10m Platform Preliminary,Preliminary,25 MAR 2006,A,1-6,Judge 4,J4,Woodard Lena RSA
XVIII Commonwealth Games 2006 (Diving),melbourne_2006_cg,Men’s 10m Platform Preliminary,Preliminary,25 MAR 2006,B,1-6,Judge 4,J4,Chong Edwin MAS
XVIII Commonwealth Games 2006 (Diving),melbourne_2006_cg,Men’s 10m Platform Preliminary,Preliminary,25 MAR 2006,A,1-6,Judge 5,J5,Lyon Raelene AUS
XVIII Commonwealth Games 2006 (Diving),melbourne_2006_cg,Men’s 10m Platform Preliminary,Preliminary,25 MAR 2006,B,1-6,Judge 5,J5,Wellins Helen AUS
XVIII Commonwealth Games 2006 (Diving),melbourne_2006_cg,Men’s 10m Platform Preliminary,Preliminary,25 MAR 2006,A,1-6,Judge 6,J6,Lindberg Mathz SWE
XVIII Commonwealth Games 2006 (Diving),melbourne_2006_cg,Men’s 10m Platform Preliminary,Preliminary,25 MAR 2006,B,1-6,Judge 6,J6,Lindberg Mathz SWE
XVIII Commonwealth Games 2006 (Diving),melbourne_2006_cg,Men’s 10m Platform Preliminary,Preliminary,25 MAR 2006,A,1-6,Judge 7,J7,Law William SCO
XVIII Commonwealth Games 2006 (Diving),melbourne_2006_cg,Men’s 10m Platform Preliminary,Preliminary,25 MAR 2006,B,1-6,Judge 7,J7,Sissons Ann NZL
XVIII Commonwealth Games 2006 (Diving),melbourne_2006_cg,Men’s 10m Platform Final,Final,25 MAR 2006,A,1-6,Judge 1,J1,Boothroyd Sydney ENG
XVIII Commonwealth Games 2006 (Diving),melbourne_2006_cg,Men’s 10m Platform Final,Final,25 MAR 2006,B,1-6,Judge 1,J1,Boothroyd Sydney ENG
XVIII Commonwealth Games 2006 (Diving),melbourne_2006_cg,Men’s 10m Platform Final,Final,25 MAR 2006,A,1-6,Judge 2,J2,Morneau Helene CAN
XVIII Commonwealth Games 2006 (Diving),melbourne_2006_cg,Men’s 10m Platform Final,Final,25 MAR 2006,B,1-6,Judge 2,J2,Cuthbert Linda CAN
XVIII Commonwealth Games 2006 (Diving),melbourne_2006_cg,Men’s 10m Platform Final,Final,25 MAR 2006,A,1-6,Judge 3,J3,Gompf Thomas USA
XVIII Commonwealth Games 2006 (Diving),melbourne_2006_cg,Men’s 10m Platform Final,Final,25 MAR 2006,B,1-6,Judge 3,J3,Gompf Thomas USA
XVIII Commonwealth Games 2006 (Diving),melbourne_2006_cg,Men’s 10m Platform Final,Final,25 MAR 2006,A,1-6,Judge 4,J4,Woodard Lena RSA
XVIII Commonwealth Games 2006 (Diving),melbourne_2006_cg,Men’s 10m Platform Final,Final,25 MAR 2006,B,1-6,Judge 4,J4,Chong Edwin MAS
XVIII Commonwealth Games 2006 (Diving),melbourne_2006_cg,Men’s 10m Platform Final,Final,25 MAR 2006,A,1-6,Judge 5,J5,Lyon Raelene AUS
XVIII Commonwealth Games 2006 (Diving),melbourne_2006_cg,Men’s 10m Platform Final,Final,25 MAR 2006,B,1-6,Judge 5,J5,Wellins Helen AUS
XVIII Commonwealth Games 2006 (Diving),melbourne_2006_cg,Men’s 10m Platform Final,Final,25 MAR 2006,A,1-6,Judge 6,J6,Lindberg Mathz SWE
XVIII Commonwealth Games 2006 (Diving),melbourne_2006_cg,Men’s 10m Platform Final,Final,25 MAR 2006,B,1-6,Judge 6,J6,Lindberg Mathz SWE
XVIII Commonwealth Games 2006 (Diving),melbourne_2006_cg,Men’s 10m Platform Final,Final,25 MAR 2006,A,1-6,Judge 7,J7,Koh Tony MAS
XVIII Commonwealth Games 2006 (Diving),melbourne_2006_cg,Men’s 10m Platform Final,Final,25 MAR 2006,B,1-6,Judge 7,J7,Sissons Ann NZL
XVIII Commonwealth Games 2006 (Diving),melbourne_2006_cg,Women’s 3m Springboard Preliminary,Preliminary,25 MAR 2006,A,1-6,Judge 1,J1,Lindberg Mathz SWE
XVIII Commonwealth Games 2006 (Diving),melbourne_2006_cg,Women’s 3m Springboard Preliminary,Preliminary,25 MAR 2006,B,1-6,Judge 1,J1,Lindberg Mathz SWE
XVIII Commonwealth Games 2006 (Diving),melbourne_2006_cg,Women’s 3m Springboard Preliminary,Preliminary,25 MAR 2006,A,1-6,Judge 2,J2,Wellins Helen AUS
XVIII Commonwealth Games 2006 (Diving),melbourne_2006_cg,Women’s 3m Springboard Preliminary,Preliminary,25 MAR 2006,B,1-6,Judge 2,J2,Morneau Helene CAN
XVIII Commonwealth Games 2006 (Diving),melbourne_2006_cg,Women’s 3m Springboard Preliminary,Preliminary,25 MAR 2006,A,1-6,Judge 3,J3,Cuthbert Linda CAN
XVIII Commonwealth Games 2006 (Diving),melbourne_2006_cg,Women’s 3m Springboard Preliminary,Preliminary,25 MAR 2006,B,1-6,Judge 3,J3,Law William SCO
XVIII Commonwealth Games 2006 (Diving),melbourne_2006_cg,Women’s 3m Springboard Preliminary,Preliminary,25 MAR 2006,A,1-6,Judge 4,J4,Campbell Vicki NZL
XVIII Commonwealth Games 2006 (Diving),melbourne_2006_cg,Women’s 3m Springboard Preliminary,Preliminary,25 MAR 2006,B,1-6,Judge 4,J4,Sissons Ann NZL
XVIII Commonwealth Games 2006 (Diving),melbourne_2006_cg,Women’s 3m Springboard Preliminary,Preliminary,25 MAR 2006,A,1-6,Judge 5,J5,Koh Tony MAS
XVIII Commonwealth Games 2006 (Diving),melbourne_2006_cg,Women’s 3m Springboard Preliminary,Preliminary,25 MAR 2006,B,1-6,Judge 5,J5,Chong Edwin MAS
XVIII Commonwealth Games 2006 (Diving),melbourne_2006_cg,Women’s 3m Springboard Preliminary,Preliminary,25 MAR 2006,A,1-6,Judge 6,J6,Boothroyd Sydney ENG
XVIII Commonwealth Games 2006 (Diving),melbourne_2006_cg,Women’s 3m Springboard Preliminary,Preliminary,25 MAR 2006,B,1-6,Judge 6,J6,Lyon Raelene AUS
XVIII Commonwealth Games 2006 (Diving),melbourne_2006_cg,Women’s 3m Springboard Preliminary,Preliminary,25 MAR 2006,A,1-6,Judge 7,J7,Woodard Lena RSA
XVIII Commonwealth Games 2006 (Diving),melbourne_2006_cg,Women’s 3m Springboard Preliminary,Preliminary,25 MAR 2006,B,1-6,Judge 7,J7,Gompf Thomas USA
XVIII Commonwealth Games 2006 (Diving),melbourne_2006_cg,Women’s 3m Springboard Final,Final,25 MAR 2006,A,1-6,Judge 1,J1,Lindberg Mathz SWE
XVIII Commonwealth Games 2006 (Diving),melbourne_2006_cg,Women’s 3m Springboard Final,Final,25 MAR 2006,B,1-6,Judge 1,J1,Lindberg Mathz SWE
XVIII Commonwealth Games 2006 (Diving),melbourne_2006_cg,Women’s 3m Springboard Final,Final,25 MAR 2006,A,1-6,Judge 2,J2,Wellins Helen AUS
XVIII Commonwealth Games 2006 (Diving),melbourne_2006_cg,Women’s 3m Springboard Final,Final,25 MAR 2006,B,1-6,Judge 2,J2,Morneau Helene CAN
XVIII Commonwealth Games 2006 (Diving),melbourne_2006_cg,Women’s 3m Springboard Final,Final,25 MAR 2006,A,1-6,Judge 3,J3,Cuthbert Linda CAN
XVIII Commonwealth Games 2006 (Diving),melbourne_2006_cg,Women’s 3m Springboard Final,Final,25 MAR 2006,B,1-6,Judge 3,J3,Law William SCO
XVIII Commonwealth Games 2006 (Diving),melbourne_2006_cg,Women’s 3m Springboard Final,Final,25 MAR 2006,A,1-6,Judge 4,J4,Campbell Vicki NZL
XVIII Commonwealth Games 2006 (Diving),melbourne_2006_cg,Women’s 3m Springboard Final,Final,25 MAR 2006,B,1-6,Judge 4,J4,Sissons Ann NZL
XVIII Commonwealth Games 2006 (Diving),melbourne_2006_cg,Women’s 3m Springboard Final,Final,25 MAR 2006,A,1-6,Judge 5,J5,Koh Tony MAS
XVIII Commonwealth Games 2006 (Diving),melbourne_2006_cg,Women’s 3m Springboard Final,Final,25 MAR 2006,B,1-6,Judge 5,J5,Chong Edwin MAS
XVIII Commonwealth Games 2006 (Diving),melbourne_2006_cg,Women’s 3m Springboard Final,Final,25 MAR 2006,A,1-6,Judge 6,J6,Boothroyd Sydney ENG
XVIII Commonwealth Games 2006 (Diving),melbourne_2006_cg,Women’s 3m Springboard Final,Final,25 MAR 2006,B,1-6,Judge 6,J6,Lyon Raelene AUS
XVIII Commonwealth Games 2006 (Diving),melbourne_2006_cg,Women’s 3m Springboard Final,Final,25 MAR 2006,A,1-6,Judge 7,J7,Woodard Lena RSA
XVIII Commonwealth Games 2006 (Diving),melbourne_2006_cg,Women’s 3m Springboard Final,Final,25 MAR 2006,B,1-6,Judge 7,J7,Gompf Thomas USA
LEN European Diving Champions Cup 2006,stockholm_2006_cc,Men’s 3m Springboard Preliminary,Preliminary,,A,1-6,Judge 1,J1,MATTURI SLOTTE Marja FIN
LEN European Diving Champions Cup 2006,stockholm_2006_cc,Men’s 3m Springboard Preliminary,Preliminary,,B,1-6,Judge 1,J1,KHOZHEMPO Liudmila BLR
LEN European Diving Champions Cup 2006,stockholm_2006_cc,Men’s 3m Springboard Preliminary,Preliminary,,A,1-6,Judge 2,J2,BEAUMONT Derek GBR
LEN European Diving Champions Cup 2006,stockholm_2006_cc,Men’s 3m Springboard Preliminary,Preliminary,,B,1-6,Judge 2,J2,DENIS Michel FRA
LEN European Diving Champions Cup 2006,stockholm_2006_cc,Men’s 3m Springboard Preliminary,Preliminary,,A,1-6,Judge 3,J3,ZAITSEV Oleg RUS
LEN European Diving Champions Cup 2006,stockholm_2006_cc,Men’s 3m Springboard Preliminary,Preliminary,,B,1-6,Judge 3,J3,BUSCHKOW Lutz GER
LEN European Diving Champions Cup 2006,stockholm_2006_cc,Men’s 3m Springboard Preliminary,Preliminary,,A,1-6,Judge 4,J4,SJOGREN Bo SWE
LEN European Diving Champions Cup 2006,stockholm_2006_cc,Men’s 3m Springboard Preliminary,Preliminary,,B,1-6,Judge 4,J4,MASSENZ Sara ITA
LEN European Diving Champions Cup 2006,stockholm_2006_cc,Men’s 3m Springboard Preliminary,Preliminary,,A,1-6,Judge 5,J5,GEISSBUHLER Michael SUI
LEN European Diving Champions Cup 2006,stockholm_2006_cc,Men’s 3m Springboard Preliminary,Preliminary,,B,1-6,Judge 5,J5,ADELMEYER Frits NED
LEN European Diving Champions Cup 2006,stockholm_2006_cc,Men’s 3m Springboard Preliminary,Preliminary,,A,1-6,Judge 6,J6,REZNICHENKO Anatoly UKR
LEN European Diving Champions Cup 2006,stockholm_2006_cc,Men’s 3m Springboard Preliminary,Preliminary,,B,1-6,Judge 6,J6,LANG−LENTON Rosario ESP
LEN European Diving Champions Cup 2006,stockholm_2006_cc,Men’s 3m Springboard Preliminary,Preliminary,,A,1-6,Judge 7,J7,FYRIGOU Georgia GRE
LEN European Diving Champions Cup 2006,stockholm_2006_cc,Men’s 3m Springboard Preliminary,Preliminary,,B,1-6,Judge 7,J7,LINDAHL Stefan SWE
LEN European Diving Champions Cup 2006,stockholm_2006_cc,Men’s 3m Springboard Final,Final,,A,1-6,Judge 1,J1,DENIS Michel FRA
LEN European Diving Champions Cup 2006,stockholm_2006_cc,Men’s 3m Springboard Final,Final,,B,1-6,Judge 5,J5,ADELMEYER Frits NED
LEN European Diving Champions Cup 2006,stockholm_2006_cc,Men’s 3m Springboard Final,Final,,A,1-6,Judge 2,J2,BEAUMONT Derek GBR
LEN European Diving Champions Cup 2006,stockholm_2006_cc,Men’s 3m Springboard Final,Final,,B,1-6,Judge 6,J6,SJOGREN Bo SWE
LEN European Diving Champions Cup 2006,stockholm_2006_cc,Men’s 3m Springboard Final,Final,,A,1-6,Judge 3,J3,BUSCHKOW Lutz GER
LEN European Diving Champions Cup 2006,stockholm_2006_cc,Men’s 3m Springboard Final,Final,,B,1-6,Judge 7,J7,GEISSBUHLER Michael SUI
LEN European Diving Champions Cup 2006,stockholm_2006_cc,Men’s 3m Springboard Final,Final,,single,1-6,Judge 4,J4,FYRIGOU Georgia GRE
LEN European Diving Champions Cup 2006,stockholm_2006_cc,Women’s 10m Platform Preliminary,Preliminary,,A,1-6,Judge 1,J1,GEISSBUHLER Michael SUI
LEN European Diving Champions Cup 2006,stockholm_2006_cc,Women’s 10m Platform Preliminary,Preliminary,,B,1-6,Judge 1,J1,LINDAHL Stefan SWE
LEN European Diving Champions Cup 2006,stockholm_2006_cc,Women’s 10m Platform Preliminary,Preliminary,,A,1-6,Judge 2,J2,MASSENZ Sara ITA
LEN European Diving Champions Cup 2006,stockholm_2006_cc,Women’s 10m Platform Preliminary,Preliminary,,B,1-6,Judge 2,J2,FYRIGOU Georgia GRE
LEN European Diving Champions Cup 2006,stockholm_2006_cc,Women’s 10m Platform Preliminary,Preliminary,,A,1-6,Judge 3,J3,ADELMEYER Frits NED
LEN European Diving Champions Cup 2006,stockholm_2006_cc,Women’s 10m Platform Preliminary,Preliminary,,B,1-6,Judge 3,J3,LANG−LENTON Rosario ESP
LEN European Diving Champions Cup 2006,stockholm_2006_cc,Women’s 10m Platform Preliminary,Preliminary,,A,1-6,Judge 4,J4,SJOGREN Bo SWE
LEN European Diving Champions Cup 2006,stockholm_2006_cc,Women’s 10m Platform Preliminary,Preliminary,,B,1-6,Judge 4,J4,REZNICHENKO Anatoly UKR
LEN European Diving Champions Cup 2006,stockholm_2006_cc,Women’s 10m Platform Preliminary,Preliminary,,A,1-6,Judge 5,J5,VINOGRADOV Alexander RUS
LEN European Diving Champions Cup 2006,stockholm_2006_cc,Women’s 10m Platform Preliminary,Preliminary,,B,1-6,Judge 5,J5,BUSCHKOW Lutz GER
LEN European Diving Champions Cup 2006,stockholm_2006_cc,Women’s 10m Platform Preliminary,Preliminary,,A,1-6,Judge 6,J6,DENIS Michel FRA
LEN European Diving Champions Cup 2006,stockholm_2006_cc,Women’s 10m Platform Preliminary,Preliminary,,B,1-6,Judge 6,J6,BEAUMONT Derek GBR
LEN European Diving Champions Cup 2006,stockholm_2006_cc,Women’s 10m Platform Preliminary,Preliminary,,A,1-6,Judge 7,J7,KHOZHEMPO Liudmila BLR
LEN European Diving Champions Cup 2006,stockholm_2006_cc,Women’s 10m Platform Preliminary,Preliminary,,B,1-6,Judge 7,J7,MATTURI SLOTTE Marja FIN
LEN European Diving Champions Cup 2006,stockholm_2006_cc,Women’s 10m Platform Final,Final,,A,1-6,Judge 1,J1,KHOZHEMPO Liudmila BLR
LEN European Diving Champions Cup 2006,stockholm_2006_cc,Women’s 10m Platform Final,Final,,B,1-6,Judge 5,J5,VINOGRADOV Alexander RUS
LEN European Diving Champions Cup 2006,stockholm_2006_cc,Women’s 10m Platform Final,Final,,A,1-6,Judge 2,J2,BUSCHKOW Lutz GER
LEN European Diving Champions Cup 2006,stockholm_2006_cc,Women’s 10m Platform Final,Final,,B,1-6,Judge 6,J6,LANG−LENTON Rosario ESP
LEN European Diving Champions Cup 2006,stockholm_2006_cc,Women’s 10m Platform Final,Final,,A,1-6,Judge 3,J3,MASSENZ Sara ITA
LEN European Diving Champions Cup 2006,stockholm_2006_cc,Women’s 10m Platform Final,Final,,B,1-6,Judge 7,J7,GEISSBUHLER Michael SUI
LEN European Diving Champions Cup 2006,stockholm_2006_cc,Women’s 10m Platform Final,Final,,single,1-6,Judge 4,J4,ADELMEYER Frits NED
LEN European Diving Champions Cup 2006,stockholm_2006_cc,Men’s 10m Platform Preliminary,Preliminary,,A,1-6,Judge 1,J1,MATTURI SLOTTE Marja FIN
LEN European Diving Champions Cup 2006,stockholm_2006_cc,Men’s 10m Platform Preliminary,Preliminary,,B,1-6,Judge 1,J1,DENIS Michel FRA
LEN European Diving Champions Cup 2006,stockholm_2006_cc,Men’s 10m Platform Preliminary,Preliminary,,A,1-6,Judge 2,J2,BEAUMONT Derek GBR
LEN European Diving Champions Cup 2006,stockholm_2006_cc,Men’s 10m Platform Preliminary,Preliminary,,B,1-6,Judge 2,J2,FYRIGOU Georgia GRE
LEN European Diving Champions Cup 2006,stockholm_2006_cc,Men’s 10m Platform Preliminary,Preliminary,,A,1-6,Judge 3,J3,BUSCHKOW Lutz GER
LEN European Diving Champions Cup 2006,stockholm_2006_cc,Men’s 10m Platform Preliminary,Preliminary,,B,1-6,Judge 3,J3,ADELMEYER Frits NED
LEN European Diving Champions Cup 2006,stockholm_2006_cc,Men’s 10m Platform Preliminary,Preliminary,,A,1-6,Judge 4,J4,MASSENZ Sara ITA
LEN European Diving Champions Cup 2006,stockholm_2006_cc,Men’s 10m Platform Preliminary,Preliminary,,B,1-6,Judge 4,J4,ZAITSEV Oleg RUS
LEN European Diving Champions Cup 2006,stockholm_2006_cc,Men’s 10m Platform Preliminary,Preliminary,,A,1-6,Judge 5,J5,LANG−LENTON Rosario ESP
LEN European Diving Champions Cup 2006,stockholm_2006_cc,Men’s 10m Platform Preliminary,Preliminary,,B,1-6,Judge 5,J5,SJOGREN Bo SWE
LEN European Diving Champions Cup 2006,stockholm_2006_cc,Men’s 10m Platform Preliminary,Preliminary,,A,1-6,Judge 6,J6,REZNICHENKO Anatoly UKR
LEN European Diving Champions Cup 2006,stockholm_2006_cc,Men’s 10m Platform Preliminary,Preliminary,,B,1-6,Judge 6,J6,GEISSBUHLER Michael SUI
LEN European Diving Champions Cup 2006,stockholm_2006_cc,Men’s 10m Platform Preliminary,Preliminary,,A,1-6,Judge 7,J7,LINDAHL Stefan SWE
LEN European Diving Champions Cup 2006,stockholm_2006_cc,Men’s 10m Platform Preliminary,Preliminary,,B,1-6,Judge 7,J7,KHOZHEMPO Liudmila BLR
LEN European Diving Champions Cup 2006,stockholm_2006_cc,Men’s 10m Platform Final,Final,,A,1-6,Judge 1,J1,MATTURI SLOTTE Marja FIN
LEN European Diving Champions Cup 2006,stockholm_2006_cc,Men’s 10m Platform Final,Final,,B,1-6,Judge 5,J5,LANG−LENTON Rosario ESP
LEN European Diving Champions Cup 2006,stockholm_2006_cc,Men’s 10m Platform Final,Final,,A,1-6,Judge 2,J2,SJOGREN Bo SWE
LEN European Diving Champions Cup 2006,stockholm_2006_cc,Men’s 10m Platform Final,Final,,B,1-6,Judge 6,J6,GEISSBUHLER Michael SUI
LEN European Diving Champions Cup 2006,stockholm_2006_cc,Men’s 10m Platform Final,Final,,A,1-6,Judge 3,J3,FYRIGOU Georgia GRE
LEN European Diving Champions Cup 2006,stockholm_2006_cc,Men’s 10m Platform Final,Final,,B,1-6,Judge 7,J7,LINDAHL Stefan SWE
LEN European Diving Champions Cup 2006,stockholm_2006_cc,Men’s 10m Platform Final,Final,,single,1-6,Judge 4,J4,ADELMEYER Frits NED
LEN European Diving Champions Cup 2006,stockholm_2006_cc,Women’s 3m Springboard Preliminary,Preliminary,,A,1-6,Judge 1,J1,KHOZHEMPO Liudmila BLR
LEN European Diving Champions Cup 2006,stockholm_2006_cc,Women’s 3m Springboard Preliminary,Preliminary,,B,1-6,Judge 1,J1,MATTURI SLOTTE Marja FIN
LEN European Diving Champions Cup 2006,stockholm_2006_cc,Women’s 3m Springboard Preliminary,Preliminary,,A,1-6,Judge 2,J2,DENIS Michel FRA
LEN European Diving Champions Cup 2006,stockholm_2006_cc,Women’s 3m Springboard Preliminary,Preliminary,,B,1-6,Judge 2,J2,BEAUMONT Derek GBR
LEN European Diving Champions Cup 2006,stockholm_2006_cc,Women’s 3m Springboard Preliminary,Preliminary,,A,1-6,Judge 3,J3,BUSCHKOW Lutz GER
LEN European Diving Champions Cup 2006,stockholm_2006_cc,Women’s 3m Springboard Preliminary,Preliminary,,B,1-6,Judge 3,J3,FYRIGOU Georgia GRE
LEN European Diving Champions Cup 2006,stockholm_2006_cc,Women’s 3m Springboard Preliminary,Preliminary,,A,1-6,Judge 4,J4,ADELMEYER Frits NED
LEN European Diving Champions Cup 2006,stockholm_2006_cc,Women’s 3m Springboard Preliminary,Preliminary,,B,1-6,Judge 4,J4,MASSENZ Sara ITA
LEN European Diving Champions Cup 2006,stockholm_2006_cc,Women’s 3m Springboard Preliminary,Preliminary,,A,1-6,Judge 5,J5,VINOGRADOV Alexander RUS
LEN European Diving Champions Cup 2006,stockholm_2006_cc,Women’s 3m Springboard Preliminary,Preliminary,,B,1-6,Judge 5,J5,GEISSBUHLER Michael SUI
LEN European Diving Champions Cup 2006,stockholm_2006_cc,Women’s 3m Springboard Preliminary,Preliminary,,A,1-6,Judge 6,J6,LANG−LENTON Rosario ESP
LEN European Diving Champions Cup 2006,stockholm_2006_cc,Women’s 3m Springboard Preliminary,Preliminary,,B,1-6,Judge 6,J6,REZNICHENKO Anatoly UKR
LEN European Diving Champions Cup 2006,stockholm_2006_cc,Women’s 3m Springboard Preliminary,Preliminary,,A,1-6,Judge 7,J7,SJOGREN Bo SWE
LEN European Diving Champions Cup 2006,stockholm_2006_cc,Women’s 3m Springboard Preliminary,Preliminary,,B,1-6,Judge 7,J7,LINDAHL Stefan SWE
LEN European Diving Champions Cup 2006,stockholm_2006_cc,Women’s 3m Springboard Final,Final,,A,1-6,Judge 1,J1,VINOGRADOV Alexander RUS
LEN European Diving Champions Cup 2006,stockholm_2006_cc,Women’s 3m Springboard Final,Final,,B,1-6,Judge 5,J5,MATTURI SLOTTE Marja FIN
LEN European Diving Champions Cup 2006,stockholm_2006_cc,Women’s 3m Springboard Final,Final,,A,1-6,Judge 2,J2,ADELMEYER Frits NED
LEN European Diving Champions Cup 2006,stockholm_2006_cc,Women’s 3m Springboard Final,Final,,B,1-6,Judge 6,J6,ZAITSEV Oleg RUS
LEN European Diving Champions Cup 2006,stockholm_2006_cc,Women’s 3m Springboard Final,Final,,A,1-6,Judge 3,J3,FYRIGOU Georgia GRE
LEN European Diving Champions Cup 2006,stockholm_2006_cc,Women’s 3m Springboard Final,Final,,B,1-6,Judge 7,J7,LANG−LENTON Rosario ESP
LEN European Diving Champions Cup 2006,stockholm_2006_cc,Women’s 3m Springboard Final,Final,,single,1-6,Judge 4,J4,GEISSBUHLER Michael SUI
European Championships 2006 (Diving),budapest_2006_euro,Women’s 1m Springboard Preliminary,Preliminary,1 AUG 2006,A,1-6,Judge 1,J1,KHAZHEMPA Ludmila BLR
European Championships 2006 (Diving),budapest_2006_euro,Women’s 1m Springboard Preliminary,Preliminary,1 AUG 2006,B,1-6,Judge 1,J1,BRUN Aristide AUT
European Championships 2006 (Diving),budapest_2006_euro,Women’s 1m Springboard Preliminary,Preliminary,1 AUG 2006,A,1-6,Judge 2,J2,BOUSSARD Michel FRA
European Championships 2006 (Diving),budapest_2006_euro,Women’s 1m Springboard Preliminary,Preliminary,1 AUG 2006,B,1-6,Judge 2,J2,LLINAS Julian ESP
European Championships 2006 (Diving),budapest_2006_euro,Women’s 1m Springboard Preliminary,Preliminary,1 AUG 2006,A,1-6,Judge 3,J3,ALT Walter GER
European Championships 2006 (Diving),budapest_2006_euro,Women’s 1m Springboard Preliminary,Preliminary,1 AUG 2006,B,1-6,Judge 3,J3,TIKHONAVA Olga RUS
European Championships 2006 (Diving),budapest_2006_euro,Women’s 1m Springboard Preliminary,Preliminary,1 AUG 2006,A,1-6,Judge 4,J4,KONDELIS Stergios GRE
European Championships 2006 (Diving),budapest_2006_euro,Women’s 1m Springboard Preliminary,Preliminary,1 AUG 2006,B,1-6,Judge 4,J4,BEAUMONT Derek GBR
European Championships 2006 (Diving),budapest_2006_euro,Women’s 1m Springboard Preliminary,Preliminary,1 AUG 2006,A,1-6,Judge 5,J5,BENYAK Andras HUN
European Championships 2006 (Diving),budapest_2006_euro,Women’s 1m Springboard Preliminary,Preliminary,1 AUG 2006,B,1-6,Judge 5,J5,MANZONI Renato ITA
European Championships 2006 (Diving),budapest_2006_euro,Women’s 1m Springboard Preliminary,Preliminary,1 AUG 2006,A,1-6,Judge 6,J6,FABER Marc NED
European Championships 2006 (Diving),budapest_2006_euro,Women’s 1m Springboard Preliminary,Preliminary,1 AUG 2006,B,1-6,Judge 6,J6,KOMULAINEN Jari FIN
European Championships 2006 (Diving),budapest_2006_euro,Women’s 1m Springboard Preliminary,Preliminary,1 AUG 2006,A,1-6,Judge 7,J7,STRITT−BURK Carmen SUI
European Championships 2006 (Diving),budapest_2006_euro,Women’s 1m Springboard Preliminary,Preliminary,1 AUG 2006,B,1-6,Judge 7,J7,REZNICHENKO Anatoly UKR
European Championships 2006 (Diving),budapest_2006_euro,Women’s 1m Springboard Semifinal A,Semifinal,1 AUG 2006,A,1-6,Judge 1,J1,KHAZHEMPA Ludmila BLR
European Championships 2006 (Diving),budapest_2006_euro,Women’s 1m Springboard Semifinal A,Semifinal,1 AUG 2006,B,1-6,Judge 5,J5,BRUN Aristide AUT
European Championships 2006 (Diving),budapest_2006_euro,Women’s 1m Springboard Semifinal A,Semifinal,1 AUG 2006,A,1-6,Judge 2,J2,BOUSSARD Michel FRA
European Championships 2006 (Diving),budapest_2006_euro,Women’s 1m Springboard Semifinal A,Semifinal,1 AUG 2006,B,1-6,Judge 6,J6,LINDBERG Mathz SWE
European Championships 2006 (Diving),budapest_2006_euro,Women’s 1m Springboard Semifinal A,Semifinal,1 AUG 2006,A,1-6,Judge 3,J3,KONDELIS Stergios GRE
European Championships 2006 (Diving),budapest_2006_euro,Women’s 1m Springboard Semifinal A,Semifinal,1 AUG 2006,B,1-6,Judge 7,J7,MANZONI Renato ITA
European Championships 2006 (Diving),budapest_2006_euro,Women’s 1m Springboard Semifinal A,Semifinal,1 AUG 2006,single,1-6,Judge 4,J4,BENYAK Andras HUN
European Championships 2006 (Diving),budapest_2006_euro,Women’s 1m Springboard Semifinal B,Semifinal,1 AUG 2006,A,1-6,Judge 1,J1,ALT Walter GER
European Championships 2006 (Diving),budapest_2006_euro,Women’s 1m Springboard Semifinal B,Semifinal,1 AUG 2006,B,1-6,Judge 5,J5,BEAUMONT Derek GBR
European Championships 2006 (Diving),budapest_2006_euro,Women’s 1m Springboard Semifinal B,Semifinal,1 AUG 2006,A,1-6,Judge 2,J2,FABER Marc NED
European Championships 2006 (Diving),budapest_2006_euro,Women’s 1m Springboard Semifinal B,Semifinal,1 AUG 2006,B,1-6,Judge 6,J6,KOMULAINEN Jari FIN
European Championships 2006 (Diving),budapest_2006_euro,Women’s 1m Springboard Semifinal B,Semifinal,1 AUG 2006,A,1-6,Judge 3,J3,STRITT−BURK Carmen SUI
European Championships 2006 (Diving),budapest_2006_euro,Women’s 1m Springboard Semifinal B,Semifinal,1 AUG 2006,B,1-6,Judge 7,J7,REZNICHENKO Anatoly UKR
European Championships 2006 (Diving),budapest_2006_euro,Women’s 1m Springboard Semifinal B,Semifinal,1 AUG 2006,single,1-6,Judge 4,J4,LLINAS Julian ESP
European Championships 2006 (Diving),budapest_2006_euro,Women’s 1m Springboard Final,Final,1 AUG 2006,A,1-6,Judge 1,J1,STRITT−BURK Carmen SUI
European Championships 2006 (Diving),budapest_2006_euro,Women’s 1m Springboard Final,Final,1 AUG 2006,B,1-6,Judge 5,J5,KOMULAINEN Jari FIN
European Championships 2006 (Diving),budapest_2006_euro,Women’s 1m Springboard Final,Final,1 AUG 2006,A,1-6,Judge 2,J2,FABER Marc NED
European Championships 2006 (Diving),budapest_2006_euro,Women’s 1m Springboard Final,Final,1 AUG 2006,B,1-6,Judge 6,J6,LLINAS Julian ESP
European Championships 2006 (Diving),budapest_2006_euro,Women’s 1m Springboard Final,Final,1 AUG 2006,A,1-6,Judge 3,J3,BENYAK Andras HUN
European Championships 2006 (Diving),budapest_2006_euro,Women’s 1m Springboard Final,Final,1 AUG 2006,B,1-6,Judge 7,J7,BRUN Aristide AUT
European Championships 2006 (Diving),budapest_2006_euro,Women’s 1m Springboard Final,Final,1 AUG 2006,single,1-6,Judge 4,J4,BOUSSARD Michel FRA
European Championships 2006 (Diving),budapest_2006_euro,Men’s 1m Springboard Preliminary,Preliminary,2 AUG 2006,A,1-6,Judge 1,J1,KHAZHEMPA Ludmila BLR
European Championships 2006 (Diving),budapest_2006_euro,Men’s 1m Springboard Preliminary,Preliminary,2 AUG 2006,B,1-6,Judge 1,J1,LLINAS Julian ESP
European Championships 2006 (Diving),budapest_2006_euro,Men’s 1m Springboard Preliminary,Preliminary,2 AUG 2006,A,1-6,Judge 2,J2,BEAUMONT Derek GBR
European Championships 2006 (Diving),budapest_2006_euro,Men’s 1m Springboard Preliminary,Preliminary,2 AUG 2006,B,1-6,Judge 2,J2,KOMULAINEN Jari FIN
European Championships 2006 (Diving),budapest_2006_euro,Men’s 1m Springboard Preliminary,Preliminary,2 AUG 2006,A,1-6,Judge 3,J3,ALT Walter GER
European Championships 2006 (Diving),budapest_2006_euro,Men’s 1m Springboard Preliminary,Preliminary,2 AUG 2006,B,1-6,Judge 3,J3,BENYAK Andras HUN
European Championships 2006 (Diving),budapest_2006_euro,Men’s 1m Springboard Preliminary,Preliminary,2 AUG 2006,A,1-6,Judge 4,J4,TELEFSEN Arne NOR
European Championships 2006 (Diving),budapest_2006_euro,Men’s 1m Springboard Preliminary,Preliminary,2 AUG 2006,B,1-6,Judge 4,J4,MANZONI Renato ITA
European Championships 2006 (Diving),budapest_2006_euro,Men’s 1m Springboard Preliminary,Preliminary,2 AUG 2006,A,1-6,Judge 5,J5,BRUN Aristide AUT
European Championships 2006 (Diving),budapest_2006_euro,Men’s 1m Springboard Preliminary,Preliminary,2 AUG 2006,B,1-6,Judge 5,J5,FABER Marc NED
European Championships 2006 (Diving),budapest_2006_euro,Men’s 1m Springboard Preliminary,Preliminary,2 AUG 2006,A,1-6,Judge 6,J6,STRITT−BURK Carmen SUI
European Championships 2006 (Diving),budapest_2006_euro,Men’s 1m Springboard Preliminary,Preliminary,2 AUG 2006,B,1-6,Judge 6,J6,LINDBERG Mathz SWE
European Championships 2006 (Diving),budapest_2006_euro,Men’s 1m Springboard Preliminary,Preliminary,2 AUG 2006,A,1-6,Judge 7,J7,REZNICHENKO Anatoly UKR
European Championships 2006 (Diving),budapest_2006_euro,Men’s 1m Springboard Preliminary,Preliminary,2 AUG 2006,B,1-6,Judge 7,J7,ZAITSEV Oleg RUS
European Championships 2006 (Diving),budapest_2006_euro,Men’s 1m Springboard Semifinal A,Semifinal,2 AUG 2006,A,1-6,Judge 1,J1,BOUSSARD Michel FRA
European Championships 2006 (Diving),budapest_2006_euro,Men’s 1m Springboard Semifinal A,Semifinal,2 AUG 2006,B,1-6,Judge 5,J5,FABER Marc NED
European Championships 2006 (Diving),budapest_2006_euro,Men’s 1m Springboard Semifinal A,Semifinal,2 AUG 2006,A,1-6,Judge 2,J2,BEAUMONT Derek GBR
European Championships 2006 (Diving),budapest_2006_euro,Men’s 1m Springboard Semifinal A,Semifinal,2 AUG 2006,B,1-6,Judge 6,J6,TELEFSEN Arne NOR
European Championships 2006 (Diving),budapest_2006_euro,Men’s 1m Springboard Semifinal A,Semifinal,2 AUG 2006,A,1-6,Judge 3,J3,ALT Walter GER
European Championships 2006 (Diving),budapest_2006_euro,Men’s 1m Springboard Semifinal A,Semifinal,2 AUG 2006,B,1-6,Judge 7,J7,STRITT−BURK Carmen SUI
European Championships 2006 (Diving),budapest_2006_euro,Men’s 1m Springboard Semifinal A,Semifinal,2 AUG 2006,single,1-6,Judge 4,J4,BENYAK Andras HUN
European Championships 2006 (Diving),budapest_2006_euro,Men’s 1m Springboard Semifinal B,Semifinal,2 AUG 2006,A,1-6,Judge 1,J1,BOUSSARD Michel FRA
European Championships 2006 (Diving),budapest_2006_euro,Men’s 1m Springboard Semifinal B,Semifinal,2 AUG 2006,B,1-6,Judge 5,J5,FABER Marc NED
European Championships 2006 (Diving),budapest_2006_euro,Men’s 1m Springboard Semifinal B,Semifinal,2 AUG 2006,A,1-6,Judge 2,J2,BEAUMONT Derek GBR
European Championships 2006 (Diving),budapest_2006_euro,Men’s 1m Springboard Semifinal B,Semifinal,2 AUG 2006,B,1-6,Judge 6,J6,TELEFSEN Arne NOR
European Championships 2006 (Diving),budapest_2006_euro,Men’s 1m Springboard Semifinal B,Semifinal,2 AUG 2006,A,1-6,Judge 3,J3,ALT Walter GER
European Championships 2006 (Diving),budapest_2006_euro,Men’s 1m Springboard Semifinal B,Semifinal,2 AUG 2006,B,1-6,Judge 7,J7,STRITT−BURK Carmen SUI
European Championships 2006 (Diving),budapest_2006_euro,Men’s 1m Springboard Semifinal B,Semifinal,2 AUG 2006,single,1-6,Judge 4,J4,BENYAK Andras HUN
European Championships 2006 (Diving),budapest_2006_euro,Men’s 1m Springboard Final,Final,2 AUG 2006,A,1-6,Judge 1,J1,BOUSSARD Michel FRA
European Championships 2006 (Diving),budapest_2006_euro,Men’s 1m Springboard Final,Final,2 AUG 2006,B,1-6,Judge 5,J5,FABER Marc NED
European Championships 2006 (Diving),budapest_2006_euro,Men’s 1m Springboard Final,Final,2 AUG 2006,A,1-6,Judge 2,J2,BEAUMONT Derek GBR
European Championships 2006 (Diving),budapest_2006_euro,Men’s 1m Springboard Final,Final,2 AUG 2006,B,1-6,Judge 6,J6,TELEFSEN Arne NOR
European Championships 2006 (Diving),budapest_2006_euro,Men’s 1m Springboard Final,Final,2 AUG 2006,A,1-6,Judge 3,J3,ALT Walter GER
European Championships 2006 (Diving),budapest_2006_euro,Men’s 1m Springboard Final,Final,2 AUG 2006,B,1-6,Judge 7,J7,STRITT−BURK Carmen SUI
European Championships 2006 (Diving),budapest_2006_euro,Men’s 1m Springboard Final,Final,2 AUG 2006,single,1-6,Judge 4,J4,BENYAK Andras HUN
European Championships 2006 (Diving),budapest_2006_euro,Women’s 10m Platform Preliminary,Preliminary,3 AUG 2006,A,1-6,Judge 1,J1,LLINAS Julian ESP
European Championships 2006 (Diving),budapest_2006_euro,Women’s 10m Platform Preliminary,Preliminary,3 AUG 2006,B,1-6,Judge 1,J1,BOUSSARD Michel FRA
European Championships 2006 (Diving),budapest_2006_euro,Women’s 10m Platform Preliminary,Preliminary,3 AUG 2006,A,1-6,Judge 2,J2,MANZONI Renato ITA
European Championships 2006 (Diving),budapest_2006_euro,Women’s 10m Platform Preliminary,Preliminary,3 AUG 2006,B,1-6,Judge 2,J2,BEAUMONT Derek GBR
European Championships 2006 (Diving),budapest_2006_euro,Women’s 10m Platform Preliminary,Preliminary,3 AUG 2006,A,1-6,Judge 3,J3,BRUN Aristide AUT
European Championships 2006 (Diving),budapest_2006_euro,Women’s 10m Platform Preliminary,Preliminary,3 AUG 2006,B,1-6,Judge 3,J3,STRITT−BURK Carmen SUI
European Championships 2006 (Diving),budapest_2006_euro,Women’s 10m Platform Preliminary,Preliminary,3 AUG 2006,A,1-6,Judge 4,J4,ZAITSEV Oleg RUS
European Championships 2006 (Diving),budapest_2006_euro,Women’s 10m Platform Preliminary,Preliminary,3 AUG 2006,B,1-6,Judge 4,J4,REZNICHENKO Anatoly UKR
European Championships 2006 (Diving),budapest_2006_euro,Women’s 10m Platform Preliminary,Preliminary,3 AUG 2006,A,1-6,Judge 5,J5,FABER Marc NED
European Championships 2006 (Diving),budapest_2006_euro,Women’s 10m Platform Preliminary,Preliminary,3 AUG 2006,B,1-6,Judge 5,J5,TELEFSEN Arne NOR
European Championships 2006 (Diving),budapest_2006_euro,Women’s 10m Platform Preliminary,Preliminary,3 AUG 2006,A,1-6,Judge 6,J6,LINDBERG Mathz SWE
European Championships 2006 (Diving),budapest_2006_euro,Women’s 10m Platform Preliminary,Preliminary,3 AUG 2006,B,1-6,Judge 6,J6,KONDELIS Stergios GRE
European Championships 2006 (Diving),budapest_2006_euro,Women’s 10m Platform Preliminary,Preliminary,3 AUG 2006,A,1-6,Judge 7,J7,BENYAK Andras HUN
European Championships 2006 (Diving),budapest_2006_euro,Women’s 10m Platform Preliminary,Preliminary,3 AUG 2006,B,1-6,Judge 7,J7,ALT Walter GER
European Championships 2006 (Diving),budapest_2006_euro,Women’s 10m Platform Final,Final,3 AUG 2006,A,1-6,Judge 1,J1,LLINAS Julian ESP
European Championships 2006 (Diving),budapest_2006_euro,Women’s 10m Platform Final,Final,3 AUG 2006,B,1-6,Judge 5,J5,TELEFSEN Arne NOR
European Championships 2006 (Diving),budapest_2006_euro,Women’s 10m Platform Final,Final,3 AUG 2006,A,1-6,Judge 2,J2,KOMULAINEN Jari FIN
European Championships 2006 (Diving),budapest_2006_euro,Women’s 10m Platform Final,Final,3 AUG 2006,B,1-6,Judge 6,J6,LINDBERG Mathz SWE
European Championships 2006 (Diving),budapest_2006_euro,Women’s 10m Platform Final,Final,3 AUG 2006,A,1-6,Judge 3,J3,BENYAK Andras HUN
European Championships 2006 (Diving),budapest_2006_euro,Women’s 10m Platform Final,Final,3 AUG 2006,B,1-6,Judge 7,J7,ZAITSEV Oleg RUS
European Championships 2006 (Diving),budapest_2006_euro,Women’s 10m Platform Final,Final,3 AUG 2006,single,1-6,Judge 4,J4,FABER Marc NED
European Championships 2006 (Diving),budapest_2006_euro,Men’s 3m Springboard Preliminary,Preliminary,4 AUG 2006,A,1-6,Judge 1,J1,TIKHONAVA Olga RUS
European Championships 2006 (Diving),budapest_2006_euro,Men’s 3m Springboard Preliminary,Preliminary,4 AUG 2006,B,1-6,Judge 1,J1,REZNICHENKO Anatoly UKR
European Championships 2006 (Diving),budapest_2006_euro,Men’s 3m Springboard Preliminary,Preliminary,4 AUG 2006,A,1-6,Judge 2,J2,BEAUMONT Derek GBR
European Championships 2006 (Diving),budapest_2006_euro,Men’s 3m Springboard Preliminary,Preliminary,4 AUG 2006,B,1-6,Judge 2,J2,LINDBERG Mathz SWE
European Championships 2006 (Diving),budapest_2006_euro,Men’s 3m Springboard Preliminary,Preliminary,4 AUG 2006,A,1-6,Judge 3,J3,KONDELIS Stergios GRE
European Championships 2006 (Diving),budapest_2006_euro,Men’s 3m Springboard Preliminary,Preliminary,4 AUG 2006,B,1-6,Judge 3,J3,ALT Walter GER
European Championships 2006 (Diving),budapest_2006_euro,Men’s 3m Springboard Preliminary,Preliminary,4 AUG 2006,A,1-6,Judge 4,J4,MANZONI Renato ITA
European Championships 2006 (Diving),budapest_2006_euro,Men’s 3m Springboard Preliminary,Preliminary,4 AUG 2006,B,1-6,Judge 4,J4,KOMULAINEN Jari FIN
European Championships 2006 (Diving),budapest_2006_euro,Men’s 3m Springboard Preliminary,Preliminary,4 AUG 2006,A,1-6,Judge 5,J5,FABER Marc NED
European Championships 2006 (Diving),budapest_2006_euro,Men’s 3m Springboard Preliminary,Preliminary,4 AUG 2006,B,1-6,Judge 5,J5,LLINAS Julian ESP
European Championships 2006 (Diving),budapest_2006_euro,Men’s 3m Springboard Preliminary,Preliminary,4 AUG 2006,A,1-6,Judge 6,J6,TELEFSEN Arne NOR
European Championships 2006 (Diving),budapest_2006_euro,Men’s 3m Springboard Preliminary,Preliminary,4 AUG 2006,B,1-6,Judge 6,J6,KHAZHEMPA Ludmila BLR
European Championships 2006 (Diving),budapest_2006_euro,Men’s 3m Springboard Preliminary,Preliminary,4 AUG 2006,A,1-6,Judge 7,J7,STRITT−BURK Carmen SUI
European Championships 2006 (Diving),budapest_2006_euro,Men’s 3m Springboard Preliminary,Preliminary,4 AUG 2006,B,1-6,Judge 7,J7,BRUN Aristide AUT
European Championships 2006 (Diving),budapest_2006_euro,Men’s 3m Springboard Final,Final,4 AUG 2006,A,1-6,Judge 1,J1,STRITT−BURK Carmen SUI
European Championships 2006 (Diving),budapest_2006_euro,Men’s 3m Springboard Final,Final,4 AUG 2006,B,1-6,Judge 5,J5,ALT Walter GER
European Championships 2006 (Diving),budapest_2006_euro,Men’s 3m Springboard Final,Final,4 AUG 2006,A,1-6,Judge 2,J2,KONDELIS Stergios GRE
European Championships 2006 (Diving),budapest_2006_euro,Men’s 3m Springboard Final,Final,4 AUG 2006,B,1-6,Judge 6,J6,BEAUMONT Derek GBR
European Championships 2006 (Diving),budapest_2006_euro,Men’s 3m Springboard Final,Final,4 AUG 2006,A,1-6,Judge 3,J3,FABER Marc NED
European Championships 2006 (Diving),budapest_2006_euro,Men’s 3m Springboard Final,Final,4 AUG 2006,B,1-6,Judge 7,J7,BOUSSARD Michel FRA
European Championships 2006 (Diving),budapest_2006_euro,Men’s 3m Springboard Final,Final,4 AUG 2006,single,1-6,Judge 4,J4,BENYAK Andras HUN
European Championships 2006 (Diving),budapest_2006_euro,Women’s 3m Springboard Preliminary,Preliminary,5 AUG 2006,A,1-6,Judge 1,J1,KOMULAINEN Jari FIN
European Championships 2006 (Diving),budapest_2006_euro,Women’s 3m Springboard Preliminary,Preliminary,5 AUG 2006,B,1-6,Judge 1,J1,REZNICHENKO Anatoly UKR
European Championships 2006 (Diving),budapest_2006_euro,Women’s 3m Springboard Preliminary,Preliminary,5 AUG 2006,A,1-6,Judge 2,J2,STRITT−BURK Carmen SUI
European Championships 2006 (Diving),budapest_2006_euro,Women’s 3m Springboard Preliminary,Preliminary,5 AUG 2006,B,1-6,Judge 2,J2,TELEFSEN Arne NOR
European Championships 2006 (Diving),budapest_2006_euro,Women’s 3m Springboard Preliminary,Preliminary,5 AUG 2006,A,1-6,Judge 3,J3,BRUN Aristide AUT
European Championships 2006 (Diving),budapest_2006_euro,Women’s 3m Springboard Preliminary,Preliminary,5 AUG 2006,B,1-6,Judge 3,J3,TIKHONAVA Olga RUS
European Championships 2006 (Diving),budapest_2006_euro,Women’s 3m Springboard Preliminary,Preliminary,5 AUG 2006,A,1-6,Judge 4,J4,BOUSSARD Michel FRA
European Championships 2006 (Diving),budapest_2006_euro,Women’s 3m Springboard Preliminary,Preliminary,5 AUG 2006,B,1-6,Judge 4,J4,BENYAK Andras HUN
European Championships 2006 (Diving),budapest_2006_euro,Women’s 3m Springboard Preliminary,Preliminary,5 AUG 2006,A,1-6,Judge 5,J5,KHAZHEMPA Ludmila BLR
European Championships 2006 (Diving),budapest_2006_euro,Women’s 3m Springboard Preliminary,Preliminary,5 AUG 2006,B,1-6,Judge 5,J5,MANZONI Renato ITA
European Championships 2006 (Diving),budapest_2006_euro,Women’s 3m Springboard Preliminary,Preliminary,5 AUG 2006,A,1-6,Judge 6,J6,KONDELIS Stergios GRE
European Championships 2006 (Diving),budapest_2006_euro,Women’s 3m Springboard Preliminary,Preliminary,5 AUG 2006,B,1-6,Judge 6,J6,ALT Walter GER
European Championships 2006 (Diving),budapest_2006_euro,Women’s 3m Springboard Preliminary,Preliminary,5 AUG 2006,A,1-6,Judge 7,J7,LLINAS Julian ESP
European Championships 2006 (Diving),budapest_2006_euro,Women’s 3m Springboard Preliminary,Preliminary,5 AUG 2006,B,1-6,Judge 7,J7,BEAUMONT Derek GBR
European Championships 2006 (Diving),budapest_2006_euro,Women’s 3m Springboard Final,Final,5 AUG 2006,A,1-6,Judge 1,J1,KOMULAINEN Jari FIN
European Championships 2006 (Diving),budapest_2006_euro,Women’s 3m Springboard Final,Final,5 AUG 2006,B,1-6,Judge 5,J5,BEAUMONT Derek GBR
European Championships 2006 (Diving),budapest_2006_euro,Women’s 3m Springboard Final,Final,5 AUG 2006,A,1-6,Judge 2,J2,LLINAS Julian ESP
European Championships 2006 (Diving),budapest_2006_euro,Women’s 3m Springboard Final,Final,5 AUG 2006,B,1-6,Judge 6,J6,FABER Marc NED
European Championships 2006 (Diving),budapest_2006_euro,Women’s 3m Springboard Final,Final,5 AUG 2006,A,1-6,Judge 3,J3,BRUN Aristide AUT
European Championships 2006 (Diving),budapest_2006_euro,Women’s 3m Springboard Final,Final,5 AUG 2006,B,1-6,Judge 7,J7,TELEFSEN Arne NOR
European Championships 2006 (Diving),budapest_2006_euro,Women’s 3m Springboard Final,Final,5 AUG 2006,single,1-6,Judge 4,J4,BOUSSARD Michel FRA
European Championships 2006 (Diving),budapest_2006_euro,Men’s 10m Platform Preliminary,Preliminary,6 AUG 2006,A,1-6,Judge 1,J1,TIKHONAVA Olga RUS
European Championships 2006 (Diving),budapest_2006_euro,Men’s 10m Platform Preliminary,Preliminary,6 AUG 2006,B,1-6,Judge 1,J1,KHAZHEMPA Ludmila BLR
European Championships 2006 (Diving),budapest_2006_euro,Men’s 10m Platform Preliminary,Preliminary,6 AUG 2006,A,1-6,Judge 2,J2,BENYAK Andras HUN
European Championships 2006 (Diving),budapest_2006_euro,Men’s 10m Platform Preliminary,Preliminary,6 AUG 2006,B,1-6,Judge 2,J2,BRUN Aristide AUT
European Championships 2006 (Diving),budapest_2006_euro,Men’s 10m Platform Preliminary,Preliminary,6 AUG 2006,A,1-6,Judge 3,J3,KOMULAINEN Jari FIN
European Championships 2006 (Diving),budapest_2006_euro,Men’s 10m Platform Preliminary,Preliminary,6 AUG 2006,B,1-6,Judge 3,J3,STRITT−BURK Carmen SUI
European Championships 2006 (Diving),budapest_2006_euro,Men’s 10m Platform Preliminary,Preliminary,6 AUG 2006,A,1-6,Judge 4,J4,ALT Walter GER
European Championships 2006 (Diving),budapest_2006_euro,Men’s 10m Platform Preliminary,Preliminary,6 AUG 2006,B,1-6,Judge 4,J4,TELEFSEN Arne NOR
European Championships 2006 (Diving),budapest_2006_euro,Men’s 10m Platform Preliminary,Preliminary,6 AUG 2006,A,1-6,Judge 5,J5,BOUSSARD Michel FRA
European Championships 2006 (Diving),budapest_2006_euro,Men’s 10m Platform Preliminary,Preliminary,6 AUG 2006,B,1-6,Judge 5,J5,FABER Marc NED
European Championships 2006 (Diving),budapest_2006_euro,Men’s 10m Platform Preliminary,Preliminary,6 AUG 2006,A,1-6,Judge 6,J6,REZNICHENKO Anatoly UKR
European Championships 2006 (Diving),budapest_2006_euro,Men’s 10m Platform Preliminary,Preliminary,6 AUG 2006,B,1-6,Judge 6,J6,MANZONI Renato ITA
European Championships 2006 (Diving),budapest_2006_euro,Men’s 10m Platform Preliminary,Preliminary,6 AUG 2006,A,1-6,Judge 7,J7,BEAUMONT Derek GBR
European Championships 2006 (Diving),budapest_2006_euro,Men’s 10m Platform Preliminary,Preliminary,6 AUG 2006,B,1-6,Judge 7,J7,KONDELIS Stergios GRE
European Championships 2006 (Diving),budapest_2006_euro,Men’s 10m Platform Final,Final,6 AUG 2006,A,1-6,Judge 1,J1,STRITT−BURK Carmen SUI
European Championships 2006 (Diving),budapest_2006_euro,Men’s 10m Platform Final,Final,6 AUG 2006,B,1-6,Judge 5,J5,KOMULAINEN Jari FIN
European Championships 2006 (Diving),budapest_2006_euro,Men’s 10m Platform Final,Final,6 AUG 2006,A,1-6,Judge 2,J2,TELEFSEN Arne NOR
European Championships 2006 (Diving),budapest_2006_euro,Men’s 10m Platform Final,Final,6 AUG 2006,B,1-6,Judge 6,J6,LLINAS Julian ESP
European Championships 2006 (Diving),budapest_2006_euro,Men’s 10m Platform Final,Final,6 AUG 2006,A,1-6,Judge 3,J3,FABER Marc NED
European Championships 2006 (Diving),budapest_2006_euro,Men’s 10m Platform Final,Final,6 AUG 2006,B,1-6,Judge 7,J7,BRUN Aristide AUT
European Championships 2006 (Diving),budapest_2006_euro,Men’s 10m Platform Final,Final,6 AUG 2006,single,1-6,Judge 4,J4,BOUSSARD Michel FRA
LEN European Diving Champions Cup,stockholm_2007_cc,Men’s 3m Springboard Preliminary,Preliminary,17 FEB 2007,A,1-6,Judge 1,J1,REZNICHENKO Anatoly UKR
LEN European Diving Champions Cup,stockholm_2007_cc,Men’s 3m Springboard Preliminary,Preliminary,17 FEB 2007,B,1-6,Judge 1,J1,VINOGRADOV Alexander RUS
LEN European Diving Champions Cup,stockholm_2007_cc,Men’s 3m Springboard Preliminary,Preliminary,17 FEB 2007,A,1-6,Judge 2,J2,BOOTHROYD Sidney GBR
LEN European Diving Champions Cup,stockholm_2007_cc,Men’s 3m Springboard Preliminary,Preliminary,17 FEB 2007,B,1-6,Judge 2,J2,TEDOLI Claudio ITA
LEN European Diving Champions Cup,stockholm_2007_cc,Men’s 3m Springboard Preliminary,Preliminary,17 FEB 2007,A,1-6,Judge 3,J3,BUSCHKOW Lutz GER
LEN European Diving Champions Cup,stockholm_2007_cc,Men’s 3m Springboard Preliminary,Preliminary,17 FEB 2007,B,1-6,Judge 3,J3,TOULOUDIS Nikolaos GRE
LEN European Diving Champions Cup,stockholm_2007_cc,Men’s 3m Springboard Preliminary,Preliminary,17 FEB 2007,A,1-6,Judge 4,J4,KHOZHEMPO Liudmila BLR
LEN European Diving Champions Cup,stockholm_2007_cc,Men’s 3m Springboard Preliminary,Preliminary,17 FEB 2007,B,1-6,Judge 4,J4,RICHTER Jürgen AUT
LEN European Diving Champions Cup,stockholm_2007_cc,Men’s 3m Springboard Preliminary,Preliminary,17 FEB 2007,A,1-6,Judge 5,J5,RIEU Gerard FRA
LEN European Diving Champions Cup,stockholm_2007_cc,Men’s 3m Springboard Preliminary,Preliminary,17 FEB 2007,B,1-6,Judge 5,J5,CALAMNIUS Suvi FIN
LEN European Diving Champions Cup,stockholm_2007_cc,Men’s 3m Springboard Preliminary,Preliminary,17 FEB 2007,A,1-6,Judge 6,J6,VULETIC Vukan SRB
LEN European Diving Champions Cup,stockholm_2007_cc,Men’s 3m Springboard Preliminary,Preliminary,17 FEB 2007,B,1-6,Judge 6,J6,CASTILLO Maria Luisa ESP
LEN European Diving Champions Cup,stockholm_2007_cc,Men’s 3m Springboard Preliminary,Preliminary,17 FEB 2007,A,1-6,Judge 7,J7,VEGARD Jon Grunde NOR
LEN European Diving Champions Cup,stockholm_2007_cc,Men’s 3m Springboard Preliminary,Preliminary,17 FEB 2007,B,1-6,Judge 7,J7,SIERZ Kotcharian POL
LEN European Diving Champions Cup,stockholm_2007_cc,Men’s 3m Springboard Final,Final,17 FEB 2007,A,1-6,Judge 1,J1,RICHTER Jürgen AUT
LEN European Diving Champions Cup,stockholm_2007_cc,Men’s 3m Springboard Final,Final,17 FEB 2007,B,1-6,Judge 5,J5,RIEU Gerard FRA
LEN European Diving Champions Cup,stockholm_2007_cc,Men’s 3m Springboard Final,Final,17 FEB 2007,A,1-6,Judge 2,J2,BOOTHROYD Sidney GBR
LEN European Diving Champions Cup,stockholm_2007_cc,Men’s 3m Springboard Final,Final,17 FEB 2007,B,1-6,Judge 6,J6,SIERZ Kotcharian POL
LEN European Diving Champions Cup,stockholm_2007_cc,Men’s 3m Springboard Final,Final,17 FEB 2007,A,1-6,Judge 3,J3,GEISSBÜHLER Michael SUI
LEN European Diving Champions Cup,stockholm_2007_cc,Men’s 3m Springboard Final,Final,17 FEB 2007,B,1-6,Judge 7,J7,VEGARD Jon Grunde NOR
LEN European Diving Champions Cup,stockholm_2007_cc,Men’s 3m Springboard Final,Final,17 FEB 2007,single,1-6,Judge 4,J4,KHOZHEMPO Liudmila BLR
LEN European Diving Champions Cup,stockholm_2007_cc,Women’s 10m Platform Preliminary,Preliminary,17 FEB 2007,A,1-6,Judge 1,J1,REZNICHENKO Anatoly UKR
LEN European Diving Champions Cup,stockholm_2007_cc,Women’s 10m Platform Preliminary,Preliminary,17 FEB 2007,B,1-6,Judge 1,J1,VINOGRADOV Alexander RUS
LEN European Diving Champions Cup,stockholm_2007_cc,Women’s 10m Platform Preliminary,Preliminary,17 FEB 2007,A,1-6,Judge 2,J2,BOOTHROYD Sidney GBR
LEN European Diving Champions Cup,stockholm_2007_cc,Women’s 10m Platform Preliminary,Preliminary,17 FEB 2007,B,1-6,Judge 2,J2,TEDOLI Claudio ITA
LEN European Diving Champions Cup,stockholm_2007_cc,Women’s 10m Platform Preliminary,Preliminary,17 FEB 2007,A,1-6,Judge 3,J3,FALKMAN Peter SWE
LEN European Diving Champions Cup,stockholm_2007_cc,Women’s 10m Platform Preliminary,Preliminary,17 FEB 2007,B,1-6,Judge 3,J3,TOULOUDIS Nikolaos GRE
LEN European Diving Champions Cup,stockholm_2007_cc,Women’s 10m Platform Preliminary,Preliminary,17 FEB 2007,A,1-6,Judge 4,J4,ZIMMERMANN Wessel NED
LEN European Diving Champions Cup,stockholm_2007_cc,Women’s 10m Platform Preliminary,Preliminary,17 FEB 2007,B,1-6,Judge 4,J4,TELLEFSEN Arne NOR
LEN European Diving Champions Cup,stockholm_2007_cc,Women’s 10m Platform Preliminary,Preliminary,17 FEB 2007,A,1-6,Judge 5,J5,GEISSBÜHLER Michael SUI
LEN European Diving Champions Cup,stockholm_2007_cc,Women’s 10m Platform Preliminary,Preliminary,17 FEB 2007,B,1-6,Judge 5,J5,BUSCHKOW Lutz GER
LEN European Diving Champions Cup,stockholm_2007_cc,Women’s 10m Platform Preliminary,Preliminary,17 FEB 2007,A,1-6,Judge 6,J6,KHOZHEMPO Liudmila BLR
LEN European Diving Champions Cup,stockholm_2007_cc,Women’s 10m Platform Preliminary,Preliminary,17 FEB 2007,B,1-6,Judge 6,J6,AGHAKHANOV Bakhtiyar AZE
LEN European Diving Champions Cup,stockholm_2007_cc,Women’s 10m Platform Preliminary,Preliminary,17 FEB 2007,A,1-6,Judge 7,J7,CASTILLO Maria Luisa ESP
LEN European Diving Champions Cup,stockholm_2007_cc,Women’s 10m Platform Preliminary,Preliminary,17 FEB 2007,B,1-6,Judge 7,J7,RIEU Gerard FRA
LEN European Diving Champions Cup,stockholm_2007_cc,Women’s 10m Platform Final,Final,17 FEB 2007,A,1-6,Judge 1,J1,TELLEFSEN Arne NOR
LEN European Diving Champions Cup,stockholm_2007_cc,Women’s 10m Platform Final,Final,17 FEB 2007,B,1-6,Judge 5,J5,VINOGRADOV Alexander RUS
LEN European Diving Champions Cup,stockholm_2007_cc,Women’s 10m Platform Final,Final,17 FEB 2007,A,1-6,Judge 2,J2,RIEU Gerard FRA
LEN European Diving Champions Cup,stockholm_2007_cc,Women’s 10m Platform Final,Final,17 FEB 2007,B,1-6,Judge 6,J6,CASTILLO Maria Luisa ESP
LEN European Diving Champions Cup,stockholm_2007_cc,Women’s 10m Platform Final,Final,17 FEB 2007,A,1-6,Judge 3,J3,ZIMMERMANN Wessel NED
LEN European Diving Champions Cup,stockholm_2007_cc,Women’s 10m Platform Final,Final,17 FEB 2007,B,1-6,Judge 7,J7,TOULOUDIS Nikolaos GRE
LEN European Diving Champions Cup,stockholm_2007_cc,Women’s 10m Platform Final,Final,17 FEB 2007,single,1-6,Judge 4,J4,GEISSBÜHLER Michael SUI
LEN European Diving Champions Cup,stockholm_2007_cc,Men’s 10m Platform Preliminary,Preliminary,18 FEB 2007,A,1-6,Judge 1,J1,BOOTHROYD Sidney GBR
LEN European Diving Champions Cup,stockholm_2007_cc,Men’s 10m Platform Preliminary,Preliminary,18 FEB 2007,B,1-6,Judge 1,J1,TEDOLI Claudio ITA
LEN European Diving Champions Cup,stockholm_2007_cc,Men’s 10m Platform Preliminary,Preliminary,18 FEB 2007,A,1-6,Judge 2,J2,VINOGRADOV Alexander RUS
LEN European Diving Champions Cup,stockholm_2007_cc,Men’s 10m Platform Preliminary,Preliminary,18 FEB 2007,B,1-6,Judge 2,J2,REZNICHENKO Anatoly UKR
LEN European Diving Champions Cup,stockholm_2007_cc,Men’s 10m Platform Preliminary,Preliminary,18 FEB 2007,A,1-6,Judge 3,J3,TOULOUDIS Nikolaos GRE
LEN European Diving Champions Cup,stockholm_2007_cc,Men’s 10m Platform Preliminary,Preliminary,18 FEB 2007,B,1-6,Judge 3,J3,FALKMAN Peter SWE
LEN European Diving Champions Cup,stockholm_2007_cc,Men’s 10m Platform Preliminary,Preliminary,18 FEB 2007,A,1-6,Judge 4,J4,KHOZHEMPO Liudmila BLR
LEN European Diving Champions Cup,stockholm_2007_cc,Men’s 10m Platform Preliminary,Preliminary,18 FEB 2007,B,1-6,Judge 4,J4,CALAMNIUS Suvi FIN
LEN European Diving Champions Cup,stockholm_2007_cc,Men’s 10m Platform Preliminary,Preliminary,18 FEB 2007,A,1-6,Judge 5,J5,RIEU Gerard FRA
LEN European Diving Champions Cup,stockholm_2007_cc,Men’s 10m Platform Preliminary,Preliminary,18 FEB 2007,B,1-6,Judge 5,J5,BUSCHKOW Lutz GER
LEN European Diving Champions Cup,stockholm_2007_cc,Men’s 10m Platform Preliminary,Preliminary,18 FEB 2007,A,1-6,Judge 6,J6,VEGARD Jon Grunde NOR
LEN European Diving Champions Cup,stockholm_2007_cc,Men’s 10m Platform Preliminary,Preliminary,18 FEB 2007,B,1-6,Judge 6,J6,CASTILLO Maria Luisa ESP
LEN European Diving Champions Cup,stockholm_2007_cc,Men’s 10m Platform Preliminary,Preliminary,18 FEB 2007,A,1-6,Judge 7,J7,VULETIC Vukan SRB
LEN European Diving Champions Cup,stockholm_2007_cc,Men’s 10m Platform Preliminary,Preliminary,18 FEB 2007,B,1-6,Judge 7,J7,GEISSBÜHLER Michael SUI
LEN European Diving Champions Cup,stockholm_2007_cc,Men’s 10m Platform Final,Final,18 FEB 2007,A,1-6,Judge 1,J1,CALAMNIUS Suvi FIN
LEN European Diving Champions Cup,stockholm_2007_cc,Men’s 10m Platform Final,Final,18 FEB 2007,B,1-6,Judge 5,J5,FALKMAN Peter SWE
LEN European Diving Champions Cup,stockholm_2007_cc,Men’s 10m Platform Final,Final,18 FEB 2007,A,1-6,Judge 2,J2,TOULOUDIS Nikolaos GRE
LEN European Diving Champions Cup,stockholm_2007_cc,Men’s 10m Platform Final,Final,18 FEB 2007,B,1-6,Judge 6,J6,AGHAKHANOV Bakhtiyar AZE
LEN European Diving Champions Cup,stockholm_2007_cc,Men’s 10m Platform Final,Final,18 FEB 2007,A,1-6,Judge 3,J3,VULETIC Vukan SRB
LEN European Diving Champions Cup,stockholm_2007_cc,Men’s 10m Platform Final,Final,18 FEB 2007,B,1-6,Judge 7,J7,RICHTER Jürgen AUT
LEN European Diving Champions Cup,stockholm_2007_cc,Men’s 10m Platform Final,Final,18 FEB 2007,single,1-6,Judge 4,J4,CASTILLO Maria Luisa ESP
LEN European Diving Champions Cup,stockholm_2007_cc,Women’s 3m Springboard Preliminary,Preliminary,18 FEB 2007,A,1-6,Judge 1,J1,BOOTHROYD Sidney GBR
LEN European Diving Champions Cup,stockholm_2007_cc,Women’s 3m Springboard Preliminary,Preliminary,18 FEB 2007,B,1-6,Judge 1,J1,TEDOLI Claudio ITA
LEN European Diving Champions Cup,stockholm_2007_cc,Women’s 3m Springboard Preliminary,Preliminary,18 FEB 2007,A,1-6,Judge 2,J2,VINOGRADOV Alexander RUS
LEN European Diving Champions Cup,stockholm_2007_cc,Women’s 3m Springboard Preliminary,Preliminary,18 FEB 2007,B,1-6,Judge 2,J2,REZNICHENKO Anatoly UKR
LEN European Diving Champions Cup,stockholm_2007_cc,Women’s 3m Springboard Preliminary,Preliminary,18 FEB 2007,A,1-6,Judge 3,J3,TOULOUDIS Nikolaos GRE
LEN European Diving Champions Cup,stockholm_2007_cc,Women’s 3m Springboard Preliminary,Preliminary,18 FEB 2007,B,1-6,Judge 3,J3,FALKMAN Peter SWE
LEN European Diving Champions Cup,stockholm_2007_cc,Women’s 3m Springboard Preliminary,Preliminary,18 FEB 2007,A,1-6,Judge 4,J4,AGHAKHANOV Bakhtiyar AZE
LEN European Diving Champions Cup,stockholm_2007_cc,Women’s 3m Springboard Preliminary,Preliminary,18 FEB 2007,B,1-6,Judge 4,J4,RICHTER Jürgen AUT
LEN European Diving Champions Cup,stockholm_2007_cc,Women’s 3m Springboard Preliminary,Preliminary,18 FEB 2007,A,1-6,Judge 5,J5,BUSCHKOW Lutz GER
LEN European Diving Champions Cup,stockholm_2007_cc,Women’s 3m Springboard Preliminary,Preliminary,18 FEB 2007,B,1-6,Judge 5,J5,ZIMMERMANN Wessel NED
LEN European Diving Champions Cup,stockholm_2007_cc,Women’s 3m Springboard Preliminary,Preliminary,18 FEB 2007,A,1-6,Judge 6,J6,TELLEFSEN Arne NOR
LEN European Diving Champions Cup,stockholm_2007_cc,Women’s 3m Springboard Preliminary,Preliminary,18 FEB 2007,B,1-6,Judge 6,J6,SIERZ Kotcharian POL
LEN European Diving Champions Cup,stockholm_2007_cc,Women’s 3m Springboard Preliminary,Preliminary,18 FEB 2007,A,1-6,Judge 7,J7,VULETIC Vukan SRB
LEN European Diving Champions Cup,stockholm_2007_cc,Women’s 3m Springboard Preliminary,Preliminary,18 FEB 2007,B,1-6,Judge 7,J7,GEISSBÜHLER Michael SUI
LEN European Diving Champions Cup,stockholm_2007_cc,Women’s 3m Springboard Final,Final,18 FEB 2007,A,1-6,Judge 1,J1,RICHTER Jürgen AUT
LEN European Diving Champions Cup,stockholm_2007_cc,Women’s 3m Springboard Final,Final,18 FEB 2007,B,1-6,Judge 5,J5,BOOTHROYD Sidney GBR
LEN European Diving Champions Cup,stockholm_2007_cc,Women’s 3m Springboard Final,Final,18 FEB 2007,A,1-6,Judge 2,J2,GEISSBÜHLER Michael SUI
LEN European Diving Champions Cup,stockholm_2007_cc,Women’s 3m Springboard Final,Final,18 FEB 2007,B,1-6,Judge 6,J6,SIERZ Kotcharian POL
LEN European Diving Champions Cup,stockholm_2007_cc,Women’s 3m Springboard Final,Final,18 FEB 2007,A,1-6,Judge 3,J3,ZIMMERMANN Wessel NED
LEN European Diving Champions Cup,stockholm_2007_cc,Women’s 3m Springboard Final,Final,18 FEB 2007,B,1-6,Judge 7,J7,VEGARD Jon Grunde NOR
LEN European Diving Champions Cup,stockholm_2007_cc,Women’s 3m Springboard Final,Final,18 FEB 2007,single,1-6,Judge 4,J4,VULETIC Vukan SRB
12th FINA World Championships 2007 (Diving),melbourne_2007_wch,Men’s 1m Springboard Preliminary,Preliminary,20 MAR 2007,A,1-6,Judge 1,J1,LINDBERG Mathz SWE
12th FINA World Championships 2007 (Diving),melbourne_2007_wch,Men’s 1m Springboard Preliminary,Preliminary,20 MAR 2007,B,1-6,Judge 1,J1,ALT Walter GER
12th FINA World Championships 2007 (Diving),melbourne_2007_wch,Men’s 1m Springboard Preliminary,Preliminary,20 MAR 2007,A,1-6,Judge 2,J2,WILSON Adrienne RSA
12th FINA World Championships 2007 (Diving),melbourne_2007_wch,Men’s 1m Springboard Preliminary,Preliminary,20 MAR 2007,B,1-6,Judge 2,J2,MANZONI Renato ITA
12th FINA World Championships 2007 (Diving),melbourne_2007_wch,Men’s 1m Springboard Preliminary,Preliminary,20 MAR 2007,A,1-6,Judge 3,J3,TELLEFSEN Arne NOR
12th FINA World Championships 2007 (Diving),melbourne_2007_wch,Men’s 1m Springboard Preliminary,Preliminary,20 MAR 2007,B,1-6,Judge 3,J3,RUIZ Rolando CUB
12th FINA World Championships 2007 (Diving),melbourne_2007_wch,Men’s 1m Springboard Preliminary,Preliminary,20 MAR 2007,A,1-6,Judge 4,J4,GUEVARA Freddy VEN
12th FINA World Championships 2007 (Diving),melbourne_2007_wch,Men’s 1m Springboard Preliminary,Preliminary,20 MAR 2007,B,1-6,Judge 4,J4,STRITT BURK Carmen SUI
12th FINA World Championships 2007 (Diving),melbourne_2007_wch,Men’s 1m Springboard Preliminary,Preliminary,20 MAR 2007,A,1-6,Judge 5,J5,NOVOTNA Hana CZE
12th FINA World Championships 2007 (Diving),melbourne_2007_wch,Men’s 1m Springboard Preliminary,Preliminary,20 MAR 2007,B,1-6,Judge 5,J5,JIAN Yu CHN
12th FINA World Championships 2007 (Diving),melbourne_2007_wch,Men’s 1m Springboard Preliminary,Preliminary,20 MAR 2007,A,1-6,Judge 6,J6,LYON Raelene AUS
12th FINA World Championships 2007 (Diving),melbourne_2007_wch,Men’s 1m Springboard Preliminary,Preliminary,20 MAR 2007,B,1-6,Judge 6,J6,REZNICHENKO Anatoly UKR
12th FINA World Championships 2007 (Diving),melbourne_2007_wch,Men’s 1m Springboard Preliminary,Preliminary,20 MAR 2007,A,1-6,Judge 7,J7,CHONG Edwin MAS
12th FINA World Championships 2007 (Diving),melbourne_2007_wch,Men’s 1m Springboard Preliminary,Preliminary,20 MAR 2007,B,1-6,Judge 7,J7,SISSONS Ann NZL
12th FINA World Championships 2007 (Diving),melbourne_2007_wch,Women’s 10m Platform Preliminary,Preliminary,20 MAR 2007,A,1-6,Judge 1,J1,ROCHA Sergio MEX
12th FINA World Championships 2007 (Diving),melbourne_2007_wch,Women’s 10m Platform Preliminary,Preliminary,20 MAR 2007,B,1-6,Judge 1,J1,BURGERING David USA
12th FINA World Championships 2007 (Diving),melbourne_2007_wch,Women’s 10m Platform Preliminary,Preliminary,20 MAR 2007,A,1-6,Judge 2,J2,LLINAS Julian ESP
12th FINA World Championships 2007 (Diving),melbourne_2007_wch,Women’s 10m Platform Preliminary,Preliminary,20 MAR 2007,B,1-6,Judge 2,J2,KELEMEN Ildiko HUN
12th FINA World Championships 2007 (Diving),melbourne_2007_wch,Women’s 10m Platform Preliminary,Preliminary,20 MAR 2007,A,1-6,Judge 3,J3,LYON Raelene AUS
12th FINA World Championships 2007 (Diving),melbourne_2007_wch,Women’s 10m Platform Preliminary,Preliminary,20 MAR 2007,B,1-6,Judge 3,J3,SISSONS Ann NZL
12th FINA World Championships 2007 (Diving),melbourne_2007_wch,Women’s 10m Platform Preliminary,Preliminary,20 MAR 2007,A,1-6,Judge 4,J4,CLARK Bill GBR
12th FINA World Championships 2007 (Diving),melbourne_2007_wch,Women’s 10m Platform Preliminary,Preliminary,20 MAR 2007,B,1-6,Judge 4,J4,v. d. KONIJNENBURG Frans NED
12th FINA World Championships 2007 (Diving),melbourne_2007_wch,Women’s 10m Platform Preliminary,Preliminary,20 MAR 2007,A,1-6,Judge 5,J5,TIKHONOVA Olga RUS
12th FINA World Championships 2007 (Diving),melbourne_2007_wch,Women’s 10m Platform Preliminary,Preliminary,20 MAR 2007,B,1-6,Judge 5,J5,CHONG Edwin MAS
12th FINA World Championships 2007 (Diving),melbourne_2007_wch,Women’s 10m Platform Preliminary,Preliminary,20 MAR 2007,A,1-6,Judge 6,J6,BOYS Beverly CAN
12th FINA World Championships 2007 (Diving),melbourne_2007_wch,Women’s 10m Platform Preliminary,Preliminary,20 MAR 2007,B,1-6,Judge 6,J6,REZNICHENKO Anatoly UKR
12th FINA World Championships 2007 (Diving),melbourne_2007_wch,Women’s 10m Platform Preliminary,Preliminary,20 MAR 2007,A,1-6,Judge 7,J7,NOVOTNA Hana CZE
12th FINA World Championships 2007 (Diving),melbourne_2007_wch,Women’s 10m Platform Preliminary,Preliminary,20 MAR 2007,B,1-6,Judge 7,J7,LINDBERG Mathz SWE
12th FINA World Championships 2007 (Diving),melbourne_2007_wch,Men’s 1m Springboard Semifinal A,Semifinal,21 MAR 2007,A,1-6,Judge 1,J1,BOYS Beverly CAN
12th FINA World Championships 2007 (Diving),melbourne_2007_wch,Men’s 1m Springboard Semifinal A,Semifinal,21 MAR 2007,B,1-6,Judge 5,J5,KELEMEN Ildiko HUN
12th FINA World Championships 2007 (Diving),melbourne_2007_wch,Men’s 1m Springboard Semifinal A,Semifinal,21 MAR 2007,A,1-6,Judge 2,J2,RUIZ Rolando CUB
12th FINA World Championships 2007 (Diving),melbourne_2007_wch,Men’s 1m Springboard Semifinal A,Semifinal,21 MAR 2007,B,1-6,Judge 6,J6,WILSON Adrienne RSA
12th FINA World Championships 2007 (Diving),melbourne_2007_wch,Men’s 1m Springboard Semifinal A,Semifinal,21 MAR 2007,A,1-6,Judge 3,J3,NOVOTNA Hana CZE
12th FINA World Championships 2007 (Diving),melbourne_2007_wch,Men’s 1m Springboard Semifinal A,Semifinal,21 MAR 2007,B,1-6,Judge 7,J7,STRITT BURK Carmen SUI
12th FINA World Championships 2007 (Diving),melbourne_2007_wch,Men’s 1m Springboard Semifinal A,Semifinal,21 MAR 2007,single,1-6,Judge 4,J4,LYON Raelene AUS
12th FINA World Championships 2007 (Diving),melbourne_2007_wch,Men’s 1m Springboard Semifinal B,Semifinal,21 MAR 2007,A,1-6,Judge 1,J1,BOYS Beverly CAN
12th FINA World Championships 2007 (Diving),melbourne_2007_wch,Men’s 1m Springboard Semifinal B,Semifinal,21 MAR 2007,B,1-6,Judge 5,J5,KELEMEN Ildiko HUN
12th FINA World Championships 2007 (Diving),melbourne_2007_wch,Men’s 1m Springboard Semifinal B,Semifinal,21 MAR 2007,A,1-6,Judge 2,J2,RUIZ Rolando CUB
12th FINA World Championships 2007 (Diving),melbourne_2007_wch,Men’s 1m Springboard Semifinal B,Semifinal,21 MAR 2007,B,1-6,Judge 6,J6,WILSON Adrienne RSA
12th FINA World Championships 2007 (Diving),melbourne_2007_wch,Men’s 1m Springboard Semifinal B,Semifinal,21 MAR 2007,A,1-6,Judge 3,J3,NOVOTNA Hana CZE
12th FINA World Championships 2007 (Diving),melbourne_2007_wch,Men’s 1m Springboard Semifinal B,Semifinal,21 MAR 2007,B,1-6,Judge 7,J7,STRITT BURK Carmen SUI
12th FINA World Championships 2007 (Diving),melbourne_2007_wch,Men’s 1m Springboard Semifinal B,Semifinal,21 MAR 2007,single,1-6,Judge 4,J4,LYON Raelene AUS
12th FINA World Championships 2007 (Diving),melbourne_2007_wch,Men’s 1m Springboard Final,Final,21 MAR 2007,A,1-6,Judge 1,J1,BOYS Beverly CAN
12th FINA World Championships 2007 (Diving),melbourne_2007_wch,Men’s 1m Springboard Final,Final,21 MAR 2007,B,1-6,Judge 5,J5,KELEMEN Ildiko HUN
12th FINA World Championships 2007 (Diving),melbourne_2007_wch,Men’s 1m Springboard Final,Final,21 MAR 2007,A,1-6,Judge 2,J2,RUIZ Rolando CUB
12th FINA World Championships 2007 (Diving),melbourne_2007_wch,Men’s 1m Springboard Final,Final,21 MAR 2007,B,1-6,Judge 6,J6,ROCHA Sergio MEX
12th FINA World Championships 2007 (Diving),melbourne_2007_wch,Men’s 1m Springboard Final,Final,21 MAR 2007,A,1-6,Judge 3,J3,NOVOTNA Hana CZE
12th FINA World Championships 2007 (Diving),melbourne_2007_wch,Men’s 1m Springboard Final,Final,21 MAR 2007,B,1-6,Judge 7,J7,STRITT BURK Carmen SUI
12th FINA World Championships 2007 (Diving),melbourne_2007_wch,Men’s 1m Springboard Final,Final,21 MAR 2007,single,1-6,Judge 4,J4,SISSONS Ann NZL
12th FINA World Championships 2007 (Diving),melbourne_2007_wch,Women’s 10m Platform Semifinal,Semifinal,21 MAR 2007,A,1-6,Judge 1,J1,RUIZ Rolando CUB
12th FINA World Championships 2007 (Diving),melbourne_2007_wch,Women’s 10m Platform Semifinal,Semifinal,21 MAR 2007,B,1-6,Judge 5,J5,TIKHONOVA Olga RUS
12th FINA World Championships 2007 (Diving),melbourne_2007_wch,Women’s 10m Platform Semifinal,Semifinal,21 MAR 2007,A,1-6,Judge 2,J2,NOVOTNA Hana CZE
12th FINA World Championships 2007 (Diving),melbourne_2007_wch,Women’s 10m Platform Semifinal,Semifinal,21 MAR 2007,B,1-6,Judge 6,J6,SISSONS Ann NZL
12th FINA World Championships 2007 (Diving),melbourne_2007_wch,Women’s 10m Platform Semifinal,Semifinal,21 MAR 2007,A,1-6,Judge 3,J3,LLINAS Julian ESP
12th FINA World Championships 2007 (Diving),melbourne_2007_wch,Women’s 10m Platform Semifinal,Semifinal,21 MAR 2007,B,1-6,Judge 7,J7,WILSON Adrienne RSA
12th FINA World Championships 2007 (Diving),melbourne_2007_wch,Women’s 10m Platform Semifinal,Semifinal,21 MAR 2007,single,1-6,Judge 4,J4,KELEMEN Ildiko HUN
12th FINA World Championships 2007 (Diving),melbourne_2007_wch,Women’s 10m Platform Final,Final,21 MAR 2007,A,1-6,Judge 1,J1,RUIZ Rolando CUB
12th FINA World Championships 2007 (Diving),melbourne_2007_wch,Women’s 10m Platform Final,Final,21 MAR 2007,B,1-6,Judge 5,J5,TIKHONOVA Olga RUS
12th FINA World Championships 2007 (Diving),melbourne_2007_wch,Women’s 10m Platform Final,Final,21 MAR 2007,A,1-6,Judge 2,J2,NOVOTNA Hana CZE
12th FINA World Championships 2007 (Diving),melbourne_2007_wch,Women’s 10m Platform Final,Final,21 MAR 2007,B,1-6,Judge 6,J6,SISSONS Ann NZL
12th FINA World Championships 2007 (Diving),melbourne_2007_wch,Women’s 10m Platform Final,Final,21 MAR 2007,A,1-6,Judge 3,J3,LLINAS Julian ESP
12th FINA World Championships 2007 (Diving),melbourne_2007_wch,Women’s 10m Platform Final,Final,21 MAR 2007,B,1-6,Judge 7,J7,v. d. KONIJNENBURG Frans NED
12th FINA World Championships 2007 (Diving),melbourne_2007_wch,Women’s 10m Platform Final,Final,21 MAR 2007,single,1-6,Judge 4,J4,KELEMEN Ildiko HUN
12th FINA World Championships 2007 (Diving),melbourne_2007_wch,Men’s 3m Springboard Preliminary,Preliminary,22 MAR 2007,A,1-6,Judge 1,J1,RUIZ Rolando CUB
12th FINA World Championships 2007 (Diving),melbourne_2007_wch,Men’s 3m Springboard Preliminary,Preliminary,22 MAR 2007,B,1-6,Judge 1,J1,ROCHA Sergio MEX
12th FINA World Championships 2007 (Diving),melbourne_2007_wch,Men’s 3m Springboard Preliminary,Preliminary,22 MAR 2007,A,1-6,Judge 2,J2,STRITT BURK Carmen SUI
12th FINA World Championships 2007 (Diving),melbourne_2007_wch,Men’s 3m Springboard Preliminary,Preliminary,22 MAR 2007,B,1-6,Judge 2,J2,CHONG Edwin MAS
12th FINA World Championships 2007 (Diving),melbourne_2007_wch,Men’s 3m Springboard Preliminary,Preliminary,22 MAR 2007,A,1-6,Judge 3,J3,GUEVARA Freddy VEN
12th FINA World Championships 2007 (Diving),melbourne_2007_wch,Men’s 3m Springboard Preliminary,Preliminary,22 MAR 2007,B,1-6,Judge 3,J3,JIAN Yu CHN
12th FINA World Championships 2007 (Diving),melbourne_2007_wch,Men’s 3m Springboard Preliminary,Preliminary,22 MAR 2007,A,1-6,Judge 4,J4,BOUSSARD Michel FRA
12th FINA World Championships 2007 (Diving),melbourne_2007_wch,Men’s 3m Springboard Preliminary,Preliminary,22 MAR 2007,B,1-6,Judge 4,J4,LLINAS Julian ESP
12th FINA World Championships 2007 (Diving),melbourne_2007_wch,Men’s 3m Springboard Preliminary,Preliminary,22 MAR 2007,A,1-6,Judge 5,J5,LYON Raelene AUS
12th FINA World Championships 2007 (Diving),melbourne_2007_wch,Men’s 3m Springboard Preliminary,Preliminary,22 MAR 2007,B,1-6,Judge 5,J5,MANZONI Renato ITA
12th FINA World Championships 2007 (Diving),melbourne_2007_wch,Men’s 3m Springboard Preliminary,Preliminary,22 MAR 2007,A,1-6,Judge 6,J6,KELEMEN Ildiko HUN
12th FINA World Championships 2007 (Diving),melbourne_2007_wch,Men’s 3m Springboard Preliminary,Preliminary,22 MAR 2007,B,1-6,Judge 6,J6,CLARK Bill GBR
12th FINA World Championships 2007 (Diving),melbourne_2007_wch,Men’s 3m Springboard Preliminary,Preliminary,22 MAR 2007,A,1-6,Judge 7,J7,TIKHONOVA Olga RUS
12th FINA World Championships 2007 (Diving),melbourne_2007_wch,Men’s 3m Springboard Preliminary,Preliminary,22 MAR 2007,B,1-6,Judge 7,J7,REZNICHENKO Anatoly UKR
12th FINA World Championships 2007 (Diving),melbourne_2007_wch,Women’s 1m Springboard Preliminary,Preliminary,22 MAR 2007,A,1-6,Judge 1,J1,CHONG Edwin MAS
12th FINA World Championships 2007 (Diving),melbourne_2007_wch,Women’s 1m Springboard Preliminary,Preliminary,22 MAR 2007,B,1-6,Judge 1,J1,RUIZ Rolando CUB
12th FINA World Championships 2007 (Diving),melbourne_2007_wch,Women’s 1m Springboard Preliminary,Preliminary,22 MAR 2007,A,1-6,Judge 2,J2,v. d. KONIJNENBURG Frans NED
12th FINA World Championships 2007 (Diving),melbourne_2007_wch,Women’s 1m Springboard Preliminary,Preliminary,22 MAR 2007,B,1-6,Judge 2,J2,MANZONI Renato ITA
12th FINA World Championships 2007 (Diving),melbourne_2007_wch,Women’s 1m Springboard Preliminary,Preliminary,22 MAR 2007,A,1-6,Judge 3,J3,WILSON Adrienne RSA
12th FINA World Championships 2007 (Diving),melbourne_2007_wch,Women’s 1m Springboard Preliminary,Preliminary,22 MAR 2007,B,1-6,Judge 3,J3,STRITT BURK Carmen SUI
12th FINA World Championships 2007 (Diving),melbourne_2007_wch,Women’s 1m Springboard Preliminary,Preliminary,22 MAR 2007,A,1-6,Judge 4,J4,BOUSSARD Michel FRA
12th FINA World Championships 2007 (Diving),melbourne_2007_wch,Women’s 1m Springboard Preliminary,Preliminary,22 MAR 2007,B,1-6,Judge 4,J4,SISSONS Ann NZL
12th FINA World Championships 2007 (Diving),melbourne_2007_wch,Women’s 1m Springboard Preliminary,Preliminary,22 MAR 2007,A,1-6,Judge 5,J5,BURGERING David USA
12th FINA World Championships 2007 (Diving),melbourne_2007_wch,Women’s 1m Springboard Preliminary,Preliminary,22 MAR 2007,B,1-6,Judge 5,J5,TELLEFSEN Arne NOR
12th FINA World Championships 2007 (Diving),melbourne_2007_wch,Women’s 1m Springboard Preliminary,Preliminary,22 MAR 2007,A,1-6,Judge 6,J6,ALT Walter GER
12th FINA World Championships 2007 (Diving),melbourne_2007_wch,Women’s 1m Springboard Preliminary,Preliminary,22 MAR 2007,B,1-6,Judge 6,J6,NOVOTNA Hana CZE
12th FINA World Championships 2007 (Diving),melbourne_2007_wch,Women’s 1m Springboard Preliminary,Preliminary,22 MAR 2007,A,1-6,Judge 7,J7,GUEVARA Freddy VEN
12th FINA World Championships 2007 (Diving),melbourne_2007_wch,Women’s 1m Springboard Preliminary,Preliminary,22 MAR 2007,B,1-6,Judge 7,J7,LLINAS Julian ESP
12th FINA World Championships 2007 (Diving),melbourne_2007_wch,Men’s 3m Springboard Semifinal,Semifinal,23 MAR 2007,A,1-6,Judge 1,J1,GUEVARA Freddy VEN
12th FINA World Championships 2007 (Diving),melbourne_2007_wch,Men’s 3m Springboard Semifinal,Semifinal,23 MAR 2007,B,1-6,Judge 5,J5,SISSONS Ann NZL
12th FINA World Championships 2007 (Diving),melbourne_2007_wch,Men’s 3m Springboard Semifinal,Semifinal,23 MAR 2007,A,1-6,Judge 2,J2,LLINAS Julian ESP
12th FINA World Championships 2007 (Diving),melbourne_2007_wch,Men’s 3m Springboard Semifinal,Semifinal,23 MAR 2007,B,1-6,Judge 6,J6,STRITT BURK Carmen SUI
12th FINA World Championships 2007 (Diving),melbourne_2007_wch,Men’s 3m Springboard Semifinal,Semifinal,23 MAR 2007,A,1-6,Judge 3,J3,CLARK Bill GBR
12th FINA World Championships 2007 (Diving),melbourne_2007_wch,Men’s 3m Springboard Semifinal,Semifinal,23 MAR 2007,B,1-6,Judge 7,J7,KELEMEN Ildiko HUN
12th FINA World Championships 2007 (Diving),melbourne_2007_wch,Men’s 3m Springboard Semifinal,Semifinal,23 MAR 2007,single,1-6,Judge 4,J4,LINDBERG Mathz SWE
12th FINA World Championships 2007 (Diving),melbourne_2007_wch,Men’s 3m Springboard Final,Final,23 MAR 2007,A,1-6,Judge 1,J1,ROCHA Sergio MEX
12th FINA World Championships 2007 (Diving),melbourne_2007_wch,Men’s 3m Springboard Final,Final,23 MAR 2007,B,1-6,Judge 5,J5,SISSONS Ann NZL
12th FINA World Championships 2007 (Diving),melbourne_2007_wch,Men’s 3m Springboard Final,Final,23 MAR 2007,A,1-6,Judge 2,J2,LLINAS Julian ESP
12th FINA World Championships 2007 (Diving),melbourne_2007_wch,Men’s 3m Springboard Final,Final,23 MAR 2007,B,1-6,Judge 6,J6,STRITT BURK Carmen SUI
12th FINA World Championships 2007 (Diving),melbourne_2007_wch,Men’s 3m Springboard Final,Final,23 MAR 2007,A,1-6,Judge 3,J3,v. d. KONIJNENBURG Frans NED
12th FINA World Championships 2007 (Diving),melbourne_2007_wch,Men’s 3m Springboard Final,Final,23 MAR 2007,B,1-6,Judge 7,J7,KELEMEN Ildiko HUN
12th FINA World Championships 2007 (Diving),melbourne_2007_wch,Men’s 3m Springboard Final,Final,23 MAR 2007,single,1-6,Judge 4,J4,LINDBERG Mathz SWE
12th FINA World Championships 2007 (Diving),melbourne_2007_wch,Women’s 1m Springboard Semifinal A,Semifinal,23 MAR 2007,A,1-6,Judge 1,J1,RUIZ Rolando CUB
12th FINA World Championships 2007 (Diving),melbourne_2007_wch,Women’s 1m Springboard Semifinal A,Semifinal,23 MAR 2007,B,1-6,Judge 5,J5,v. d. KONIJNENBURG Frans NED
12th FINA World Championships 2007 (Diving),melbourne_2007_wch,Women’s 1m Springboard Semifinal A,Semifinal,23 MAR 2007,A,1-6,Judge 2,J2,NOVOTNA Hana CZE
12th FINA World Championships 2007 (Diving),melbourne_2007_wch,Women’s 1m Springboard Semifinal A,Semifinal,23 MAR 2007,B,1-6,Judge 6,J6,TELLEFSEN Arne NOR
12th FINA World Championships 2007 (Diving),melbourne_2007_wch,Women’s 1m Springboard Semifinal A,Semifinal,23 MAR 2007,A,1-6,Judge 3,J3,ROCHA Sergio MEX
12th FINA World Championships 2007 (Diving),melbourne_2007_wch,Women’s 1m Springboard Semifinal A,Semifinal,23 MAR 2007,B,1-6,Judge 7,J7,LLINAS Julian ESP
12th FINA World Championships 2007 (Diving),melbourne_2007_wch,Women’s 1m Springboard Semifinal A,Semifinal,23 MAR 2007,single,1-6,Judge 4,J4,SISSONS Ann NZL
12th FINA World Championships 2007 (Diving),melbourne_2007_wch,Women’s 1m Springboard Semifinal B,Semifinal,23 MAR 2007,A,1-6,Judge 1,J1,RUIZ Rolando CUB
12th FINA World Championships 2007 (Diving),melbourne_2007_wch,Women’s 1m Springboard Semifinal B,Semifinal,23 MAR 2007,B,1-6,Judge 5,J5,v. d. KONIJNENBURG Frans NED
12th FINA World Championships 2007 (Diving),melbourne_2007_wch,Women’s 1m Springboard Semifinal B,Semifinal,23 MAR 2007,A,1-6,Judge 2,J2,NOVOTNA Hana CZE
12th FINA World Championships 2007 (Diving),melbourne_2007_wch,Women’s 1m Springboard Semifinal B,Semifinal,23 MAR 2007,B,1-6,Judge 6,J6,TELLEFSEN Arne NOR
12th FINA World Championships 2007 (Diving),melbourne_2007_wch,Women’s 1m Springboard Semifinal B,Semifinal,23 MAR 2007,A,1-6,Judge 3,J3,ROCHA Sergio MEX
12th FINA World Championships 2007 (Diving),melbourne_2007_wch,Women’s 1m Springboard Semifinal B,Semifinal,23 MAR 2007,B,1-6,Judge 7,J7,LLINAS Julian ESP
12th FINA World Championships 2007 (Diving),melbourne_2007_wch,Women’s 1m Springboard Semifinal B,Semifinal,23 MAR 2007,single,1-6,Judge 4,J4,SISSONS Ann NZL
12th FINA World Championships 2007 (Diving),melbourne_2007_wch,Women’s 1m Springboard Final,Final,23 MAR 2007,A,1-6,Judge 1,J1,RUIZ Rolando CUB
12th FINA World Championships 2007 (Diving),melbourne_2007_wch,Women’s 1m Springboard Final,Final,23 MAR 2007,B,1-6,Judge 5,J5,v. d. KONIJNENBURG Frans NED
12th FINA World Championships 2007 (Diving),melbourne_2007_wch,Women’s 1m Springboard Final,Final,23 MAR 2007,A,1-6,Judge 2,J2,NOVOTNA Hana CZE
12th FINA World Championships 2007 (Diving),melbourne_2007_wch,Women’s 1m Springboard Final,Final,23 MAR 2007,B,1-6,Judge 6,J6,ALT Walter GER
12th FINA World Championships 2007 (Diving),melbourne_2007_wch,Women’s 1m Springboard Final,Final,23 MAR 2007,A,1-6,Judge 3,J3,ROCHA Sergio MEX
12th FINA World Championships 2007 (Diving),melbourne_2007_wch,Women’s 1m Springboard Final,Final,23 MAR 2007,B,1-6,Judge 7,J7,LLINAS Julian ESP
12th FINA World Championships 2007 (Diving),melbourne_2007_wch,Women’s 1m Springboard Final,Final,23 MAR 2007,single,1-6,Judge 4,J4,SISSONS Ann NZL
12th FINA World Championships 2007 (Diving),melbourne_2007_wch,Men’s 10m Platform Preliminary,Preliminary,24 MAR 2007,A,1-6,Judge 1,J1,LLINAS Julian ESP
12th FINA World Championships 2007 (Diving),melbourne_2007_wch,Men’s 10m Platform Preliminary,Preliminary,24 MAR 2007,B,1-6,Judge 1,J1,BOYS Beverly CAN
12th FINA World Championships 2007 (Diving),melbourne_2007_wch,Men’s 10m Platform Preliminary,Preliminary,24 MAR 2007,A,1-6,Judge 2,J2,RUIZ Rolando CUB
12th FINA World Championships 2007 (Diving),melbourne_2007_wch,Men’s 10m Platform Preliminary,Preliminary,24 MAR 2007,B,1-6,Judge 2,J2,NOVOTNA Hana CZE
12th FINA World Championships 2007 (Diving),melbourne_2007_wch,Men’s 10m Platform Preliminary,Preliminary,24 MAR 2007,A,1-6,Judge 3,J3,BOUSSARD Michel FRA
12th FINA World Championships 2007 (Diving),melbourne_2007_wch,Men’s 10m Platform Preliminary,Preliminary,24 MAR 2007,B,1-6,Judge 3,J3,GUEVARA Freddy VEN
12th FINA World Championships 2007 (Diving),melbourne_2007_wch,Men’s 10m Platform Preliminary,Preliminary,24 MAR 2007,A,1-6,Judge 4,J4,CLARK Bill GBR
12th FINA World Championships 2007 (Diving),melbourne_2007_wch,Men’s 10m Platform Preliminary,Preliminary,24 MAR 2007,B,1-6,Judge 4,J4,KELEMEN Ildiko HUN
12th FINA World Championships 2007 (Diving),melbourne_2007_wch,Men’s 10m Platform Preliminary,Preliminary,24 MAR 2007,A,1-6,Judge 5,J5,JIAN Yu CHN
12th FINA World Championships 2007 (Diving),melbourne_2007_wch,Men’s 10m Platform Preliminary,Preliminary,24 MAR 2007,B,1-6,Judge 5,J5,REZNICHENKO Anatoly UKR
12th FINA World Championships 2007 (Diving),melbourne_2007_wch,Men’s 10m Platform Preliminary,Preliminary,24 MAR 2007,A,1-6,Judge 6,J6,LINDBERG Mathz SWE
12th FINA World Championships 2007 (Diving),melbourne_2007_wch,Men’s 10m Platform Preliminary,Preliminary,24 MAR 2007,B,1-6,Judge 6,J6,TIKHONOVA Olga RUS
12th FINA World Championships 2007 (Diving),melbourne_2007_wch,Men’s 10m Platform Preliminary,Preliminary,24 MAR 2007,A,1-6,Judge 7,J7,BURGERING David USA
12th FINA World Championships 2007 (Diving),melbourne_2007_wch,Men’s 10m Platform Preliminary,Preliminary,24 MAR 2007,B,1-6,Judge 7,J7,ROCHA Sergio MEX
12th FINA World Championships 2007 (Diving),melbourne_2007_wch,Women’s 3m Springboard Preliminary,Preliminary,24 MAR 2007,A,1-6,Judge 1,J1,BOYS Beverly CAN
12th FINA World Championships 2007 (Diving),melbourne_2007_wch,Women’s 3m Springboard Preliminary,Preliminary,24 MAR 2007,B,1-6,Judge 1,J1,WILSON Adrienne RSA
12th FINA World Championships 2007 (Diving),melbourne_2007_wch,Women’s 3m Springboard Preliminary,Preliminary,24 MAR 2007,A,1-6,Judge 2,J2,KELEMEN Ildiko HUN
12th FINA World Championships 2007 (Diving),melbourne_2007_wch,Women’s 3m Springboard Preliminary,Preliminary,24 MAR 2007,B,1-6,Judge 2,J2,CHONG Edwin MAS
12th FINA World Championships 2007 (Diving),melbourne_2007_wch,Women’s 3m Springboard Preliminary,Preliminary,24 MAR 2007,A,1-6,Judge 3,J3,STRITT BURK Carmen SUI
12th FINA World Championships 2007 (Diving),melbourne_2007_wch,Women’s 3m Springboard Preliminary,Preliminary,24 MAR 2007,B,1-6,Judge 3,J3,v. d. KONIJNENBURG Frans NED
12th FINA World Championships 2007 (Diving),melbourne_2007_wch,Women’s 3m Springboard Preliminary,Preliminary,24 MAR 2007,A,1-6,Judge 4,J4,LYON Raelene AUS
12th FINA World Championships 2007 (Diving),melbourne_2007_wch,Women’s 3m Springboard Preliminary,Preliminary,24 MAR 2007,B,1-6,Judge 4,J4,RUIZ Rolando CUB
12th FINA World Championships 2007 (Diving),melbourne_2007_wch,Women’s 3m Springboard Preliminary,Preliminary,24 MAR 2007,A,1-6,Judge 5,J5,ROCHA Sergio MEX
12th FINA World Championships 2007 (Diving),melbourne_2007_wch,Women’s 3m Springboard Preliminary,Preliminary,24 MAR 2007,B,1-6,Judge 5,J5,SISSONS Ann NZL
12th FINA World Championships 2007 (Diving),melbourne_2007_wch,Women’s 3m Springboard Preliminary,Preliminary,24 MAR 2007,A,1-6,Judge 6,J6,JIAN Yu CHN
12th FINA World Championships 2007 (Diving),melbourne_2007_wch,Women’s 3m Springboard Preliminary,Preliminary,24 MAR 2007,B,1-6,Judge 6,J6,ALT Walter GER
12th FINA World Championships 2007 (Diving),melbourne_2007_wch,Women’s 3m Springboard Preliminary,Preliminary,24 MAR 2007,A,1-6,Judge 7,J7,BOUSSARD Michel FRA
12th FINA World Championships 2007 (Diving),melbourne_2007_wch,Women’s 3m Springboard Preliminary,Preliminary,24 MAR 2007,B,1-6,Judge 7,J7,MANZONI Renato ITA
12th FINA World Championships 2007 (Diving),melbourne_2007_wch,Men’s 10m Platform Semifinal,Semifinal,25 MAR 2007,A,1-6,Judge 1,J1,BURGERING David USA
12th FINA World Championships 2007 (Diving),melbourne_2007_wch,Men’s 10m Platform Semifinal,Semifinal,25 MAR 2007,B,1-6,Judge 5,J5,SISSONS Ann NZL
12th FINA World Championships 2007 (Diving),melbourne_2007_wch,Men’s 10m Platform Semifinal,Semifinal,25 MAR 2007,A,1-6,Judge 2,J2,NOVOTNA Hana CZE
12th FINA World Championships 2007 (Diving),melbourne_2007_wch,Men’s 10m Platform Semifinal,Semifinal,25 MAR 2007,B,1-6,Judge 6,J6,KELEMEN Ildiko HUN
12th FINA World Championships 2007 (Diving),melbourne_2007_wch,Men’s 10m Platform Semifinal,Semifinal,25 MAR 2007,A,1-6,Judge 3,J3,LLINAS Julian ESP
12th FINA World Championships 2007 (Diving),melbourne_2007_wch,Men’s 10m Platform Semifinal,Semifinal,25 MAR 2007,B,1-6,Judge 7,J7,v. d. KONIJNENBURG Frans NED
12th FINA World Championships 2007 (Diving),melbourne_2007_wch,Men’s 10m Platform Semifinal,Semifinal,25 MAR 2007,single,1-6,Judge 4,J4,LINDBERG Mathz SWE
12th FINA World Championships 2007 (Diving),melbourne_2007_wch,Men’s 10m Platform Final,Final,25 MAR 2007,A,1-6,Judge 1,J1,BURGERING David USA
12th FINA World Championships 2007 (Diving),melbourne_2007_wch,Men’s 10m Platform Final,Final,25 MAR 2007,B,1-6,Judge 5,J5,SISSONS Ann NZL
12th FINA World Championships 2007 (Diving),melbourne_2007_wch,Men’s 10m Platform Final,Final,25 MAR 2007,A,1-6,Judge 2,J2,NOVOTNA Hana CZE
12th FINA World Championships 2007 (Diving),melbourne_2007_wch,Men’s 10m Platform Final,Final,25 MAR 2007,B,1-6,Judge 6,J6,TELLEFSEN Arne NOR
12th FINA World Championships 2007 (Diving),melbourne_2007_wch,Men’s 10m Platform Final,Final,25 MAR 2007,A,1-6,Judge 3,J3,LLINAS Julian ESP
12th FINA World Championships 2007 (Diving),melbourne_2007_wch,Men’s 10m Platform Final,Final,25 MAR 2007,B,1-6,Judge 7,J7,KELEMEN Ildiko HUN
12th FINA World Championships 2007 (Diving),melbourne_2007_wch,Men’s 10m Platform Final,Final,25 MAR 2007,single,1-6,Judge 4,J4,LINDBERG Mathz SWE
12th FINA World Championships 2007 (Diving),melbourne_2007_wch,Women’s 3m Springboard Semifinal,Semifinal,25 MAR 2007,A,1-6,Judge 1,J1,RUIZ Rolando CUB
12th FINA World Championships 2007 (Diving),melbourne_2007_wch,Women’s 3m Springboard Semifinal,Semifinal,25 MAR 2007,B,1-6,Judge 5,J5,STRITT BURK Carmen SUI
12th FINA World Championships 2007 (Diving),melbourne_2007_wch,Women’s 3m Springboard Semifinal,Semifinal,25 MAR 2007,A,1-6,Judge 2,J2,WILSON Adrienne RSA
12th FINA World Championships 2007 (Diving),melbourne_2007_wch,Women’s 3m Springboard Semifinal,Semifinal,25 MAR 2007,B,1-6,Judge 6,J6,NOVOTNA Hana CZE
12th FINA World Championships 2007 (Diving),melbourne_2007_wch,Women’s 3m Springboard Semifinal,Semifinal,25 MAR 2007,A,1-6,Judge 3,J3,SISSONS Ann NZL
12th FINA World Championships 2007 (Diving),melbourne_2007_wch,Women’s 3m Springboard Semifinal,Semifinal,25 MAR 2007,B,1-6,Judge 7,J7,LLINAS Julian ESP
12th FINA World Championships 2007 (Diving),melbourne_2007_wch,Women’s 3m Springboard Semifinal,Semifinal,25 MAR 2007,single,1-6,Judge 4,J4,v. d. KONIJNENBURG Frans NED
12th FINA World Championships 2007 (Diving),melbourne_2007_wch,Women’s 3m Springboard Final,Final,25 MAR 2007,A,1-6,Judge 1,J1,WILSON Adrienne RSA
12th FINA World Championships 2007 (Diving),melbourne_2007_wch,Women’s 3m Springboard Final,Final,25 MAR 2007,B,1-6,Judge 5,J5,NOVOTNA Hana CZE
12th FINA World Championships 2007 (Diving),melbourne_2007_wch,Women’s 3m Springboard Final,Final,25 MAR 2007,A,1-6,Judge 2,J2,v. d. KONIJNENBURG Frans NED
12th FINA World Championships 2007 (Diving),melbourne_2007_wch,Women’s 3m Springboard Final,Final,25 MAR 2007,B,1-6,Judge 6,J6,SISSONS Ann NZL
12th FINA World Championships 2007 (Diving),melbourne_2007_wch,Women’s 3m Springboard Final,Final,25 MAR 2007,A,1-6,Judge 3,J3,RUIZ Rolando CUB
12th FINA World Championships 2007 (Diving),melbourne_2007_wch,Women’s 3m Springboard Final,Final,25 MAR 2007,B,1-6,Judge 7,J7,LLINAS Julian ESP
12th FINA World Championships 2007 (Diving),melbourne_2007_wch,Women’s 3m Springboard Final,Final,25 MAR 2007,single,1-6,Judge 4,J4,STRITT BURK Carmen SUI
Arena Diving Champions Cup,stockholm_2008_cc,Men's 3m Springboard Preliminary,Preliminary,2 FEB 2008,A,1-3,Judge 1,J1,GOLOVAN Anatoliy UKR
Arena Diving Champions Cup,stockholm_2008_cc,Men's 3m Springboard Preliminary,Preliminary,2 FEB 2008,B,4-6,Judge 1,J1,TOULOUDIS Nikolaos GRE
Arena Diving Champions Cup,stockholm_2008_cc,Men's 3m Springboard Preliminary,Preliminary,2 FEB 2008,A,1-3,Judge 2,J2,STRITT BURK Carmen SUI
Arena Diving Champions Cup,stockholm_2008_cc,Men's 3m Springboard Preliminary,Preliminary,2 FEB 2008,B,4-6,Judge 2,J2,GREVETT Sam GBR
Arena Diving Champions Cup,stockholm_2008_cc,Men's 3m Springboard Preliminary,Preliminary,2 FEB 2008,A,1-3,Judge 3,J3,SJOEGREN Bo SWE
Arena Diving Champions Cup,stockholm_2008_cc,Men's 3m Springboard Preliminary,Preliminary,2 FEB 2008,B,4-6,Judge 3,J3,AZORIN Daniel FRA
Arena Diving Champions Cup,stockholm_2008_cc,Men's 3m Springboard Preliminary,Preliminary,2 FEB 2008,A,1-3,Judge 4,J4,ZAYTSEV Oleg RUS
Arena Diving Champions Cup,stockholm_2008_cc,Men's 3m Springboard Preliminary,Preliminary,2 FEB 2008,B,4-6,Judge 4,J4,MATTURI­SLOTTE Marja FIN
Arena Diving Champions Cup,stockholm_2008_cc,Men's 3m Springboard Preliminary,Preliminary,2 FEB 2008,A,1-3,Judge 5,J5,PALOMINO Antonio ESP
Arena Diving Champions Cup,stockholm_2008_cc,Men's 3m Springboard Preliminary,Preliminary,2 FEB 2008,B,4-6,Judge 5,J5,KOCZARIAN Sierioza POL
Arena Diving Champions Cup,stockholm_2008_cc,Men's 3m Springboard Preliminary,Preliminary,2 FEB 2008,A,1-3,Judge 6,J6,REINE Inger Grodem NOR
Arena Diving Champions Cup,stockholm_2008_cc,Men's 3m Springboard Preliminary,Preliminary,2 FEB 2008,B,4-6,Judge 6,J6,KHAZHEMPA Liudmila BLR
Arena Diving Champions Cup,stockholm_2008_cc,Men's 3m Springboard Preliminary,Preliminary,2 FEB 2008,A,1-3,Judge 7,J7,ZAMPIERI Marco ITA
Arena Diving Champions Cup,stockholm_2008_cc,Men's 3m Springboard Preliminary,Preliminary,2 FEB 2008,B,4-6,Judge 7,J7,ADELMEYER Frits ROM
Arena Diving Champions Cup,stockholm_2008_cc,Men's 3m Springboard Final,Final,2 FEB 2008,A,1-6,Judge 1,J1,GREVETT Sam GBR
Arena Diving Champions Cup,stockholm_2008_cc,Men's 3m Springboard Final,Final,2 FEB 2008,B,1-6,Judge 5,J5,STRITT BURK C. SUI
Arena Diving Champions Cup,stockholm_2008_cc,Men's 3m Springboard Final,Final,2 FEB 2008,A,1-6,Judge 2,J2,SJOEGREN Bo SWE
Arena Diving Champions Cup,stockholm_2008_cc,Men's 3m Springboard Final,Final,2 FEB 2008,B,1-6,Judge 6,J6,ZAYTSEV Oleg RUS
Arena Diving Champions Cup,stockholm_2008_cc,Men's 3m Springboard Final,Final,2 FEB 2008,A,1-6,Judge 3,J3,REINE I. NOR
Arena Diving Champions Cup,stockholm_2008_cc,Men's 3m Springboard Final,Final,2 FEB 2008,B,1-6,Judge 7,J7,AZORIN Daniel FRA
Arena Diving Champions Cup,stockholm_2008_cc,Men's 3m Springboard Final,Final,2 FEB 2008,single,1-6,Judge 4,J4,ADELMEYER Frits ROM
Arena Diving Champions Cup,stockholm_2008_cc,Women's 10m Platform Preliminary,Preliminary,2 FEB 2008,A,1-3,Judge 1,J1,GOLOVAN Anatoliy UKR
Arena Diving Champions Cup,stockholm_2008_cc,Women's 10m Platform Preliminary,Preliminary,2 FEB 2008,B,4-5,Judge 1,J1,BRUN Aristide AUT
Arena Diving Champions Cup,stockholm_2008_cc,Women's 10m Platform Preliminary,Preliminary,2 FEB 2008,A,1-3,Judge 2,J2,ZAMPIERI Marco ITA
Arena Diving Champions Cup,stockholm_2008_cc,Women's 10m Platform Preliminary,Preliminary,2 FEB 2008,B,4-5,Judge 2,J2,KHAZHEMPA Liudmila BLR
Arena Diving Champions Cup,stockholm_2008_cc,Women's 10m Platform Preliminary,Preliminary,2 FEB 2008,A,1-3,Judge 3,J3,BAKHTIYAR Aghakhanov AZE
Arena Diving Champions Cup,stockholm_2008_cc,Women's 10m Platform Preliminary,Preliminary,2 FEB 2008,B,4-5,Judge 3,J3,ADELMEYER Frits ROM
Arena Diving Champions Cup,stockholm_2008_cc,Women's 10m Platform Preliminary,Preliminary,2 FEB 2008,A,1-3,Judge 4,J4,KOCZARIAN Sierioza POL
Arena Diving Champions Cup,stockholm_2008_cc,Women's 10m Platform Preliminary,Preliminary,2 FEB 2008,B,4-5,Judge 4,J4,MATTURI­SLOTTE Marja FIN
Arena Diving Champions Cup,stockholm_2008_cc,Women's 10m Platform Preliminary,Preliminary,2 FEB 2008,A,1-3,Judge 5,J5,PALOMINO Antonio ESP
Arena Diving Champions Cup,stockholm_2008_cc,Women's 10m Platform Preliminary,Preliminary,2 FEB 2008,B,4-5,Judge 5,J5,AZORIN Daniel FRA
Arena Diving Champions Cup,stockholm_2008_cc,Women's 10m Platform Preliminary,Preliminary,2 FEB 2008,A,1-3,Judge 6,J6,VINOGRADOV Alexander RUS
Arena Diving Champions Cup,stockholm_2008_cc,Women's 10m Platform Preliminary,Preliminary,2 FEB 2008,B,4-5,Judge 6,J6,STRITT BURK Carmen SUI
Arena Diving Champions Cup,stockholm_2008_cc,Women's 10m Platform Preliminary,Preliminary,2 FEB 2008,A,1-3,Judge 7,J7,FALKMAN Peter SWE
Arena Diving Champions Cup,stockholm_2008_cc,Women's 10m Platform Preliminary,Preliminary,2 FEB 2008,B,4-5,Judge 7,J7,GREVETT Sam GBR
Arena Diving Champions Cup,stockholm_2008_cc,Women's 10m Platform Final,Final,2 FEB 2008,A,1-6,Judge 1,J1,TOULOUDIS N. GRE
Arena Diving Champions Cup,stockholm_2008_cc,Women's 10m Platform Final,Final,2 FEB 2008,B,1-6,Judge 5,J5,AZORIN Daniel FRA
Arena Diving Champions Cup,stockholm_2008_cc,Women's 10m Platform Final,Final,2 FEB 2008,A,1-6,Judge 2,J2,KHAZHEMPA L. BLR
Arena Diving Champions Cup,stockholm_2008_cc,Women's 10m Platform Final,Final,2 FEB 2008,B,1-6,Judge 6,J6,BRUN Aristide AUT
Arena Diving Champions Cup,stockholm_2008_cc,Women's 10m Platform Final,Final,2 FEB 2008,A,1-6,Judge 3,J3,MATTURI­SLOTTE FIN
Arena Diving Champions Cup,stockholm_2008_cc,Women's 10m Platform Final,Final,2 FEB 2008,B,1-6,Judge 7,J7,STRITT BURK C. SUI
Arena Diving Champions Cup,stockholm_2008_cc,Women's 10m Platform Final,Final,2 FEB 2008,single,1-6,Judge 4,J4,GOLOVAN A. UKR
Arena Diving Champions Cup,stockholm_2008_cc,Men's 10m Platform Preliminary,Preliminary,3 FEB 2008,A,1-3,Judge 1,J1,GOLOVAN A. UKR
Arena Diving Champions Cup,stockholm_2008_cc,Men's 10m Platform Preliminary,Preliminary,3 FEB 2008,B,4-6,Judge 1,J1,ADELMEYER Frits ROM
Arena Diving Champions Cup,stockholm_2008_cc,Men's 10m Platform Preliminary,Preliminary,3 FEB 2008,A,1-3,Judge 2,J2,MATTURI­SLOTTE FIN
Arena Diving Champions Cup,stockholm_2008_cc,Men's 10m Platform Preliminary,Preliminary,3 FEB 2008,B,4-6,Judge 2,J2,STRITT BURK C. SUI
Arena Diving Champions Cup,stockholm_2008_cc,Men's 10m Platform Preliminary,Preliminary,3 FEB 2008,A,1-3,Judge 3,J3,PALOMINO A. ESP
Arena Diving Champions Cup,stockholm_2008_cc,Men's 10m Platform Preliminary,Preliminary,3 FEB 2008,B,4-6,Judge 3,J3,ZAMPIERI Marco ITA
Arena Diving Champions Cup,stockholm_2008_cc,Men's 10m Platform Preliminary,Preliminary,3 FEB 2008,A,1-3,Judge 4,J4,GREVETT Sam GBR
Arena Diving Champions Cup,stockholm_2008_cc,Men's 10m Platform Preliminary,Preliminary,3 FEB 2008,B,4-6,Judge 4,J4,REINE I. NOR
Arena Diving Champions Cup,stockholm_2008_cc,Men's 10m Platform Preliminary,Preliminary,3 FEB 2008,A,1-3,Judge 5,J5,FALKMAN Peter SWE
Arena Diving Champions Cup,stockholm_2008_cc,Men's 10m Platform Preliminary,Preliminary,3 FEB 2008,B,4-6,Judge 5,J5,AZORIN Daniel FRA
Arena Diving Champions Cup,stockholm_2008_cc,Men's 10m Platform Preliminary,Preliminary,3 FEB 2008,A,1-3,Judge 6,J6,VINOGRADOV A. RUS
Arena Diving Champions Cup,stockholm_2008_cc,Men's 10m Platform Preliminary,Preliminary,3 FEB 2008,B,4-6,Judge 6,J6,BAKHTIYAR A. AZE
Arena Diving Champions Cup,stockholm_2008_cc,Men's 10m Platform Preliminary,Preliminary,3 FEB 2008,A,1-3,Judge 7,J7,BRUN Aristide AUT
Arena Diving Champions Cup,stockholm_2008_cc,Men's 10m Platform Preliminary,Preliminary,3 FEB 2008,B,4-6,Judge 7,J7,KHAZHEMPA L. BLR
Arena Diving Champions Cup,stockholm_2008_cc,Men's 10m Platform Final,Final,3 FEB 2008,A,1-6,Judge 1,J1,BRUN Aristide AUT
Arena Diving Champions Cup,stockholm_2008_cc,Men's 10m Platform Final,Final,3 FEB 2008,B,1-6,Judge 5,J5,GOLOVAN A. UKR
Arena Diving Champions Cup,stockholm_2008_cc,Men's 10m Platform Final,Final,3 FEB 2008,A,1-6,Judge 2,J2,MATTURI­SLOTTE FIN
Arena Diving Champions Cup,stockholm_2008_cc,Men's 10m Platform Final,Final,3 FEB 2008,B,1-6,Judge 6,J6,BAKHTIYAR A. AZE
Arena Diving Champions Cup,stockholm_2008_cc,Men's 10m Platform Final,Final,3 FEB 2008,A,1-6,Judge 3,J3,AZORIN Daniel FRA
Arena Diving Champions Cup,stockholm_2008_cc,Men's 10m Platform Final,Final,3 FEB 2008,B,1-6,Judge 7,J7,REINE I. NOR
Arena Diving Champions Cup,stockholm_2008_cc,Men's 10m Platform Final,Final,3 FEB 2008,single,1-6,Judge 4,J4,STRITT BURK C. SUI
Arena Diving Champions Cup,stockholm_2008_cc,Women's 3m Springboard Preliminary,Preliminary,3 FEB 2008,A,1-3,Judge 1,J1,KHAZHEMPA L. BLR
Arena Diving Champions Cup,stockholm_2008_cc,Women's 3m Springboard Preliminary,Preliminary,3 FEB 2008,B,4-5,Judge 1,J1,TOULOUDIS N. GRE
Arena Diving Champions Cup,stockholm_2008_cc,Women's 3m Springboard Preliminary,Preliminary,3 FEB 2008,A,1-3,Judge 2,J2,AZORIN Daniel FRA
Arena Diving Champions Cup,stockholm_2008_cc,Women's 3m Springboard Preliminary,Preliminary,3 FEB 2008,B,4-5,Judge 2,J2,REINE I. NOR
Arena Diving Champions Cup,stockholm_2008_cc,Women's 3m Springboard Preliminary,Preliminary,3 FEB 2008,A,1-3,Judge 3,J3,BRUN Aristide AUT
Arena Diving Champions Cup,stockholm_2008_cc,Women's 3m Springboard Preliminary,Preliminary,3 FEB 2008,B,4-5,Judge 3,J3,SJOEGREN Bo SWE
Arena Diving Champions Cup,stockholm_2008_cc,Women's 3m Springboard Preliminary,Preliminary,3 FEB 2008,A,1-3,Judge 4,J4,PALOMINO A. ESP
Arena Diving Champions Cup,stockholm_2008_cc,Women's 3m Springboard Preliminary,Preliminary,3 FEB 2008,B,4-5,Judge 4,J4,KOCZARIAN S. POL
Arena Diving Champions Cup,stockholm_2008_cc,Women's 3m Springboard Preliminary,Preliminary,3 FEB 2008,A,1-3,Judge 5,J5,GREVETT Sam GBR
Arena Diving Champions Cup,stockholm_2008_cc,Women's 3m Springboard Preliminary,Preliminary,3 FEB 2008,B,4-5,Judge 5,J5,ZAMPIERI Marco ITA
Arena Diving Champions Cup,stockholm_2008_cc,Women's 3m Springboard Preliminary,Preliminary,3 FEB 2008,A,1-3,Judge 6,J6,ADELMEYER Frits ROM
Arena Diving Champions Cup,stockholm_2008_cc,Women's 3m Springboard Preliminary,Preliminary,3 FEB 2008,B,4-5,Judge 6,J6,STRITT BURK C. SUI
Arena Diving Champions Cup,stockholm_2008_cc,Women's 3m Springboard Preliminary,Preliminary,3 FEB 2008,A,1-3,Judge 7,J7,MATTURI­SLOTTE FIN
Arena Diving Champions Cup,stockholm_2008_cc,Women's 3m Springboard Preliminary,Preliminary,3 FEB 2008,B,4-5,Judge 7,J7,ZAYTSEV Oleg RUS
Arena Diving Champions Cup,stockholm_2008_cc,Women's 3m Springboard Final,Final,3 FEB 2008,A,1-6,Judge 1,J1,AZORIN Daniel FRA
Arena Diving Champions Cup,stockholm_2008_cc,Women's 3m Springboard Final,Final,3 FEB 2008,B,1-6,Judge 5,J5,REINE I. NOR
Arena Diving Champions Cup,stockholm_2008_cc,Women's 3m Springboard Final,Final,3 FEB 2008,A,1-6,Judge 2,J2,ADELMEYER Frits ROM
Arena Diving Champions Cup,stockholm_2008_cc,Women's 3m Springboard Final,Final,3 FEB 2008,B,1-6,Judge 6,J6,STRITT BURK C. SUI
Arena Diving Champions Cup,stockholm_2008_cc,Women's 3m Springboard Final,Final,3 FEB 2008,A,1-6,Judge 3,J3,MATTURI­SLOTTE FIN
Arena Diving Champions Cup,stockholm_2008_cc,Women's 3m Springboard Final,Final,3 FEB 2008,B,1-6,Judge 7,J7,PALOMINO A. ESP
Arena Diving Champions Cup,stockholm_2008_cc,Women's 3m Springboard Final,Final,3 FEB 2008,single,1-6,Judge 4,J4,TOULOUDIS N. GRE
European Championships 2008 (Diving),eindhoven_2008_euro,21:00 Preliminary,Preliminary,18 MAR 2008,A,1-3,Judge 1,J1,BRUN Aristide AUT
European Championships 2008 (Diving),eindhoven_2008_euro,21:00 Preliminary,Preliminary,18 MAR 2008,B,4-6,Judge 1,J1,STRITT BURK Carmen SUI
European Championships 2008 (Diving),eindhoven_2008_euro,21:00 Preliminary,Preliminary,18 MAR 2008,A,1-3,Judge 2,J2,KHAZEMPA Ludmila BLR
European Championships 2008 (Diving),eindhoven_2008_euro,21:00 Preliminary,Preliminary,18 MAR 2008,B,4-6,Judge 2,J2,REZNICHENKO Anatoliy UKR
European Championships 2008 (Diving),eindhoven_2008_euro,21:00 Preliminary,Preliminary,18 MAR 2008,A,1-3,Judge 3,J3,CALAMNIUS Suvi FIN
European Championships 2008 (Diving),eindhoven_2008_euro,21:00 Preliminary,Preliminary,18 MAR 2008,B,4-6,Judge 3,J3,RIEU Gerard FRA
European Championships 2008 (Diving),eindhoven_2008_euro,21:00 Preliminary,Preliminary,18 MAR 2008,A,1-3,Judge 4,J4,PIPER Anke GER
European Championships 2008 (Diving),eindhoven_2008_euro,21:00 Preliminary,Preliminary,18 MAR 2008,B,4-6,Judge 4,J4,FREEMAN Sally GBR
European Championships 2008 (Diving),eindhoven_2008_euro,21:00 Preliminary,Preliminary,18 MAR 2008,A,1-3,Judge 5,J5,DE MIRO Claudio ITA
European Championships 2008 (Diving),eindhoven_2008_euro,21:00 Preliminary,Preliminary,18 MAR 2008,B,4-6,Judge 5,J5,HAYNAL Attilas HUN
European Championships 2008 (Diving),eindhoven_2008_euro,21:00 Preliminary,Preliminary,18 MAR 2008,A,1-3,Judge 6,J6,TELEFSEN Arne NOR
European Championships 2008 (Diving),eindhoven_2008_euro,21:00 Preliminary,Preliminary,18 MAR 2008,B,4-6,Judge 6,J6,FABER Marc NED
European Championships 2008 (Diving),eindhoven_2008_euro,21:00 Preliminary,Preliminary,18 MAR 2008,A,1-3,Judge 7,J7,ZAYTSEV Oleg RUS
European Championships 2008 (Diving),eindhoven_2008_euro,21:00 Preliminary,Preliminary,18 MAR 2008,B,4-6,Judge 7,J7,FALKMAN Peter SWE
European Championships 2008 (Diving),eindhoven_2008_euro,21:00 Preliminary,Preliminary,19 MAR 2008,A,1-3,Judge 1,J1,LLINAS Julian ESP
European Championships 2008 (Diving),eindhoven_2008_euro,21:00 Preliminary,Preliminary,19 MAR 2008,B,4-5,Judge 1,J1,KHAZEMPA Ludmila BLR
European Championships 2008 (Diving),eindhoven_2008_euro,21:00 Preliminary,Preliminary,19 MAR 2008,A,1-3,Judge 2,J2,ALT Walter GER
European Championships 2008 (Diving),eindhoven_2008_euro,21:00 Preliminary,Preliminary,19 MAR 2008,B,4-5,Judge 2,J2,CALAMNIUS Suvi FIN
European Championships 2008 (Diving),eindhoven_2008_euro,21:00 Preliminary,Preliminary,19 MAR 2008,A,1-3,Judge 3,J3,KONDELIS Stergios GRE
European Championships 2008 (Diving),eindhoven_2008_euro,21:00 Preliminary,Preliminary,19 MAR 2008,B,4-5,Judge 3,J3,HAYNAL Attilas HUN
European Championships 2008 (Diving),eindhoven_2008_euro,21:00 Preliminary,Preliminary,19 MAR 2008,A,1-3,Judge 4,J4,PIKTURNIENE Ale LTU
European Championships 2008 (Diving),eindhoven_2008_euro,21:00 Preliminary,Preliminary,19 MAR 2008,B,4-5,Judge 4,J4,TELEFSEN Arne NOR
European Championships 2008 (Diving),eindhoven_2008_euro,21:00 Preliminary,Preliminary,19 MAR 2008,A,1-3,Judge 5,J5,FABER Marc NED
European Championships 2008 (Diving),eindhoven_2008_euro,21:00 Preliminary,Preliminary,19 MAR 2008,B,4-5,Judge 5,J5,FREEMAN Sally GBR
European Championships 2008 (Diving),eindhoven_2008_euro,21:00 Preliminary,Preliminary,19 MAR 2008,A,1-3,Judge 6,J6,FALKMAN Peter SWE
European Championships 2008 (Diving),eindhoven_2008_euro,21:00 Preliminary,Preliminary,19 MAR 2008,B,4-5,Judge 6,J6,ZAYTSEV Oleg RUS
European Championships 2008 (Diving),eindhoven_2008_euro,21:00 Preliminary,Preliminary,19 MAR 2008,A,1-3,Judge 7,J7,REZNICHENKO Anatoliy UKR
European Championships 2008 (Diving),eindhoven_2008_euro,21:00 Preliminary,Preliminary,19 MAR 2008,B,4-5,Judge 7,J7,BRUN Aristide AUT
European Championships 2008 (Diving),eindhoven_2008_euro,12:00 Semifinal A,Semifinal,19 MAR 2008,A,1-6,Judge 1,J1,STRITT BURK Carmen SUI
European Championships 2008 (Diving),eindhoven_2008_euro,12:00 Semifinal A,Semifinal,19 MAR 2008,B,1-6,Judge 5,J5,RIEU Gerard FRA
European Championships 2008 (Diving),eindhoven_2008_euro,12:00 Semifinal A,Semifinal,19 MAR 2008,A,1-6,Judge 2,J2,FABER Marc NED
European Championships 2008 (Diving),eindhoven_2008_euro,12:00 Semifinal A,Semifinal,19 MAR 2008,B,1-6,Judge 6,J6,KHAZEMPA Ludmila BLR
European Championships 2008 (Diving),eindhoven_2008_euro,12:00 Semifinal A,Semifinal,19 MAR 2008,A,1-6,Judge 3,J3,HAYNAL Attilas HUN
European Championships 2008 (Diving),eindhoven_2008_euro,12:00 Semifinal A,Semifinal,19 MAR 2008,B,1-6,Judge 7,J7,KONDELIS Stergios GRE
European Championships 2008 (Diving),eindhoven_2008_euro,12:00 Semifinal A,Semifinal,19 MAR 2008,single,1-6,Judge 4,J4,FREEMAN Sally GBR
European Championships 2008 (Diving),eindhoven_2008_euro,13:00 Semifinal B,Semifinal,19 MAR 2008,A,1-6,Judge 1,J1,STRITT BURK Carmen SUI
European Championships 2008 (Diving),eindhoven_2008_euro,13:00 Semifinal B,Semifinal,19 MAR 2008,B,1-6,Judge 5,J5,RIEU Gerard FRA
European Championships 2008 (Diving),eindhoven_2008_euro,13:00 Semifinal B,Semifinal,19 MAR 2008,A,1-6,Judge 2,J2,FABER Marc NED
European Championships 2008 (Diving),eindhoven_2008_euro,13:00 Semifinal B,Semifinal,19 MAR 2008,B,1-6,Judge 6,J6,KHAZEMPA Ludmila BLR
European Championships 2008 (Diving),eindhoven_2008_euro,13:00 Semifinal B,Semifinal,19 MAR 2008,A,1-6,Judge 3,J3,HAYNAL Attilas HUN
European Championships 2008 (Diving),eindhoven_2008_euro,13:00 Semifinal B,Semifinal,19 MAR 2008,B,1-6,Judge 7,J7,KONDELIS Stergios GRE
European Championships 2008 (Diving),eindhoven_2008_euro,13:00 Semifinal B,Semifinal,19 MAR 2008,single,1-6,Judge 4,J4,FREEMAN Sally GBR
European Championships 2008 (Diving),eindhoven_2008_euro,16:30 Final,Final,19 MAR 2008,A,1-6,Judge 1,J1,STRITT BURK Carmen SUI
European Championships 2008 (Diving),eindhoven_2008_euro,16:30 Final,Final,19 MAR 2008,B,1-6,Judge 5,J5,RIEU Gerard FRA
European Championships 2008 (Diving),eindhoven_2008_euro,16:30 Final,Final,19 MAR 2008,A,1-6,Judge 2,J2,FABER Marc NED
European Championships 2008 (Diving),eindhoven_2008_euro,16:30 Final,Final,19 MAR 2008,B,1-6,Judge 6,J6,KHAZEMPA Ludmila BLR
European Championships 2008 (Diving),eindhoven_2008_euro,16:30 Final,Final,19 MAR 2008,A,1-6,Judge 3,J3,HAYNAL Attilas HUN
European Championships 2008 (Diving),eindhoven_2008_euro,16:30 Final,Final,19 MAR 2008,B,1-6,Judge 7,J7,KONDELIS Stergios GRE
European Championships 2008 (Diving),eindhoven_2008_euro,16:30 Final,Final,19 MAR 2008,single,1-6,Judge 4,J4,FREEMAN Sally GBR
European Championships 2008 (Diving),eindhoven_2008_euro,12:00 Semifinal A,Semifinal,20 MAR 2008,A,1-6,Judge 1,J1,FALKMAN Peter SWE
European Championships 2008 (Diving),eindhoven_2008_euro,12:00 Semifinal A,Semifinal,20 MAR 2008,B,1-6,Judge 5,J5,LLINAS Julian ESP
European Championships 2008 (Diving),eindhoven_2008_euro,12:00 Semifinal A,Semifinal,20 MAR 2008,A,1-6,Judge 2,J2,PIKTURNIENE Ale LTU
European Championships 2008 (Diving),eindhoven_2008_euro,12:00 Semifinal A,Semifinal,20 MAR 2008,B,1-6,Judge 6,J6,KHAZEMPA Ludmila BLR
European Championships 2008 (Diving),eindhoven_2008_euro,12:00 Semifinal A,Semifinal,20 MAR 2008,A,1-6,Judge 3,J3,DE MIRO Claudio ITA
European Championships 2008 (Diving),eindhoven_2008_euro,12:00 Semifinal A,Semifinal,20 MAR 2008,B,1-6,Judge 7,J7,BRUN Aristide AUT
European Championships 2008 (Diving),eindhoven_2008_euro,12:00 Semifinal A,Semifinal,20 MAR 2008,single,1-6,Judge 4,J4,KONDELIS Stergios GRE
European Championships 2008 (Diving),eindhoven_2008_euro,12:00 Semifinal B,Semifinal,20 MAR 2008,A,1-6,Judge 1,J1,ZAYTSEV Oleg RUS
European Championships 2008 (Diving),eindhoven_2008_euro,12:00 Semifinal B,Semifinal,20 MAR 2008,B,1-6,Judge 5,J5,FREEMAN Sally GBR
European Championships 2008 (Diving),eindhoven_2008_euro,12:00 Semifinal B,Semifinal,20 MAR 2008,A,1-6,Judge 2,J2,TELEFSEN Arne NOR
European Championships 2008 (Diving),eindhoven_2008_euro,12:00 Semifinal B,Semifinal,20 MAR 2008,B,1-6,Judge 6,J6,RIEU Gerard FRA
European Championships 2008 (Diving),eindhoven_2008_euro,12:00 Semifinal B,Semifinal,20 MAR 2008,A,1-6,Judge 3,J3,FABER Marc NED
European Championships 2008 (Diving),eindhoven_2008_euro,12:00 Semifinal B,Semifinal,20 MAR 2008,B,1-6,Judge 7,J7,CALAMNIUS Suvi FIN
European Championships 2008 (Diving),eindhoven_2008_euro,12:00 Semifinal B,Semifinal,20 MAR 2008,single,1-6,Judge 4,J4,HAYNAL Attilas HUN
European Championships 2008 (Diving),eindhoven_2008_euro,16:30 Final,Final,20 MAR 2008,A,1-6,Judge 1,J1,DE MIRO Claudio ITA
European Championships 2008 (Diving),eindhoven_2008_euro,16:30 Final,Final,20 MAR 2008,B,1-6,Judge 5,J5,ZAYTSEV Oleg RUS
European Championships 2008 (Diving),eindhoven_2008_euro,16:30 Final,Final,20 MAR 2008,A,1-6,Judge 2,J2,LLINAS Julian ESP
European Championships 2008 (Diving),eindhoven_2008_euro,16:30 Final,Final,20 MAR 2008,B,1-6,Judge 6,J6,TELEFSEN Arne NOR
European Championships 2008 (Diving),eindhoven_2008_euro,16:30 Final,Final,20 MAR 2008,A,1-6,Judge 3,J3,FREEMAN Sally GBR
European Championships 2008 (Diving),eindhoven_2008_euro,16:30 Final,Final,20 MAR 2008,B,1-6,Judge 7,J7,STRITT BURK Carmen SUI
European Championships 2008 (Diving),eindhoven_2008_euro,16:30 Final,Final,20 MAR 2008,single,1-6,Judge 4,J4,BRUN Aristide AUT
European Championships 2008 (Diving),eindhoven_2008_euro,21:00 Preliminary,Preliminary,20 MAR 2008,A,1-3,Judge 1,J1,HAYNAL Attilas HUN
European Championships 2008 (Diving),eindhoven_2008_euro,21:00 Preliminary,Preliminary,20 MAR 2008,B,4-6,Judge 1,J1,REZNICHENKO Anatoliy UKR
European Championships 2008 (Diving),eindhoven_2008_euro,21:00 Preliminary,Preliminary,20 MAR 2008,A,1-3,Judge 2,J2,FREEMAN Sally GBR
European Championships 2008 (Diving),eindhoven_2008_euro,21:00 Preliminary,Preliminary,20 MAR 2008,B,4-6,Judge 2,J2,STRITT BURK Carmen SUI
European Championships 2008 (Diving),eindhoven_2008_euro,21:00 Preliminary,Preliminary,20 MAR 2008,A,1-3,Judge 3,J3,PIPER Anke GER
European Championships 2008 (Diving),eindhoven_2008_euro,21:00 Preliminary,Preliminary,20 MAR 2008,B,4-6,Judge 3,J3,LLINAS Julian ESP
European Championships 2008 (Diving),eindhoven_2008_euro,21:00 Preliminary,Preliminary,20 MAR 2008,A,1-3,Judge 4,J4,KONDELIS Stergios GRE
European Championships 2008 (Diving),eindhoven_2008_euro,21:00 Preliminary,Preliminary,20 MAR 2008,B,4-6,Judge 4,J4,BRUN Aristide AUT
European Championships 2008 (Diving),eindhoven_2008_euro,21:00 Preliminary,Preliminary,20 MAR 2008,A,1-3,Judge 5,J5,FABER Marc NED
European Championships 2008 (Diving),eindhoven_2008_euro,21:00 Preliminary,Preliminary,20 MAR 2008,B,4-6,Judge 5,J5,CALAMNIUS Suvi FIN
European Championships 2008 (Diving),eindhoven_2008_euro,21:00 Preliminary,Preliminary,20 MAR 2008,A,1-3,Judge 6,J6,TELEFSEN Arne NOR
European Championships 2008 (Diving),eindhoven_2008_euro,21:00 Preliminary,Preliminary,20 MAR 2008,B,4-6,Judge 6,J6,RIEU Gerard FRA
European Championships 2008 (Diving),eindhoven_2008_euro,21:00 Preliminary,Preliminary,20 MAR 2008,A,1-3,Judge 7,J7,KHAZEMPA Ludmila BLR
European Championships 2008 (Diving),eindhoven_2008_euro,21:00 Preliminary,Preliminary,20 MAR 2008,B,4-6,Judge 7,J7,DE MIRO Claudio ITA
European Championships 2008 (Diving),eindhoven_2008_euro,12:00 Preliminary,Preliminary,21 MAR 2008,A,1-3,Judge 1,J1,ALT Walter GER
European Championships 2008 (Diving),eindhoven_2008_euro,12:00 Preliminary,Preliminary,21 MAR 2008,B,4-5,Judge 1,J1,LLINAS Julian ESP
European Championships 2008 (Diving),eindhoven_2008_euro,12:00 Preliminary,Preliminary,21 MAR 2008,A,1-3,Judge 2,J2,PIKTURNIENE Ale LTU
European Championships 2008 (Diving),eindhoven_2008_euro,12:00 Preliminary,Preliminary,21 MAR 2008,B,4-5,Judge 2,J2,RIEU Gerard FRA
European Championships 2008 (Diving),eindhoven_2008_euro,12:00 Preliminary,Preliminary,21 MAR 2008,A,1-3,Judge 3,J3,ZAYTSEV Oleg RUS
European Championships 2008 (Diving),eindhoven_2008_euro,12:00 Preliminary,Preliminary,21 MAR 2008,B,4-5,Judge 3,J3,TELEFSEN Arne NOR
European Championships 2008 (Diving),eindhoven_2008_euro,12:00 Preliminary,Preliminary,21 MAR 2008,A,1-3,Judge 4,J4,FABER Marc NED
European Championships 2008 (Diving),eindhoven_2008_euro,12:00 Preliminary,Preliminary,21 MAR 2008,B,4-5,Judge 4,J4,HAYNAL Attilas HUN
European Championships 2008 (Diving),eindhoven_2008_euro,12:00 Preliminary,Preliminary,21 MAR 2008,A,1-3,Judge 5,J5,DE MIRO Claudio ITA
European Championships 2008 (Diving),eindhoven_2008_euro,12:00 Preliminary,Preliminary,21 MAR 2008,B,4-5,Judge 5,J5,KONDELIS Stergios GRE
European Championships 2008 (Diving),eindhoven_2008_euro,12:00 Preliminary,Preliminary,21 MAR 2008,A,1-3,Judge 6,J6,BRUN Aristide AUT
European Championships 2008 (Diving),eindhoven_2008_euro,12:00 Preliminary,Preliminary,21 MAR 2008,B,4-5,Judge 6,J6,FREEMAN Sally GBR
European Championships 2008 (Diving),eindhoven_2008_euro,12:00 Preliminary,Preliminary,21 MAR 2008,A,1-3,Judge 7,J7,FALKMAN Peter SWE
European Championships 2008 (Diving),eindhoven_2008_euro,12:00 Preliminary,Preliminary,21 MAR 2008,B,4-5,Judge 7,J7,KHAZEMPA Ludmila BLR
European Championships 2008 (Diving),eindhoven_2008_euro,21:00 Final,Final,21 MAR 2008,A,1-6,Judge 1,J1,STRITT BURK Carmen SUI
European Championships 2008 (Diving),eindhoven_2008_euro,21:00 Final,Final,21 MAR 2008,B,1-6,Judge 5,J5,CALAMNIUS Suvi FIN
European Championships 2008 (Diving),eindhoven_2008_euro,21:00 Final,Final,21 MAR 2008,A,1-6,Judge 2,J2,TELEFSEN Arne NOR
European Championships 2008 (Diving),eindhoven_2008_euro,21:00 Final,Final,21 MAR 2008,B,1-6,Judge 6,J6,LLINAS Julian ESP
European Championships 2008 (Diving),eindhoven_2008_euro,21:00 Final,Final,21 MAR 2008,A,1-6,Judge 3,J3,FABER Marc NED
European Championships 2008 (Diving),eindhoven_2008_euro,21:00 Final,Final,21 MAR 2008,B,1-6,Judge 7,J7,KHAZEMPA Ludmila BLR
European Championships 2008 (Diving),eindhoven_2008_euro,21:00 Final,Final,21 MAR 2008,single,1-6,Judge 4,J4,FREEMAN Sally GBR
European Championships 2008 (Diving),eindhoven_2008_euro,16:30 Final,Final,21 MAR 2008,A,1-6,Judge 1,J1,BRUN Aristide AUT
European Championships 2008 (Diving),eindhoven_2008_euro,16:30 Final,Final,21 MAR 2008,B,1-6,Judge 5,J5,FALKMAN Peter SWE
European Championships 2008 (Diving),eindhoven_2008_euro,16:30 Final,Final,21 MAR 2008,A,1-6,Judge 2,J2,RIEU Gerard FRA
European Championships 2008 (Diving),eindhoven_2008_euro,16:30 Final,Final,21 MAR 2008,B,1-6,Judge 6,J6,FABER Marc NED
European Championships 2008 (Diving),eindhoven_2008_euro,16:30 Final,Final,21 MAR 2008,A,1-6,Judge 3,J3,FREEMAN Sally GBR
European Championships 2008 (Diving),eindhoven_2008_euro,16:30 Final,Final,21 MAR 2008,B,1-6,Judge 7,J7,STRITT BURK Carmen SUI
European Championships 2008 (Diving),eindhoven_2008_euro,16:30 Final,Final,21 MAR 2008,single,1-6,Judge 4,J4,HAYNAL Attilas HUN
European Championships 2008 (Diving),eindhoven_2008_euro,12:00 Preliminary,Preliminary,23 MAR 2008,A,1-3,Judge 1,J1,RIEU Gerard FRA
European Championships 2008 (Diving),eindhoven_2008_euro,12:00 Preliminary,Preliminary,23 MAR 2008,B,4-5,Judge 1,J1,BRUN Aristide AUT
European Championships 2008 (Diving),eindhoven_2008_euro,12:00 Preliminary,Preliminary,23 MAR 2008,A,1-3,Judge 2,J2,ALT Walter GER
European Championships 2008 (Diving),eindhoven_2008_euro,12:00 Preliminary,Preliminary,23 MAR 2008,B,4-5,Judge 2,J2,KHAZEMPA Ludmila BLR
European Championships 2008 (Diving),eindhoven_2008_euro,12:00 Preliminary,Preliminary,23 MAR 2008,A,1-3,Judge 3,J3,PIKTURNIENE Ale LTU
European Championships 2008 (Diving),eindhoven_2008_euro,12:00 Preliminary,Preliminary,23 MAR 2008,B,4-5,Judge 3,J3,LLINAS Julian ESP
European Championships 2008 (Diving),eindhoven_2008_euro,12:00 Preliminary,Preliminary,23 MAR 2008,A,1-3,Judge 4,J4,ZAYTSEV Oleg RUS
European Championships 2008 (Diving),eindhoven_2008_euro,12:00 Preliminary,Preliminary,23 MAR 2008,B,4-5,Judge 4,J4,FABER Marc NED
European Championships 2008 (Diving),eindhoven_2008_euro,12:00 Preliminary,Preliminary,23 MAR 2008,A,1-3,Judge 5,J5,STRITT BURK Carmen SUI
European Championships 2008 (Diving),eindhoven_2008_euro,12:00 Preliminary,Preliminary,23 MAR 2008,B,4-5,Judge 5,J5,HAYNAL Attilas HUN
European Championships 2008 (Diving),eindhoven_2008_euro,12:00 Preliminary,Preliminary,23 MAR 2008,A,1-3,Judge 6,J6,FALKMAN Peter SWE
European Championships 2008 (Diving),eindhoven_2008_euro,12:00 Preliminary,Preliminary,23 MAR 2008,B,4-5,Judge 6,J6,DE MIRO Claudio ITA
European Championships 2008 (Diving),eindhoven_2008_euro,12:00 Preliminary,Preliminary,23 MAR 2008,A,1-3,Judge 7,J7,REZNICHENKO Anatoliy UKR
European Championships 2008 (Diving),eindhoven_2008_euro,12:00 Preliminary,Preliminary,23 MAR 2008,B,4-5,Judge 7,J7,KONDELIS Stergios GRE
European Championships 2008 (Diving),eindhoven_2008_euro,16:30 Final,Final,23 MAR 2008,A,1-6,Judge 1,J1,RIEU Gerard FRA
European Championships 2008 (Diving),eindhoven_2008_euro,16:30 Final,Final,23 MAR 2008,B,1-6,Judge 5,J5,STRITT BURK Carmen SUI
European Championships 2008 (Diving),eindhoven_2008_euro,16:30 Final,Final,23 MAR 2008,A,1-6,Judge 2,J2,KHAZEMPA Ludmila BLR
European Championships 2008 (Diving),eindhoven_2008_euro,16:30 Final,Final,23 MAR 2008,B,1-6,Judge 6,J6,BRUN Aristide AUT
European Championships 2008 (Diving),eindhoven_2008_euro,16:30 Final,Final,23 MAR 2008,A,1-6,Judge 3,J3,PIKTURNIENE Ale LTU
European Championships 2008 (Diving),eindhoven_2008_euro,16:30 Final,Final,23 MAR 2008,B,1-6,Judge 7,J7,FREEMAN Sally GBR
European Championships 2008 (Diving),eindhoven_2008_euro,16:30 Final,Final,23 MAR 2008,single,1-6,Judge 4,J4,FABER Marc NED
European Championships 2008 (Diving),eindhoven_2008_euro,12:00 Preliminary,Preliminary,24 MAR 2008,A,1-3,Judge 1,J1,LINDBERG Mathz SWE
European Championships 2008 (Diving),eindhoven_2008_euro,12:00 Preliminary,Preliminary,24 MAR 2008,B,4-6,Judge 1,J1,STRITT BURK Carmen SUI
European Championships 2008 (Diving),eindhoven_2008_euro,12:00 Preliminary,Preliminary,24 MAR 2008,A,1-3,Judge 2,J2,PIPER Anke GER
European Championships 2008 (Diving),eindhoven_2008_euro,12:00 Preliminary,Preliminary,24 MAR 2008,B,4-6,Judge 2,J2,LLINAS Julian ESP
European Championships 2008 (Diving),eindhoven_2008_euro,12:00 Preliminary,Preliminary,24 MAR 2008,A,1-3,Judge 3,J3,PIKTURNIENE Ale LTU
European Championships 2008 (Diving),eindhoven_2008_euro,12:00 Preliminary,Preliminary,24 MAR 2008,B,4-6,Judge 3,J3,KONDELIS Stergios GRE
European Championships 2008 (Diving),eindhoven_2008_euro,12:00 Preliminary,Preliminary,24 MAR 2008,A,1-3,Judge 4,J4,FABER Marc NED
European Championships 2008 (Diving),eindhoven_2008_euro,12:00 Preliminary,Preliminary,24 MAR 2008,B,4-6,Judge 4,J4,ZAYTSEV Oleg RUS
European Championships 2008 (Diving),eindhoven_2008_euro,12:00 Preliminary,Preliminary,24 MAR 2008,A,1-3,Judge 5,J5,FREEMAN Sally GBR
European Championships 2008 (Diving),eindhoven_2008_euro,12:00 Preliminary,Preliminary,24 MAR 2008,B,4-6,Judge 5,J5,DE MIRO Claudio ITA
European Championships 2008 (Diving),eindhoven_2008_euro,12:00 Preliminary,Preliminary,24 MAR 2008,A,1-3,Judge 6,J6,REZNICHENKO Anatoliy UKR
European Championships 2008 (Diving),eindhoven_2008_euro,12:00 Preliminary,Preliminary,24 MAR 2008,B,4-6,Judge 6,J6,RIEU Gerard FRA
European Championships 2008 (Diving),eindhoven_2008_euro,12:00 Preliminary,Preliminary,24 MAR 2008,A,1-3,Judge 7,J7,TELEFSEN Arne NOR
European Championships 2008 (Diving),eindhoven_2008_euro,12:00 Preliminary,Preliminary,24 MAR 2008,B,4-6,Judge 7,J7,CALAMNIUS Suvi FIN
European Championships 2008 (Diving),eindhoven_2008_euro,16:30 Final,Final,24 MAR 2008,A,1-6,Judge 1,J1,STRITT BURK Carmen SUI
European Championships 2008 (Diving),eindhoven_2008_euro,16:30 Final,Final,24 MAR 2008,B,1-6,Judge 5,J5,LLINAS Julian ESP
European Championships 2008 (Diving),eindhoven_2008_euro,16:30 Final,Final,24 MAR 2008,A,1-6,Judge 2,J2,LINDBERG Mathz SWE
European Championships 2008 (Diving),eindhoven_2008_euro,16:30 Final,Final,24 MAR 2008,B,1-6,Judge 6,J6,NOVOTNA Hana LEN
European Championships 2008 (Diving),eindhoven_2008_euro,16:30 Final,Final,24 MAR 2008,A,1-6,Judge 3,J3,FYRIGOU­CONSOLO G. LEN
European Championships 2008 (Diving),eindhoven_2008_euro,16:30 Final,Final,24 MAR 2008,B,1-6,Judge 7,J7,FABER Marc NED
European Championships 2008 (Diving),eindhoven_2008_euro,16:30 Final,Final,24 MAR 2008,single,1-6,Judge 4,J4,BRUN Aristide AUT
Diving World Series 2009 No 1,doha_2009_ws,Men's 3m Springboard Semifinal A,Semifinal,21 MAR 2009,A,1-6,Judge 1,J1,WILSON Adrienne RSA
Diving World Series 2009 No 1,doha_2009_ws,Men's 3m Springboard Semifinal A,Semifinal,21 MAR 2009,B,1-6,Judge 5,J5,LANG Rao CHN
Diving World Series 2009 No 1,doha_2009_ws,Men's 3m Springboard Semifinal A,Semifinal,21 MAR 2009,A,1-6,Judge 2,J2,REZNICHENKO Anatoliy UKR
Diving World Series 2009 No 1,doha_2009_ws,Men's 3m Springboard Semifinal A,Semifinal,21 MAR 2009,B,1-6,Judge 6,J6,HASSAN Mohamed EGY
Diving World Series 2009 No 1,doha_2009_ws,Men's 3m Springboard Semifinal A,Semifinal,21 MAR 2009,A,1-6,Judge 3,J3,CHONG Edwin MAS
Diving World Series 2009 No 1,doha_2009_ws,Men's 3m Springboard Semifinal A,Semifinal,21 MAR 2009,B,1-6,Judge 7,J7,BOUSSARD Michel FRA
Diving World Series 2009 No 1,doha_2009_ws,Men's 3m Springboard Semifinal A,Semifinal,21 MAR 2009,single,1-6,Judge 4,J4,TELLEFSEN Arne NOR
Diving World Series 2009 No 1,doha_2009_ws,Men's 3m Springboard Semifinal B,Semifinal,21 MAR 2009,A,1-6,Judge 1,J1,WILSON Adrienne RSA
Diving World Series 2009 No 1,doha_2009_ws,Men's 3m Springboard Semifinal B,Semifinal,21 MAR 2009,B,1-6,Judge 5,J5,LANG Rao CHN
Diving World Series 2009 No 1,doha_2009_ws,Men's 3m Springboard Semifinal B,Semifinal,21 MAR 2009,A,1-6,Judge 2,J2,REZNICHENKO Anatoliy UKR
Diving World Series 2009 No 1,doha_2009_ws,Men's 3m Springboard Semifinal B,Semifinal,21 MAR 2009,B,1-6,Judge 6,J6,HASSAN Mohamed EGY
Diving World Series 2009 No 1,doha_2009_ws,Men's 3m Springboard Semifinal B,Semifinal,21 MAR 2009,A,1-6,Judge 3,J3,CHONG Edwin MAS
Diving World Series 2009 No 1,doha_2009_ws,Men's 3m Springboard Semifinal B,Semifinal,21 MAR 2009,B,1-6,Judge 7,J7,BOUSSARD Michel FRA
Diving World Series 2009 No 1,doha_2009_ws,Men's 3m Springboard Semifinal B,Semifinal,21 MAR 2009,single,1-6,Judge 4,J4,TELLEFSEN Arne NOR
Diving World Series 2009 No 1,doha_2009_ws,Men's 3m Springboard Final,Final,21 MAR 2009,A,1-6,Judge 1,J1,WILSON Adrienne RSA
Diving World Series 2009 No 1,doha_2009_ws,Men's 3m Springboard Final,Final,21 MAR 2009,B,1-6,Judge 5,J5,LANG Rao CHN
Diving World Series 2009 No 1,doha_2009_ws,Men's 3m Springboard Final,Final,21 MAR 2009,A,1-6,Judge 2,J2,REZNICHENKO Anatoliy UKR
Diving World Series 2009 No 1,doha_2009_ws,Men's 3m Springboard Final,Final,21 MAR 2009,B,1-6,Judge 6,J6,HASSAN Mohamed EGY
Diving World Series 2009 No 1,doha_2009_ws,Men's 3m Springboard Final,Final,21 MAR 2009,A,1-6,Judge 3,J3,CHONG Edwin MAS
Diving World Series 2009 No 1,doha_2009_ws,Men's 3m Springboard Final,Final,21 MAR 2009,B,1-6,Judge 7,J7,BOUSSARD Michel FRA
Diving World Series 2009 No 1,doha_2009_ws,Men's 3m Springboard Final,Final,21 MAR 2009,single,1-6,Judge 4,J4,TELLEFSEN Arne NOR
Diving World Series 2009 No 1,doha_2009_ws,Men's 10m Platform Semifinal A,Semifinal,22 MAR 2009,A,1-6,Judge 1,J1,CHONG Edwin MAS
Diving World Series 2009 No 1,doha_2009_ws,Men's 10m Platform Semifinal A,Semifinal,22 MAR 2009,B,1-6,Judge 5,J5,REZNICHENKO Anatoliy UKR
Diving World Series 2009 No 1,doha_2009_ws,Men's 10m Platform Semifinal A,Semifinal,22 MAR 2009,A,1-6,Judge 2,J2,WILSON Adrienne RSA
Diving World Series 2009 No 1,doha_2009_ws,Men's 10m Platform Semifinal A,Semifinal,22 MAR 2009,B,1-6,Judge 6,J6,LANG Rao CHN
Diving World Series 2009 No 1,doha_2009_ws,Men's 10m Platform Semifinal A,Semifinal,22 MAR 2009,A,1-6,Judge 3,J3,BOUSSARD Michel FRA
Diving World Series 2009 No 1,doha_2009_ws,Men's 10m Platform Semifinal A,Semifinal,22 MAR 2009,B,1-6,Judge 7,J7,TELLEFSEN Arne NOR
Diving World Series 2009 No 1,doha_2009_ws,Men's 10m Platform Semifinal A,Semifinal,22 MAR 2009,single,1-6,Judge 4,J4,HASSAN Mohamed EGY
Diving World Series 2009 No 1,doha_2009_ws,Men's 10m Platform Semifinal B,Semifinal,22 MAR 2009,A,1-6,Judge 1,J1,CHONG Edwin MAS
Diving World Series 2009 No 1,doha_2009_ws,Men's 10m Platform Semifinal B,Semifinal,22 MAR 2009,B,1-6,Judge 5,J5,REZNICHENKO Anatoliy UKR
Diving World Series 2009 No 1,doha_2009_ws,Men's 10m Platform Semifinal B,Semifinal,22 MAR 2009,A,1-6,Judge 2,J2,WILSON Adrienne RSA
Diving World Series 2009 No 1,doha_2009_ws,Men's 10m Platform Semifinal B,Semifinal,22 MAR 2009,B,1-6,Judge 6,J6,LANG Rao CHN
Diving World Series 2009 No 1,doha_2009_ws,Men's 10m Platform Semifinal B,Semifinal,22 MAR 2009,A,1-6,Judge 3,J3,BOUSSARD Michel FRA
Diving World Series 2009 No 1,doha_2009_ws,Men's 10m Platform Semifinal B,Semifinal,22 MAR 2009,B,1-6,Judge 7,J7,TELLEFSEN Arne NOR
Diving World Series 2009 No 1,doha_2009_ws,Men's 10m Platform Semifinal B,Semifinal,22 MAR 2009,single,1-6,Judge 4,J4,HASSAN Mohamed EGY
Diving World Series 2009 No 1,doha_2009_ws,Men's 10m Platform Final,Final,22 MAR 2009,A,1-6,Judge 1,J1,CHONG Edwin MAS
Diving World Series 2009 No 1,doha_2009_ws,Men's 10m Platform Final,Final,22 MAR 2009,B,1-6,Judge 5,J5,REZNICHENKO Anatoliy UKR
Diving World Series 2009 No 1,doha_2009_ws,Men's 10m Platform Final,Final,22 MAR 2009,A,1-6,Judge 2,J2,WILSON Adrienne RSA
Diving World Series 2009 No 1,doha_2009_ws,Men's 10m Platform Final,Final,22 MAR 2009,B,1-6,Judge 6,J6,LANG Rao CHN
Diving World Series 2009 No 1,doha_2009_ws,Men's 10m Platform Final,Final,22 MAR 2009,A,1-6,Judge 3,J3,BOUSSARD Michel FRA
Diving World Series 2009 No 1,doha_2009_ws,Men's 10m Platform Final,Final,22 MAR 2009,B,1-6,Judge 7,J7,TELLEFSEN Arne NOR
Diving World Series 2009 No 1,doha_2009_ws,Men's 10m Platform Final,Final,22 MAR 2009,single,1-6,Judge 4,J4,HASSAN Mohamed EGY
Diving World Series 2009 No 1,doha_2009_ws,Women's 10m Platform Semifinal A,Semifinal,21 MAR 2009,A,1-6,Judge 1,J1,TELLEFSEN Arne NOR
Diving World Series 2009 No 1,doha_2009_ws,Women's 10m Platform Semifinal A,Semifinal,21 MAR 2009,B,1-6,Judge 5,J5,WILSON Adrienne RSA
Diving World Series 2009 No 1,doha_2009_ws,Women's 10m Platform Semifinal A,Semifinal,21 MAR 2009,A,1-6,Judge 2,J2,LANG Rao CHN
Diving World Series 2009 No 1,doha_2009_ws,Women's 10m Platform Semifinal A,Semifinal,21 MAR 2009,B,1-6,Judge 6,J6,BOUSSARD Michel FRA
Diving World Series 2009 No 1,doha_2009_ws,Women's 10m Platform Semifinal A,Semifinal,21 MAR 2009,A,1-6,Judge 3,J3,NOOR Abdulaziz QAT
Diving World Series 2009 No 1,doha_2009_ws,Women's 10m Platform Semifinal A,Semifinal,21 MAR 2009,B,1-6,Judge 7,J7,CHONG Edwin MAS
Diving World Series 2009 No 1,doha_2009_ws,Women's 10m Platform Semifinal A,Semifinal,21 MAR 2009,single,1-6,Judge 4,J4,REZNICHENKO Anatoliy UKR
Diving World Series 2009 No 1,doha_2009_ws,Women's 10m Platform Semifinal B,Semifinal,21 MAR 2009,A,1-6,Judge 1,J1,TELLEFSEN Arne NOR
Diving World Series 2009 No 1,doha_2009_ws,Women's 10m Platform Semifinal B,Semifinal,21 MAR 2009,B,1-6,Judge 5,J5,WILSON Adrienne RSA
Diving World Series 2009 No 1,doha_2009_ws,Women's 10m Platform Semifinal B,Semifinal,21 MAR 2009,A,1-6,Judge 2,J2,LANG Rao CHN
Diving World Series 2009 No 1,doha_2009_ws,Women's 10m Platform Semifinal B,Semifinal,21 MAR 2009,B,1-6,Judge 6,J6,BOUSSARD Michel FRA
Diving World Series 2009 No 1,doha_2009_ws,Women's 10m Platform Semifinal B,Semifinal,21 MAR 2009,A,1-6,Judge 3,J3,NOOR Abdulaziz QAT
Diving World Series 2009 No 1,doha_2009_ws,Women's 10m Platform Semifinal B,Semifinal,21 MAR 2009,B,1-6,Judge 7,J7,CHONG Edwin MAS
Diving World Series 2009 No 1,doha_2009_ws,Women's 10m Platform Semifinal B,Semifinal,21 MAR 2009,single,1-6,Judge 4,J4,REZNICHENKO Anatoliy UKR
Diving World Series 2009 No 1,doha_2009_ws,Women's 10m Platform Final,Final,21 MAR 2009,A,1-6,Judge 1,J1,TELLEFSEN Arne NOR
Diving World Series 2009 No 1,doha_2009_ws,Women's 10m Platform Final,Final,21 MAR 2009,B,1-6,Judge 5,J5,WILSON Adrienne RSA
Diving World Series 2009 No 1,doha_2009_ws,Women's 10m Platform Final,Final,21 MAR 2009,A,1-6,Judge 2,J2,LANG Rao CHN
Diving World Series 2009 No 1,doha_2009_ws,Women's 10m Platform Final,Final,21 MAR 2009,B,1-6,Judge 6,J6,BOUSSARD Michel FRA
Diving World Series 2009 No 1,doha_2009_ws,Women's 10m Platform Final,Final,21 MAR 2009,A,1-6,Judge 3,J3,NOOR Abdulaziz QAT
Diving World Series 2009 No 1,doha_2009_ws,Women's 10m Platform Final,Final,21 MAR 2009,B,1-6,Judge 7,J7,CHONG Edwin MAS
Diving World Series 2009 No 1,doha_2009_ws,Women's 10m Platform Final,Final,21 MAR 2009,single,1-6,Judge 4,J4,REZNICHENKO Anatoliy UKR
Diving World Series 2009 No 1,doha_2009_ws,Women's 3m Springboard Semifinal A,Semifinal,22 MAR 2009,A,1-6,Judge 1,J1,HASSAN Mohamed EGY
Diving World Series 2009 No 1,doha_2009_ws,Women's 3m Springboard Semifinal A,Semifinal,22 MAR 2009,B,1-6,Judge 5,J5,CHONG Edwin MAS
Diving World Series 2009 No 1,doha_2009_ws,Women's 3m Springboard Semifinal A,Semifinal,22 MAR 2009,A,1-6,Judge 2,J2,LANG Rao CHN
Diving World Series 2009 No 1,doha_2009_ws,Women's 3m Springboard Semifinal A,Semifinal,22 MAR 2009,B,1-6,Judge 6,J6,TELLEFSEN Arne NOR
Diving World Series 2009 No 1,doha_2009_ws,Women's 3m Springboard Semifinal A,Semifinal,22 MAR 2009,A,1-6,Judge 3,J3,WILSON Adrienne RSA
Diving World Series 2009 No 1,doha_2009_ws,Women's 3m Springboard Semifinal A,Semifinal,22 MAR 2009,B,1-6,Judge 7,J7,REZNICHENKO Anatoliy UKR
Diving World Series 2009 No 1,doha_2009_ws,Women's 3m Springboard Semifinal A,Semifinal,22 MAR 2009,single,1-6,Judge 4,J4,BOUSSARD Michel FRA
Diving World Series 2009 No 1,doha_2009_ws,Women's 3m Springboard Semifinal B,Semifinal,22 MAR 2009,A,1-6,Judge 1,J1,HASSAN Mohamed EGY
Diving World Series 2009 No 1,doha_2009_ws,Women's 3m Springboard Semifinal B,Semifinal,22 MAR 2009,B,1-6,Judge 5,J5,CHONG Edwin MAS
Diving World Series 2009 No 1,doha_2009_ws,Women's 3m Springboard Semifinal B,Semifinal,22 MAR 2009,A,1-6,Judge 2,J2,LANG Rao CHN
Diving World Series 2009 No 1,doha_2009_ws,Women's 3m Springboard Semifinal B,Semifinal,22 MAR 2009,B,1-6,Judge 6,J6,TELLEFSEN Arne NOR
Diving World Series 2009 No 1,doha_2009_ws,Women's 3m Springboard Semifinal B,Semifinal,22 MAR 2009,A,1-6,Judge 3,J3,WILSON Adrienne RSA
Diving World Series 2009 No 1,doha_2009_ws,Women's 3m Springboard Semifinal B,Semifinal,22 MAR 2009,B,1-6,Judge 7,J7,REZNICHENKO Anatoliy UKR
Diving World Series 2009 No 1,doha_2009_ws,Women's 3m Springboard Semifinal B,Semifinal,22 MAR 2009,single,1-6,Judge 4,J4,BOUSSARD Michel FRA
Diving World Series 2009 No 1,doha_2009_ws,Women's 3m Springboard Final,Final,22 MAR 2009,A,1-6,Judge 1,J1,HASSAN Mohamed EGY
Diving World Series 2009 No 1,doha_2009_ws,Women's 3m Springboard Final,Final,22 MAR 2009,B,1-6,Judge 5,J5,CHONG Edwin MAS
Diving World Series 2009 No 1,doha_2009_ws,Women's 3m Springboard Final,Final,22 MAR 2009,A,1-6,Judge 2,J2,LANG Rao CHN
Diving World Series 2009 No 1,doha_2009_ws,Women's 3m Springboard Final,Final,22 MAR 2009,B,1-6,Judge 6,J6,TELLEFSEN Arne NOR
Diving World Series 2009 No 1,doha_2009_ws,Women's 3m Springboard Final,Final,22 MAR 2009,A,1-6,Judge 3,J3,WILSON Adrienne RSA
Diving World Series 2009 No 1,doha_2009_ws,Women's 3m Springboard Final,Final,22 MAR 2009,B,1-6,Judge 7,J7,REZNICHENKO Anatoliy UKR
Diving World Series 2009 No 1,doha_2009_ws,Women's 3m Springboard Final,Final,22 MAR 2009,single,1-6,Judge 4,J4,BOUSSARD Michel FRA
13th FINA World Championships 2009 (Diving),rome_2009_wch,Men's 1m Springboard Preliminary,Preliminary,17 JUL 2009,A,1-6,Judge 1,J1,BROOKER Eric AUS
13th FINA World Championships 2009 (Diving),rome_2009_wch,Men's 1m Springboard Preliminary,Preliminary,17 JUL 2009,B,1-6,Judge 1,J1,SOU Wai Wai MAC
13th FINA World Championships 2009 (Diving),rome_2009_wch,Men's 1m Springboard Preliminary,Preliminary,17 JUL 2009,A,1-6,Judge 2,J2,NOVOTNA Hana CZE
13th FINA World Championships 2009 (Diving),rome_2009_wch,Men's 1m Springboard Preliminary,Preliminary,17 JUL 2009,B,1-6,Judge 2,J2,DIETRICH Monika GER
13th FINA World Championships 2009 (Diving),rome_2009_wch,Men's 1m Springboard Preliminary,Preliminary,17 JUL 2009,A,1-6,Judge 3,J3,MORNEAU Hélène CAN
13th FINA World Championships 2009 (Diving),rome_2009_wch,Men's 1m Springboard Preliminary,Preliminary,17 JUL 2009,B,1-6,Judge 3,J3,GONCALVES Roberto BRA
13th FINA World Championships 2009 (Diving),rome_2009_wch,Men's 1m Springboard Preliminary,Preliminary,17 JUL 2009,A,1-6,Judge 4,J4,BOUSSARD Michel FRA
13th FINA World Championships 2009 (Diving),rome_2009_wch,Men's 1m Springboard Preliminary,Preliminary,17 JUL 2009,B,1-6,Judge 4,J4,MANZONI Renato ITA
13th FINA World Championships 2009 (Diving),rome_2009_wch,Men's 1m Springboard Preliminary,Preliminary,17 JUL 2009,A,1-6,Judge 5,J5,DURAN PALACIOS Ricardo CHI
13th FINA World Championships 2009 (Diving),rome_2009_wch,Men's 1m Springboard Preliminary,Preliminary,17 JUL 2009,B,1-6,Judge 5,J5,CRAINE Donald USA
13th FINA World Championships 2009 (Diving),rome_2009_wch,Men's 1m Springboard Preliminary,Preliminary,17 JUL 2009,A,1-6,Judge 6,J6,FYRIGOS Konstantinos GRE
13th FINA World Championships 2009 (Diving),rome_2009_wch,Men's 1m Springboard Preliminary,Preliminary,17 JUL 2009,B,1-6,Judge 6,J6,TELLEFSEN Arne NOR
13th FINA World Championships 2009 (Diving),rome_2009_wch,Men's 1m Springboard Preliminary,Preliminary,17 JUL 2009,A,1-6,Judge 7,J7,YUASA Yoshino JPN
13th FINA World Championships 2009 (Diving),rome_2009_wch,Men's 1m Springboard Preliminary,Preliminary,17 JUL 2009,B,1-6,Judge 7,J7,WILSON Adrienne RSA
13th FINA World Championships 2009 (Diving),rome_2009_wch,Men's 1m Springboard Final,Final,17 JUL 2009,A,1-6,Judge 1,J1,GONCALVES Roberto BRA
13th FINA World Championships 2009 (Diving),rome_2009_wch,Men's 1m Springboard Final,Final,17 JUL 2009,B,1-6,Judge 5,J5,BOUSSARD Michel FRA
13th FINA World Championships 2009 (Diving),rome_2009_wch,Men's 1m Springboard Final,Final,17 JUL 2009,A,1-6,Judge 2,J2,NOVOTNA Hana CZE
13th FINA World Championships 2009 (Diving),rome_2009_wch,Men's 1m Springboard Final,Final,17 JUL 2009,B,1-6,Judge 6,J6,YUASA Yoshino JPN
13th FINA World Championships 2009 (Diving),rome_2009_wch,Men's 1m Springboard Final,Final,17 JUL 2009,A,1-6,Judge 3,J3,BANUELOS Ricardo MEX
13th FINA World Championships 2009 (Diving),rome_2009_wch,Men's 1m Springboard Final,Final,17 JUL 2009,B,1-6,Judge 7,J7,TELLEFSEN Arne NOR
13th FINA World Championships 2009 (Diving),rome_2009_wch,Men's 1m Springboard Final,Final,17 JUL 2009,single,1-6,Judge 4,J4,SISSONS Ann NZL
13th FINA World Championships 2009 (Diving),rome_2009_wch,Women's 10m Platform Preliminary,Preliminary,17 JUL 2009,A,1-6,Judge 1,J1,YU Jian CHN
13th FINA World Championships 2009 (Diving),rome_2009_wch,Women's 10m Platform Preliminary,Preliminary,17 JUL 2009,B,1-6,Judge 1,J1,HASSAN Mohamed EGY
13th FINA World Championships 2009 (Diving),rome_2009_wch,Women's 10m Platform Preliminary,Preliminary,17 JUL 2009,A,1-6,Judge 2,J2,KELEMEN Ildiko HUN
13th FINA World Championships 2009 (Diving),rome_2009_wch,Women's 10m Platform Preliminary,Preliminary,17 JUL 2009,B,1-6,Judge 2,J2,BAMBER Susan GBR
13th FINA World Championships 2009 (Diving),rome_2009_wch,Women's 10m Platform Preliminary,Preliminary,17 JUL 2009,A,1-6,Judge 3,J3,RUIZ PEDREGUERA Rolando CUB
13th FINA World Championships 2009 (Diving),rome_2009_wch,Women's 10m Platform Preliminary,Preliminary,17 JUL 2009,B,1-6,Judge 3,J3,BANUELOS Ricardo MEX
13th FINA World Championships 2009 (Diving),rome_2009_wch,Women's 10m Platform Preliminary,Preliminary,17 JUL 2009,A,1-6,Judge 4,J4,LINDBERG Mathz SWE
13th FINA World Championships 2009 (Diving),rome_2009_wch,Women's 10m Platform Preliminary,Preliminary,17 JUL 2009,B,1-6,Judge 4,J4,STRITT BURK Carmen SUI
13th FINA World Championships 2009 (Diving),rome_2009_wch,Women's 10m Platform Preliminary,Preliminary,17 JUL 2009,A,1-6,Judge 5,J5,CRAINE Donald USA
13th FINA World Championships 2009 (Diving),rome_2009_wch,Women's 10m Platform Preliminary,Preliminary,17 JUL 2009,B,1-6,Judge 5,J5,MORNEAU Hélène CAN
13th FINA World Championships 2009 (Diving),rome_2009_wch,Women's 10m Platform Preliminary,Preliminary,17 JUL 2009,A,1-6,Judge 6,J6,DIETRICH Monika GER
13th FINA World Championships 2009 (Diving),rome_2009_wch,Women's 10m Platform Preliminary,Preliminary,17 JUL 2009,B,1-6,Judge 6,J6,NOVOTNA Hana CZE
13th FINA World Championships 2009 (Diving),rome_2009_wch,Women's 10m Platform Preliminary,Preliminary,17 JUL 2009,A,1-6,Judge 7,J7,SISSONS Ann NZL
13th FINA World Championships 2009 (Diving),rome_2009_wch,Women's 10m Platform Preliminary,Preliminary,17 JUL 2009,B,1-6,Judge 7,J7,YUASA Yoshino JPN
13th FINA World Championships 2009 (Diving),rome_2009_wch,Women's 10m Platform Semifinal,Semifinal,18 JUL 2009,A,1-6,Judge 1,J1,HASSAN Mohamed EGY
13th FINA World Championships 2009 (Diving),rome_2009_wch,Women's 10m Platform Semifinal,Semifinal,18 JUL 2009,B,1-6,Judge 1,J1,YU Jian CHN
13th FINA World Championships 2009 (Diving),rome_2009_wch,Women's 10m Platform Semifinal,Semifinal,18 JUL 2009,A,1-6,Judge 2,J2,BAMBER Susan GBR
13th FINA World Championships 2009 (Diving),rome_2009_wch,Women's 10m Platform Semifinal,Semifinal,18 JUL 2009,B,1-6,Judge 2,J2,KELEMEN Ildiko HUN
13th FINA World Championships 2009 (Diving),rome_2009_wch,Women's 10m Platform Semifinal,Semifinal,18 JUL 2009,A,1-6,Judge 3,J3,BANUELOS Ricardo MEX
13th FINA World Championships 2009 (Diving),rome_2009_wch,Women's 10m Platform Semifinal,Semifinal,18 JUL 2009,B,1-6,Judge 3,J3,RUIZ PEDREGUERA Rolando CUB
13th FINA World Championships 2009 (Diving),rome_2009_wch,Women's 10m Platform Semifinal,Semifinal,18 JUL 2009,A,1-6,Judge 4,J4,STRITT BURK Carmen SUI
13th FINA World Championships 2009 (Diving),rome_2009_wch,Women's 10m Platform Semifinal,Semifinal,18 JUL 2009,B,1-6,Judge 4,J4,LINDBERG Mathz SWE
13th FINA World Championships 2009 (Diving),rome_2009_wch,Women's 10m Platform Semifinal,Semifinal,18 JUL 2009,A,1-6,Judge 5,J5,MORNEAU Hélène CAN
13th FINA World Championships 2009 (Diving),rome_2009_wch,Women's 10m Platform Semifinal,Semifinal,18 JUL 2009,B,1-6,Judge 5,J5,CRAINE Donald USA
13th FINA World Championships 2009 (Diving),rome_2009_wch,Women's 10m Platform Semifinal,Semifinal,18 JUL 2009,A,1-6,Judge 6,J6,NOVOTNA Hana CZE
13th FINA World Championships 2009 (Diving),rome_2009_wch,Women's 10m Platform Semifinal,Semifinal,18 JUL 2009,B,1-6,Judge 6,J6,DIETRICH Monika GER
13th FINA World Championships 2009 (Diving),rome_2009_wch,Women's 10m Platform Semifinal,Semifinal,18 JUL 2009,A,1-6,Judge 7,J7,YUASA Yoshino JPN
13th FINA World Championships 2009 (Diving),rome_2009_wch,Women's 10m Platform Semifinal,Semifinal,18 JUL 2009,B,1-6,Judge 7,J7,SISSONS Ann NZL
13th FINA World Championships 2009 (Diving),rome_2009_wch,Women's 10m Platform Final,Final,18 JUL 2009,A,1-6,Judge 1,J1,RUIZ PEDREGUERA Rolando CUB
13th FINA World Championships 2009 (Diving),rome_2009_wch,Women's 10m Platform Final,Final,18 JUL 2009,B,1-6,Judge 5,J5,CRAINE Donald USA
13th FINA World Championships 2009 (Diving),rome_2009_wch,Women's 10m Platform Final,Final,18 JUL 2009,A,1-6,Judge 2,J2,KELEMEN Ildiko HUN
13th FINA World Championships 2009 (Diving),rome_2009_wch,Women's 10m Platform Final,Final,18 JUL 2009,B,1-6,Judge 6,J6,MANZONI Renato ITA
13th FINA World Championships 2009 (Diving),rome_2009_wch,Women's 10m Platform Final,Final,18 JUL 2009,A,1-6,Judge 3,J3,HASSAN Mohamed EGY
13th FINA World Championships 2009 (Diving),rome_2009_wch,Women's 10m Platform Final,Final,18 JUL 2009,B,1-6,Judge 7,J7,SOU Wai Wai MAC
13th FINA World Championships 2009 (Diving),rome_2009_wch,Women's 10m Platform Final,Final,18 JUL 2009,single,1-6,Judge 4,J4,LINDBERG Mathz SWE
13th FINA World Championships 2009 (Diving),rome_2009_wch,Women's 1m Springboard Preliminary,Preliminary,19 JUL 2009,A,1-6,Judge 1,J1,YU Jian CHN
13th FINA World Championships 2009 (Diving),rome_2009_wch,Women's 1m Springboard Preliminary,Preliminary,19 JUL 2009,B,1-6,Judge 1,J1,WILSON Adrienne RSA
13th FINA World Championships 2009 (Diving),rome_2009_wch,Women's 1m Springboard Preliminary,Preliminary,19 JUL 2009,A,1-6,Judge 2,J2,TELLEFSEN Arne NOR
13th FINA World Championships 2009 (Diving),rome_2009_wch,Women's 1m Springboard Preliminary,Preliminary,19 JUL 2009,B,1-6,Judge 2,J2,BOUSSARD Michel FRA
13th FINA World Championships 2009 (Diving),rome_2009_wch,Women's 1m Springboard Preliminary,Preliminary,19 JUL 2009,A,1-6,Judge 3,J3,CRAINE Donald USA
13th FINA World Championships 2009 (Diving),rome_2009_wch,Women's 1m Springboard Preliminary,Preliminary,19 JUL 2009,B,1-6,Judge 3,J3,GONCALVES Roberto BRA
13th FINA World Championships 2009 (Diving),rome_2009_wch,Women's 1m Springboard Preliminary,Preliminary,19 JUL 2009,A,1-6,Judge 4,J4,KELEMEN Ildiko HUN
13th FINA World Championships 2009 (Diving),rome_2009_wch,Women's 1m Springboard Preliminary,Preliminary,19 JUL 2009,B,1-6,Judge 4,J4,FYRIGOS Konstantinos GRE
13th FINA World Championships 2009 (Diving),rome_2009_wch,Women's 1m Springboard Preliminary,Preliminary,19 JUL 2009,A,1-6,Judge 5,J5,BANUELOS Ricardo MEX
13th FINA World Championships 2009 (Diving),rome_2009_wch,Women's 1m Springboard Preliminary,Preliminary,19 JUL 2009,B,1-6,Judge 5,J5,MORNEAU Hélène CAN
13th FINA World Championships 2009 (Diving),rome_2009_wch,Women's 1m Springboard Preliminary,Preliminary,19 JUL 2009,A,1-6,Judge 6,J6,DIETRICH Monika GER
13th FINA World Championships 2009 (Diving),rome_2009_wch,Women's 1m Springboard Preliminary,Preliminary,19 JUL 2009,B,1-6,Judge 6,J6,BAMBER Susan GBR
13th FINA World Championships 2009 (Diving),rome_2009_wch,Women's 1m Springboard Preliminary,Preliminary,19 JUL 2009,A,1-6,Judge 7,J7,BROOKER Eric AUS
13th FINA World Championships 2009 (Diving),rome_2009_wch,Women's 1m Springboard Preliminary,Preliminary,19 JUL 2009,B,1-6,Judge 7,J7,SOU Wai Wai MAC
13th FINA World Championships 2009 (Diving),rome_2009_wch,Women's 1m Springboard Final,Final,19 JUL 2009,A,1-6,Judge 1,J1,BOUSSARD Michel FRA
13th FINA World Championships 2009 (Diving),rome_2009_wch,Women's 1m Springboard Final,Final,19 JUL 2009,B,1-6,Judge 5,J5,SISSONS Ann NZL
13th FINA World Championships 2009 (Diving),rome_2009_wch,Women's 1m Springboard Final,Final,19 JUL 2009,A,1-6,Judge 2,J2,GONCALVES Roberto BRA
13th FINA World Championships 2009 (Diving),rome_2009_wch,Women's 1m Springboard Final,Final,19 JUL 2009,B,1-6,Judge 6,J6,BANUELOS Ricardo MEX
13th FINA World Championships 2009 (Diving),rome_2009_wch,Women's 1m Springboard Final,Final,19 JUL 2009,A,1-6,Judge 3,J3,KELEMEN Ildiko HUN
13th FINA World Championships 2009 (Diving),rome_2009_wch,Women's 1m Springboard Final,Final,19 JUL 2009,B,1-6,Judge 7,J7,STRITT BURK Carmen SUI
13th FINA World Championships 2009 (Diving),rome_2009_wch,Women's 1m Springboard Final,Final,19 JUL 2009,single,1-6,Judge 4,J4,WILSON Adrienne RSA
13th FINA World Championships 2009 (Diving),rome_2009_wch,Men's 10m Platform Preliminary,Preliminary,20 JUL 2009,A,1-6,Judge 1,J1,SOU Wai Wai MAC
13th FINA World Championships 2009 (Diving),rome_2009_wch,Men's 10m Platform Preliminary,Preliminary,20 JUL 2009,B,1-6,Judge 1,J1,YUASA Yoshino JPN
13th FINA World Championships 2009 (Diving),rome_2009_wch,Men's 10m Platform Preliminary,Preliminary,20 JUL 2009,A,1-6,Judge 2,J2,FYRIGOS Konstantinos GRE
13th FINA World Championships 2009 (Diving),rome_2009_wch,Men's 10m Platform Preliminary,Preliminary,20 JUL 2009,B,1-6,Judge 2,J2,HASSAN Mohamed EGY
13th FINA World Championships 2009 (Diving),rome_2009_wch,Men's 10m Platform Preliminary,Preliminary,20 JUL 2009,A,1-6,Judge 3,J3,MORNEAU Hélène CAN
13th FINA World Championships 2009 (Diving),rome_2009_wch,Men's 10m Platform Preliminary,Preliminary,20 JUL 2009,B,1-6,Judge 3,J3,RUIZ PEDREGUERA Rolando CUB
13th FINA World Championships 2009 (Diving),rome_2009_wch,Men's 10m Platform Preliminary,Preliminary,20 JUL 2009,A,1-6,Judge 4,J4,NOVOTNA Hana CZE
13th FINA World Championships 2009 (Diving),rome_2009_wch,Men's 10m Platform Preliminary,Preliminary,20 JUL 2009,B,1-6,Judge 4,J4,BAMBER Susan GBR
13th FINA World Championships 2009 (Diving),rome_2009_wch,Men's 10m Platform Preliminary,Preliminary,20 JUL 2009,A,1-6,Judge 5,J5,GONCALVES Roberto BRA
13th FINA World Championships 2009 (Diving),rome_2009_wch,Men's 10m Platform Preliminary,Preliminary,20 JUL 2009,B,1-6,Judge 5,J5,BANUELOS Ricardo MEX
13th FINA World Championships 2009 (Diving),rome_2009_wch,Men's 10m Platform Preliminary,Preliminary,20 JUL 2009,A,1-6,Judge 6,J6,BOUSSARD Michel FRA
13th FINA World Championships 2009 (Diving),rome_2009_wch,Men's 10m Platform Preliminary,Preliminary,20 JUL 2009,B,1-6,Judge 6,J6,KELEMEN Ildiko HUN
13th FINA World Championships 2009 (Diving),rome_2009_wch,Men's 10m Platform Preliminary,Preliminary,20 JUL 2009,A,1-6,Judge 7,J7,MANZONI Renato ITA
13th FINA World Championships 2009 (Diving),rome_2009_wch,Men's 10m Platform Preliminary,Preliminary,20 JUL 2009,B,1-6,Judge 7,J7,BROOKER Eric AUS
13th FINA World Championships 2009 (Diving),rome_2009_wch,Women's 3m Springboard Preliminary,Preliminary,20 JUL 2009,A,1-6,Judge 1,J1,SISSONS Ann NZL
13th FINA World Championships 2009 (Diving),rome_2009_wch,Women's 3m Springboard Preliminary,Preliminary,20 JUL 2009,B,1-6,Judge 1,J1,YU Jian CHN
13th FINA World Championships 2009 (Diving),rome_2009_wch,Women's 3m Springboard Preliminary,Preliminary,20 JUL 2009,A,1-6,Judge 2,J2,BAMBER Susan GBR
13th FINA World Championships 2009 (Diving),rome_2009_wch,Women's 3m Springboard Preliminary,Preliminary,20 JUL 2009,B,1-6,Judge 2,J2,DIETRICH Monika GER
13th FINA World Championships 2009 (Diving),rome_2009_wch,Women's 3m Springboard Preliminary,Preliminary,20 JUL 2009,A,1-6,Judge 3,J3,CRAINE Donald USA
13th FINA World Championships 2009 (Diving),rome_2009_wch,Women's 3m Springboard Preliminary,Preliminary,20 JUL 2009,B,1-6,Judge 3,J3,DURAN PALACIOS Ricardo CHI
13th FINA World Championships 2009 (Diving),rome_2009_wch,Women's 3m Springboard Preliminary,Preliminary,20 JUL 2009,A,1-6,Judge 4,J4,MANZONI Renato ITA
13th FINA World Championships 2009 (Diving),rome_2009_wch,Women's 3m Springboard Preliminary,Preliminary,20 JUL 2009,B,1-6,Judge 4,J4,LINDBERG Mathz SWE
13th FINA World Championships 2009 (Diving),rome_2009_wch,Women's 3m Springboard Preliminary,Preliminary,20 JUL 2009,A,1-6,Judge 5,J5,RUIZ PEDREGUERA Rolando CUB
13th FINA World Championships 2009 (Diving),rome_2009_wch,Women's 3m Springboard Preliminary,Preliminary,20 JUL 2009,B,1-6,Judge 5,J5,BANUELOS Ricardo MEX
13th FINA World Championships 2009 (Diving),rome_2009_wch,Women's 3m Springboard Preliminary,Preliminary,20 JUL 2009,A,1-6,Judge 6,J6,STRITT BURK Carmen SUI
13th FINA World Championships 2009 (Diving),rome_2009_wch,Women's 3m Springboard Preliminary,Preliminary,20 JUL 2009,B,1-6,Judge 6,J6,BOUSSARD Michel FRA
13th FINA World Championships 2009 (Diving),rome_2009_wch,Women's 3m Springboard Preliminary,Preliminary,20 JUL 2009,A,1-6,Judge 7,J7,HASSAN Mohamed EGY
13th FINA World Championships 2009 (Diving),rome_2009_wch,Women's 3m Springboard Preliminary,Preliminary,20 JUL 2009,B,1-6,Judge 7,J7,WILSON Adrienne RSA
13th FINA World Championships 2009 (Diving),rome_2009_wch,Women's 3m Springboard Semifinal,Semifinal,20 JUL 2009,A,1-6,Judge 1,J1,YU Jian CHN
13th FINA World Championships 2009 (Diving),rome_2009_wch,Women's 3m Springboard Semifinal,Semifinal,20 JUL 2009,B,1-6,Judge 1,J1,SISSONS Ann NZL
13th FINA World Championships 2009 (Diving),rome_2009_wch,Women's 3m Springboard Semifinal,Semifinal,20 JUL 2009,A,1-6,Judge 2,J2,DIETRICH Monika GER
13th FINA World Championships 2009 (Diving),rome_2009_wch,Women's 3m Springboard Semifinal,Semifinal,20 JUL 2009,B,1-6,Judge 2,J2,BAMBER Susan GBR
13th FINA World Championships 2009 (Diving),rome_2009_wch,Women's 3m Springboard Semifinal,Semifinal,20 JUL 2009,A,1-6,Judge 3,J3,DURAN PALACIOS Ricardo CHI
13th FINA World Championships 2009 (Diving),rome_2009_wch,Women's 3m Springboard Semifinal,Semifinal,20 JUL 2009,B,1-6,Judge 3,J3,CRAINE Donald USA
13th FINA World Championships 2009 (Diving),rome_2009_wch,Women's 3m Springboard Semifinal,Semifinal,20 JUL 2009,A,1-6,Judge 4,J4,LINDBERG Mathz SWE
13th FINA World Championships 2009 (Diving),rome_2009_wch,Women's 3m Springboard Semifinal,Semifinal,20 JUL 2009,B,1-6,Judge 4,J4,MANZONI Renato ITA
13th FINA World Championships 2009 (Diving),rome_2009_wch,Women's 3m Springboard Semifinal,Semifinal,20 JUL 2009,A,1-6,Judge 5,J5,BANUELOS Ricardo MEX
13th FINA World Championships 2009 (Diving),rome_2009_wch,Women's 3m Springboard Semifinal,Semifinal,20 JUL 2009,B,1-6,Judge 5,J5,RUIZ PEDREGUERA Rolando CUB
13th FINA World Championships 2009 (Diving),rome_2009_wch,Women's 3m Springboard Semifinal,Semifinal,20 JUL 2009,A,1-6,Judge 6,J6,BOUSSARD Michel FRA
13th FINA World Championships 2009 (Diving),rome_2009_wch,Women's 3m Springboard Semifinal,Semifinal,20 JUL 2009,B,1-6,Judge 6,J6,STRITT BURK Carmen SUI
13th FINA World Championships 2009 (Diving),rome_2009_wch,Women's 3m Springboard Semifinal,Semifinal,20 JUL 2009,A,1-6,Judge 7,J7,TELLEFSEN Arne NOR
13th FINA World Championships 2009 (Diving),rome_2009_wch,Women's 3m Springboard Semifinal,Semifinal,20 JUL 2009,B,1-6,Judge 7,J7,HASSAN Mohamed EGY
13th FINA World Championships 2009 (Diving),rome_2009_wch,Men's 10m Platform Semifinal,Semifinal,21 JUL 2009,A,1-6,Judge 1,J1,YUASA Yoshino JPN
13th FINA World Championships 2009 (Diving),rome_2009_wch,Men's 10m Platform Semifinal,Semifinal,21 JUL 2009,B,1-6,Judge 1,J1,SOU Wai Wai MAC
13th FINA World Championships 2009 (Diving),rome_2009_wch,Men's 10m Platform Semifinal,Semifinal,21 JUL 2009,A,1-6,Judge 2,J2,HASSAN Mohamed EGY
13th FINA World Championships 2009 (Diving),rome_2009_wch,Men's 10m Platform Semifinal,Semifinal,21 JUL 2009,B,1-6,Judge 2,J2,FYRIGOS Konstantinos GRE
13th FINA World Championships 2009 (Diving),rome_2009_wch,Men's 10m Platform Semifinal,Semifinal,21 JUL 2009,A,1-6,Judge 3,J3,RUIZ PEDREGUERA Rolando CUB
13th FINA World Championships 2009 (Diving),rome_2009_wch,Men's 10m Platform Semifinal,Semifinal,21 JUL 2009,B,1-6,Judge 3,J3,MORNEAU Hélène CAN
13th FINA World Championships 2009 (Diving),rome_2009_wch,Men's 10m Platform Semifinal,Semifinal,21 JUL 2009,A,1-6,Judge 4,J4,BAMBER Susan GBR
13th FINA World Championships 2009 (Diving),rome_2009_wch,Men's 10m Platform Semifinal,Semifinal,21 JUL 2009,B,1-6,Judge 4,J4,NOVOTNA Hana CZE
13th FINA World Championships 2009 (Diving),rome_2009_wch,Men's 10m Platform Semifinal,Semifinal,21 JUL 2009,A,1-6,Judge 5,J5,BANUELOS Ricardo MEX
13th FINA World Championships 2009 (Diving),rome_2009_wch,Men's 10m Platform Semifinal,Semifinal,21 JUL 2009,B,1-6,Judge 5,J5,GONCALVES Roberto BRA
13th FINA World Championships 2009 (Diving),rome_2009_wch,Men's 10m Platform Semifinal,Semifinal,21 JUL 2009,A,1-6,Judge 6,J6,KELEMEN Ildiko HUN
13th FINA World Championships 2009 (Diving),rome_2009_wch,Men's 10m Platform Semifinal,Semifinal,21 JUL 2009,B,1-6,Judge 6,J6,BOUSSARD Michel FRA
13th FINA World Championships 2009 (Diving),rome_2009_wch,Men's 10m Platform Semifinal,Semifinal,21 JUL 2009,A,1-6,Judge 7,J7,BROOKER Eric AUS
13th FINA World Championships 2009 (Diving),rome_2009_wch,Men's 10m Platform Semifinal,Semifinal,21 JUL 2009,B,1-6,Judge 7,J7,MANZONI Renato ITA
13th FINA World Championships 2009 (Diving),rome_2009_wch,Men's 10m Platform Final,Final,21 JUL 2009,A,1-6,Judge 1,J1,KELEMEN Ildiko HUN
13th FINA World Championships 2009 (Diving),rome_2009_wch,Men's 10m Platform Final,Final,21 JUL 2009,B,1-6,Judge 5,J5,HASSAN Mohamed EGY
13th FINA World Championships 2009 (Diving),rome_2009_wch,Men's 10m Platform Final,Final,21 JUL 2009,A,1-6,Judge 2,J2,NOVOTNA Hana CZE
13th FINA World Championships 2009 (Diving),rome_2009_wch,Men's 10m Platform Final,Final,21 JUL 2009,B,1-6,Judge 6,J6,TELLEFSEN Arne NOR
13th FINA World Championships 2009 (Diving),rome_2009_wch,Men's 10m Platform Final,Final,21 JUL 2009,A,1-6,Judge 3,J3,RUIZ PEDREGUERA Rolando CUB
13th FINA World Championships 2009 (Diving),rome_2009_wch,Men's 10m Platform Final,Final,21 JUL 2009,B,1-6,Judge 7,J7,MANZONI Renato ITA
13th FINA World Championships 2009 (Diving),rome_2009_wch,Men's 10m Platform Final,Final,21 JUL 2009,single,1-6,Judge 4,J4,LINDBERG Mathz SWE
13th FINA World Championships 2009 (Diving),rome_2009_wch,Women's 3m Springboard Final,Final,21 JUL 2009,A,1-6,Judge 1,J1,DURAN PALACIOS Ricardo CHI
13th FINA World Championships 2009 (Diving),rome_2009_wch,Women's 3m Springboard Final,Final,21 JUL 2009,B,1-6,Judge 5,J5,SISSONS Ann NZL
13th FINA World Championships 2009 (Diving),rome_2009_wch,Women's 3m Springboard Final,Final,21 JUL 2009,A,1-6,Judge 2,J2,TELLEFSEN Arne NOR
13th FINA World Championships 2009 (Diving),rome_2009_wch,Women's 3m Springboard Final,Final,21 JUL 2009,B,1-6,Judge 6,J6,BOUSSARD Michel FRA
13th FINA World Championships 2009 (Diving),rome_2009_wch,Women's 3m Springboard Final,Final,21 JUL 2009,A,1-6,Judge 3,J3,HASSAN Mohamed EGY
13th FINA World Championships 2009 (Diving),rome_2009_wch,Women's 3m Springboard Final,Final,21 JUL 2009,B,1-6,Judge 7,J7,RUIZ PEDREGUERA Rolando CUB
13th FINA World Championships 2009 (Diving),rome_2009_wch,Women's 3m Springboard Final,Final,21 JUL 2009,single,1-6,Judge 4,J4,LINDBERG Mathz SWE
13th FINA World Championships 2009 (Diving),rome_2009_wch,Men's 3m Springboard Preliminary,Preliminary,22 JUL 2009,A,1-6,Judge 1,J1,HASSAN Mohamed EGY
13th FINA World Championships 2009 (Diving),rome_2009_wch,Men's 3m Springboard Preliminary,Preliminary,22 JUL 2009,B,1-6,Judge 1,J1,SISSONS Ann NZL
13th FINA World Championships 2009 (Diving),rome_2009_wch,Men's 3m Springboard Preliminary,Preliminary,22 JUL 2009,A,1-6,Judge 2,J2,MANZONI Renato ITA
13th FINA World Championships 2009 (Diving),rome_2009_wch,Men's 3m Springboard Preliminary,Preliminary,22 JUL 2009,B,1-6,Judge 2,J2,KELEMEN Ildiko HUN
13th FINA World Championships 2009 (Diving),rome_2009_wch,Men's 3m Springboard Preliminary,Preliminary,22 JUL 2009,A,1-6,Judge 3,J3,MORNEAU Hélène CAN
13th FINA World Championships 2009 (Diving),rome_2009_wch,Men's 3m Springboard Preliminary,Preliminary,22 JUL 2009,B,1-6,Judge 3,J3,DURAN PALACIOS Ricardo CHI
13th FINA World Championships 2009 (Diving),rome_2009_wch,Men's 3m Springboard Preliminary,Preliminary,22 JUL 2009,A,1-6,Judge 4,J4,TELLEFSEN Arne NOR
13th FINA World Championships 2009 (Diving),rome_2009_wch,Men's 3m Springboard Preliminary,Preliminary,22 JUL 2009,B,1-6,Judge 4,J4,NOVOTNA Hana CZE
13th FINA World Championships 2009 (Diving),rome_2009_wch,Men's 3m Springboard Preliminary,Preliminary,22 JUL 2009,A,1-6,Judge 5,J5,BANUELOS Ricardo MEX
13th FINA World Championships 2009 (Diving),rome_2009_wch,Men's 3m Springboard Preliminary,Preliminary,22 JUL 2009,B,1-6,Judge 5,J5,CRAINE Donald USA
13th FINA World Championships 2009 (Diving),rome_2009_wch,Men's 3m Springboard Preliminary,Preliminary,22 JUL 2009,A,1-6,Judge 6,J6,LINDBERG Mathz SWE
13th FINA World Championships 2009 (Diving),rome_2009_wch,Men's 3m Springboard Preliminary,Preliminary,22 JUL 2009,B,1-6,Judge 6,J6,STRITT BURK Carmen SUI
13th FINA World Championships 2009 (Diving),rome_2009_wch,Men's 3m Springboard Preliminary,Preliminary,22 JUL 2009,A,1-6,Judge 7,J7,YU Jian CHN
13th FINA World Championships 2009 (Diving),rome_2009_wch,Men's 3m Springboard Preliminary,Preliminary,22 JUL 2009,B,1-6,Judge 7,J7,SOU Wai Wai MAC
13th FINA World Championships 2009 (Diving),rome_2009_wch,Men's 3m Springboard Semifinal,Semifinal,22 JUL 2009,A,1-6,Judge 1,J1,SISSONS Ann NZL
13th FINA World Championships 2009 (Diving),rome_2009_wch,Men's 3m Springboard Semifinal,Semifinal,22 JUL 2009,B,1-6,Judge 1,J1,HASSAN Mohamed EGY
13th FINA World Championships 2009 (Diving),rome_2009_wch,Men's 3m Springboard Semifinal,Semifinal,22 JUL 2009,A,1-6,Judge 2,J2,KELEMEN Ildiko HUN
13th FINA World Championships 2009 (Diving),rome_2009_wch,Men's 3m Springboard Semifinal,Semifinal,22 JUL 2009,B,1-6,Judge 2,J2,MANZONI Renato ITA
13th FINA World Championships 2009 (Diving),rome_2009_wch,Men's 3m Springboard Semifinal,Semifinal,22 JUL 2009,A,1-6,Judge 3,J3,DURAN PALACIOS Ricardo CHI
13th FINA World Championships 2009 (Diving),rome_2009_wch,Men's 3m Springboard Semifinal,Semifinal,22 JUL 2009,B,1-6,Judge 3,J3,MORNEAU Hélène CAN
13th FINA World Championships 2009 (Diving),rome_2009_wch,Men's 3m Springboard Semifinal,Semifinal,22 JUL 2009,A,1-6,Judge 4,J4,NOVOTNA Hana CZE
13th FINA World Championships 2009 (Diving),rome_2009_wch,Men's 3m Springboard Semifinal,Semifinal,22 JUL 2009,B,1-6,Judge 4,J4,TELLEFSEN Arne NOR
13th FINA World Championships 2009 (Diving),rome_2009_wch,Men's 3m Springboard Semifinal,Semifinal,22 JUL 2009,A,1-6,Judge 5,J5,CRAINE Donald USA
13th FINA World Championships 2009 (Diving),rome_2009_wch,Men's 3m Springboard Semifinal,Semifinal,22 JUL 2009,B,1-6,Judge 5,J5,BANUELOS Ricardo MEX
13th FINA World Championships 2009 (Diving),rome_2009_wch,Men's 3m Springboard Semifinal,Semifinal,22 JUL 2009,A,1-6,Judge 6,J6,STRITT BURK Carmen SUI
13th FINA World Championships 2009 (Diving),rome_2009_wch,Men's 3m Springboard Semifinal,Semifinal,22 JUL 2009,B,1-6,Judge 6,J6,LINDBERG Mathz SWE
13th FINA World Championships 2009 (Diving),rome_2009_wch,Men's 3m Springboard Semifinal,Semifinal,22 JUL 2009,A,1-6,Judge 7,J7,SOU Wai Wai MAC
13th FINA World Championships 2009 (Diving),rome_2009_wch,Men's 3m Springboard Semifinal,Semifinal,22 JUL 2009,B,1-6,Judge 7,J7,YU Jian CHN
13th FINA World Championships 2009 (Diving),rome_2009_wch,Men's 3m Springboard Final,Final,23 JUL 2009,A,1-6,Judge 1,J1,KELEMEN Ildiko HUN
13th FINA World Championships 2009 (Diving),rome_2009_wch,Men's 3m Springboard Final,Final,23 JUL 2009,B,1-6,Judge 5,J5,SISSONS Ann NZL
13th FINA World Championships 2009 (Diving),rome_2009_wch,Men's 3m Springboard Final,Final,23 JUL 2009,A,1-6,Judge 2,J2,STRITT BURK Carmen SUI
13th FINA World Championships 2009 (Diving),rome_2009_wch,Men's 3m Springboard Final,Final,23 JUL 2009,B,1-6,Judge 6,J6,HASSAN Mohamed EGY
13th FINA World Championships 2009 (Diving),rome_2009_wch,Men's 3m Springboard Final,Final,23 JUL 2009,A,1-6,Judge 3,J3,RUIZ PEDREGUERA Rolando CUB
13th FINA World Championships 2009 (Diving),rome_2009_wch,Men's 3m Springboard Final,Final,23 JUL 2009,B,1-6,Judge 7,J7,DURAN PALACIOS Ricardo CHI
13th FINA World Championships 2009 (Diving),rome_2009_wch,Men's 3m Springboard Final,Final,23 JUL 2009,single,1-6,Judge 4,J4,BAMBER Susan GBR
30th LEN European Championships 2010 (Diving),budapest_2010_euro,Women's 1m Springboard Preliminary,Preliminary,10 AUG 2010,A,1-3,Judge 1,J1,Pikturniene Ale LTU
30th LEN European Championships 2010 (Diving),budapest_2010_euro,Women's 1m Springboard Preliminary,Preliminary,10 AUG 2010,B,4-5,Judge 1,J1,Freeman Sally GBR
30th LEN European Championships 2010 (Diving),budapest_2010_euro,Women's 1m Springboard Preliminary,Preliminary,10 AUG 2010,A,1-3,Judge 2,J2,Touloudis Nikolaos GRE
30th LEN European Championships 2010 (Diving),budapest_2010_euro,Women's 1m Springboard Preliminary,Preliminary,10 AUG 2010,B,4-5,Judge 2,J2,Boussard Michel FRA
30th LEN European Championships 2010 (Diving),budapest_2010_euro,Women's 1m Springboard Preliminary,Preliminary,10 AUG 2010,A,1-3,Judge 3,J3,Reznichenko Anatoliy UKR
30th LEN European Championships 2010 (Diving),budapest_2010_euro,Women's 1m Springboard Preliminary,Preliminary,10 AUG 2010,B,4-5,Judge 3,J3,Alt Walter GER
30th LEN European Championships 2010 (Diving),budapest_2010_euro,Women's 1m Springboard Preliminary,Preliminary,10 AUG 2010,A,1-3,Judge 4,J4,Groden Haraldsen Inger NOR
30th LEN European Championships 2010 (Diving),budapest_2010_euro,Women's 1m Springboard Preliminary,Preliminary,10 AUG 2010,B,4-5,Judge 4,J4,Polazzo Marco Valerio ITA
30th LEN European Championships 2010 (Diving),budapest_2010_euro,Women's 1m Springboard Preliminary,Preliminary,10 AUG 2010,A,1-3,Judge 5,J5,Kolic Natasa CRO
30th LEN European Championships 2010 (Diving),budapest_2010_euro,Women's 1m Springboard Preliminary,Preliminary,10 AUG 2010,B,4-5,Judge 5,J5,Stritt­Burk Carmen SUI
30th LEN European Championships 2010 (Diving),budapest_2010_euro,Women's 1m Springboard Preliminary,Preliminary,10 AUG 2010,A,1-3,Judge 6,J6,Benyák András HUN
30th LEN European Championships 2010 (Diving),budapest_2010_euro,Women's 1m Springboard Preliminary,Preliminary,10 AUG 2010,B,4-5,Judge 6,J6,Palomino Antonio ESP
30th LEN European Championships 2010 (Diving),budapest_2010_euro,Women's 1m Springboard Preliminary,Preliminary,10 AUG 2010,A,1-3,Judge 7,J7,Vinogradov Alexandr RUS
30th LEN European Championships 2010 (Diving),budapest_2010_euro,Women's 1m Springboard Preliminary,Preliminary,10 AUG 2010,B,4-5,Judge 7,J7,Wiernuk Anna POL
30th LEN European Championships 2010 (Diving),budapest_2010_euro,Women's 1m Springboard Final,Final,10 AUG 2010,A,1-6,Judge 1,J1,Stritt­Burk Carmen SUI
30th LEN European Championships 2010 (Diving),budapest_2010_euro,Women's 1m Springboard Final,Final,10 AUG 2010,B,1-6,Judge 5,J5,Touloudis Nikolaos GRE
30th LEN European Championships 2010 (Diving),budapest_2010_euro,Women's 1m Springboard Final,Final,10 AUG 2010,A,1-6,Judge 2,J2,Wiernuk Anna POL
30th LEN European Championships 2010 (Diving),budapest_2010_euro,Women's 1m Springboard Final,Final,10 AUG 2010,B,1-6,Judge 6,J6,Boussard Michel FRA
30th LEN European Championships 2010 (Diving),budapest_2010_euro,Women's 1m Springboard Final,Final,10 AUG 2010,A,1-6,Judge 3,J3,Groden Haraldsen Inger NOR
30th LEN European Championships 2010 (Diving),budapest_2010_euro,Women's 1m Springboard Final,Final,10 AUG 2010,B,1-6,Judge 7,J7,Kolic Natasa CRO
30th LEN European Championships 2010 (Diving),budapest_2010_euro,Women's 1m Springboard Final,Final,10 AUG 2010,single,1-6,Judge 4,J4,Pikturniene Ale LTU
30th LEN European Championships 2010 (Diving),budapest_2010_euro,Men's 1m Springboard Preliminary,Preliminary,11 AUG 2010,A,1-3,Judge 1,J1,Khazemhempa Ludzmilla BLR
30th LEN European Championships 2010 (Diving),budapest_2010_euro,Men's 1m Springboard Preliminary,Preliminary,11 AUG 2010,B,4-6,Judge 1,J1,Alt Walter GER
30th LEN European Championships 2010 (Diving),budapest_2010_euro,Men's 1m Springboard Preliminary,Preliminary,11 AUG 2010,A,1-3,Judge 2,J2,Palomino Antonio ESP
30th LEN European Championships 2010 (Diving),budapest_2010_euro,Men's 1m Springboard Preliminary,Preliminary,11 AUG 2010,B,4-6,Judge 2,J2,Benyák András HUN
30th LEN European Championships 2010 (Diving),budapest_2010_euro,Men's 1m Springboard Preliminary,Preliminary,11 AUG 2010,A,1-3,Judge 3,J3,Polazzo Marco Valerio ITA
30th LEN European Championships 2010 (Diving),budapest_2010_euro,Men's 1m Springboard Preliminary,Preliminary,11 AUG 2010,B,4-6,Judge 3,J3,Vinogradov Alexandr RUS
30th LEN European Championships 2010 (Diving),budapest_2010_euro,Men's 1m Springboard Preliminary,Preliminary,11 AUG 2010,A,1-3,Judge 4,J4,Ilies Daniela ROU
30th LEN European Championships 2010 (Diving),budapest_2010_euro,Men's 1m Springboard Preliminary,Preliminary,11 AUG 2010,B,4-6,Judge 4,J4,Kolic Natasa CRO
30th LEN European Championships 2010 (Diving),budapest_2010_euro,Men's 1m Springboard Preliminary,Preliminary,11 AUG 2010,A,1-3,Judge 5,J5,Axtelius Peter SWE
30th LEN European Championships 2010 (Diving),budapest_2010_euro,Men's 1m Springboard Preliminary,Preliminary,11 AUG 2010,B,4-6,Judge 5,J5,Matturi­Slotte Marja FIN
30th LEN European Championships 2010 (Diving),budapest_2010_euro,Men's 1m Springboard Preliminary,Preliminary,11 AUG 2010,A,1-3,Judge 6,J6,Reznichenko Anatoliy UKR
30th LEN European Championships 2010 (Diving),budapest_2010_euro,Men's 1m Springboard Preliminary,Preliminary,11 AUG 2010,B,4-6,Judge 6,J6,Faber Marc NED
30th LEN European Championships 2010 (Diving),budapest_2010_euro,Men's 1m Springboard Preliminary,Preliminary,11 AUG 2010,A,1-3,Judge 7,J7,Freeman Sally GBR
30th LEN European Championships 2010 (Diving),budapest_2010_euro,Men's 1m Springboard Preliminary,Preliminary,11 AUG 2010,B,4-6,Judge 7,J7,Stritt­Burk Carmen SUI
30th LEN European Championships 2010 (Diving),budapest_2010_euro,Men's 1m Springboard Final,Final,11 AUG 2010,A,1-6,Judge 1,J1,Ilies Daniela ROU
30th LEN European Championships 2010 (Diving),budapest_2010_euro,Men's 1m Springboard Final,Final,11 AUG 2010,B,1-6,Judge 5,J5,Touloudis Nikolaos GRE
30th LEN European Championships 2010 (Diving),budapest_2010_euro,Men's 1m Springboard Final,Final,11 AUG 2010,A,1-6,Judge 2,J2,Stritt­Burk Carmen SUI
30th LEN European Championships 2010 (Diving),budapest_2010_euro,Men's 1m Springboard Final,Final,11 AUG 2010,B,1-6,Judge 6,J6,Faber Marc NED
30th LEN European Championships 2010 (Diving),budapest_2010_euro,Men's 1m Springboard Final,Final,11 AUG 2010,A,1-6,Judge 3,J3,Matturi­Slotte Marja FIN
30th LEN European Championships 2010 (Diving),budapest_2010_euro,Men's 1m Springboard Final,Final,11 AUG 2010,B,1-6,Judge 7,J7,Kolic Natasa CRO
30th LEN European Championships 2010 (Diving),budapest_2010_euro,Men's 1m Springboard Final,Final,11 AUG 2010,single,1-6,Judge 4,J4,Pikturniene Ale LTU
30th LEN European Championships 2010 (Diving),budapest_2010_euro,Women's 10m Platform Preliminary,Preliminary,12 AUG 2010,A,1-3,Judge 1,J1,Khazemhempa Ludzmilla BLR
30th LEN European Championships 2010 (Diving),budapest_2010_euro,Women's 10m Platform Preliminary,Preliminary,12 AUG 2010,B,4-5,Judge 1,J1,Matturi­Slotte Marja FIN
30th LEN European Championships 2010 (Diving),budapest_2010_euro,Women's 10m Platform Preliminary,Preliminary,12 AUG 2010,A,1-3,Judge 2,J2,Boussard Michel FRA
30th LEN European Championships 2010 (Diving),budapest_2010_euro,Women's 10m Platform Preliminary,Preliminary,12 AUG 2010,B,4-5,Judge 2,J2,Polazzo Marco Valerio ITA
30th LEN European Championships 2010 (Diving),budapest_2010_euro,Women's 10m Platform Preliminary,Preliminary,12 AUG 2010,A,1-3,Judge 3,J3,Faber Marc NED
30th LEN European Championships 2010 (Diving),budapest_2010_euro,Women's 10m Platform Preliminary,Preliminary,12 AUG 2010,B,4-5,Judge 3,J3,Freeman Sally GBR
30th LEN European Championships 2010 (Diving),budapest_2010_euro,Women's 10m Platform Preliminary,Preliminary,12 AUG 2010,A,1-3,Judge 4,J4,Alt Walter GER
30th LEN European Championships 2010 (Diving),budapest_2010_euro,Women's 10m Platform Preliminary,Preliminary,12 AUG 2010,B,4-5,Judge 4,J4,Benyák András HUN
30th LEN European Championships 2010 (Diving),budapest_2010_euro,Women's 10m Platform Preliminary,Preliminary,12 AUG 2010,A,1-3,Judge 5,J5,Vinogradov Alexandr RUS
30th LEN European Championships 2010 (Diving),budapest_2010_euro,Women's 10m Platform Preliminary,Preliminary,12 AUG 2010,B,4-5,Judge 5,J5,Touloudis Nikolaos GRE
30th LEN European Championships 2010 (Diving),budapest_2010_euro,Women's 10m Platform Preliminary,Preliminary,12 AUG 2010,A,1-3,Judge 6,J6,Stritt­Burk Carmen SUI
30th LEN European Championships 2010 (Diving),budapest_2010_euro,Women's 10m Platform Preliminary,Preliminary,12 AUG 2010,B,4-5,Judge 6,J6,Axtelius Peter SWE
30th LEN European Championships 2010 (Diving),budapest_2010_euro,Women's 10m Platform Preliminary,Preliminary,12 AUG 2010,A,1-3,Judge 7,J7,Groden Haraldsen Inger NOR
30th LEN European Championships 2010 (Diving),budapest_2010_euro,Women's 10m Platform Preliminary,Preliminary,12 AUG 2010,B,4-5,Judge 7,J7,Reznichenko Anatoliy UKR
30th LEN European Championships 2010 (Diving),budapest_2010_euro,Women's 10m Platform Final,Final,12 AUG 2010,A,1-6,Judge 1,J1,Faber Marc NED
30th LEN European Championships 2010 (Diving),budapest_2010_euro,Women's 10m Platform Final,Final,12 AUG 2010,B,1-6,Judge 5,J5,Touloudis Nikolaos GRE
30th LEN European Championships 2010 (Diving),budapest_2010_euro,Women's 10m Platform Final,Final,12 AUG 2010,A,1-6,Judge 2,J2,Stritt­Burk Carmen SUI
30th LEN European Championships 2010 (Diving),budapest_2010_euro,Women's 10m Platform Final,Final,12 AUG 2010,B,1-6,Judge 6,J6,Matturi­Slotte Marja FIN
30th LEN European Championships 2010 (Diving),budapest_2010_euro,Women's 10m Platform Final,Final,12 AUG 2010,A,1-6,Judge 3,J3,Wiernuk Anna POL
30th LEN European Championships 2010 (Diving),budapest_2010_euro,Women's 10m Platform Final,Final,12 AUG 2010,B,1-6,Judge 7,J7,Khazemhempa Ludzmilla BLR
30th LEN European Championships 2010 (Diving),budapest_2010_euro,Women's 10m Platform Final,Final,12 AUG 2010,single,1-6,Judge 4,J4,Groden Haraldsen Inger NOR
30th LEN European Championships 2010 (Diving),budapest_2010_euro,Men's 3m Springboard Preliminary,Preliminary,13 AUG 2010,A,1-3,Judge 1,J1,Benyák András HUN
30th LEN European Championships 2010 (Diving),budapest_2010_euro,Men's 3m Springboard Preliminary,Preliminary,13 AUG 2010,B,4-6,Judge 1,J1,Alt Walter GER
30th LEN European Championships 2010 (Diving),budapest_2010_euro,Men's 3m Springboard Preliminary,Preliminary,13 AUG 2010,A,1-3,Judge 2,J2,Ilies Daniela ROU
30th LEN European Championships 2010 (Diving),budapest_2010_euro,Men's 3m Springboard Preliminary,Preliminary,13 AUG 2010,B,4-6,Judge 2,J2,Pikturniene Ale LTU
30th LEN European Championships 2010 (Diving),budapest_2010_euro,Men's 3m Springboard Preliminary,Preliminary,13 AUG 2010,A,1-3,Judge 3,J3,Reznichenko Anatoliy UKR
30th LEN European Championships 2010 (Diving),budapest_2010_euro,Men's 3m Springboard Preliminary,Preliminary,13 AUG 2010,B,4-6,Judge 3,J3,Vinogradov Alexandr RUS
30th LEN European Championships 2010 (Diving),budapest_2010_euro,Men's 3m Springboard Preliminary,Preliminary,13 AUG 2010,A,1-3,Judge 4,J4,Kolic Natasa CRO
30th LEN European Championships 2010 (Diving),budapest_2010_euro,Men's 3m Springboard Preliminary,Preliminary,13 AUG 2010,B,4-6,Judge 4,J4,Axtelius Peter SWE
30th LEN European Championships 2010 (Diving),budapest_2010_euro,Men's 3m Springboard Preliminary,Preliminary,13 AUG 2010,A,1-3,Judge 5,J5,Matturi­Slotte Marja FIN
30th LEN European Championships 2010 (Diving),budapest_2010_euro,Men's 3m Springboard Preliminary,Preliminary,13 AUG 2010,B,4-6,Judge 5,J5,Wiernuk Anna POL
30th LEN European Championships 2010 (Diving),budapest_2010_euro,Men's 3m Springboard Preliminary,Preliminary,13 AUG 2010,A,1-3,Judge 6,J6,Touloudis Nikolaos GRE
30th LEN European Championships 2010 (Diving),budapest_2010_euro,Men's 3m Springboard Preliminary,Preliminary,13 AUG 2010,B,4-6,Judge 6,J6,Polazzo Marco Valerio ITA
30th LEN European Championships 2010 (Diving),budapest_2010_euro,Men's 3m Springboard Preliminary,Preliminary,13 AUG 2010,A,1-3,Judge 7,J7,Groden Haraldsen Inger NOR
30th LEN European Championships 2010 (Diving),budapest_2010_euro,Men's 3m Springboard Preliminary,Preliminary,13 AUG 2010,B,4-6,Judge 7,J7,Freeman Sally GBR
30th LEN European Championships 2010 (Diving),budapest_2010_euro,Men's 3m Springboard Final,Final,13 AUG 2010,A,1-6,Judge 1,J1,Axtelius Peter SWE
30th LEN European Championships 2010 (Diving),budapest_2010_euro,Men's 3m Springboard Final,Final,13 AUG 2010,B,1-6,Judge 5,J5,Matturi­Slotte Marja FIN
30th LEN European Championships 2010 (Diving),budapest_2010_euro,Men's 3m Springboard Final,Final,13 AUG 2010,A,1-6,Judge 2,J2,Ilies Daniela ROU
30th LEN European Championships 2010 (Diving),budapest_2010_euro,Men's 3m Springboard Final,Final,13 AUG 2010,B,1-6,Judge 6,J6,Groden Haraldsen Inger NOR
30th LEN European Championships 2010 (Diving),budapest_2010_euro,Men's 3m Springboard Final,Final,13 AUG 2010,A,1-6,Judge 3,J3,Touloudis Nikolaos GRE
30th LEN European Championships 2010 (Diving),budapest_2010_euro,Men's 3m Springboard Final,Final,13 AUG 2010,B,1-6,Judge 7,J7,Benyák András HUN
30th LEN European Championships 2010 (Diving),budapest_2010_euro,Men's 3m Springboard Final,Final,13 AUG 2010,single,1-6,Judge 4,J4,Freeman Sally GBR
30th LEN European Championships 2010 (Diving),budapest_2010_euro,Women's 3m Springboard Preliminary,Preliminary,14 AUG 2010,A,1-3,Judge 1,J1,Palomino Antonio ESP
30th LEN European Championships 2010 (Diving),budapest_2010_euro,Women's 3m Springboard Preliminary,Preliminary,14 AUG 2010,B,4-5,Judge 1,J1,Kolic Natasa CRO
30th LEN European Championships 2010 (Diving),budapest_2010_euro,Women's 3m Springboard Preliminary,Preliminary,14 AUG 2010,A,1-3,Judge 2,J2,Pikturniene Ale LTU
30th LEN European Championships 2010 (Diving),budapest_2010_euro,Women's 3m Springboard Preliminary,Preliminary,14 AUG 2010,B,4-5,Judge 2,J2,Touloudis Nikolaos GRE
30th LEN European Championships 2010 (Diving),budapest_2010_euro,Women's 3m Springboard Preliminary,Preliminary,14 AUG 2010,A,1-3,Judge 3,J3,Wierniuk Anna POL
30th LEN European Championships 2010 (Diving),budapest_2010_euro,Women's 3m Springboard Preliminary,Preliminary,14 AUG 2010,B,4-5,Judge 3,J3,Groden Haraldsen Inger NOR
30th LEN European Championships 2010 (Diving),budapest_2010_euro,Women's 3m Springboard Preliminary,Preliminary,14 AUG 2010,A,1-3,Judge 4,J4,Faber Marc NED
30th LEN European Championships 2010 (Diving),budapest_2010_euro,Women's 3m Springboard Preliminary,Preliminary,14 AUG 2010,B,4-5,Judge 4,J4,Ilies Daniela ROU
30th LEN European Championships 2010 (Diving),budapest_2010_euro,Women's 3m Springboard Preliminary,Preliminary,14 AUG 2010,A,1-3,Judge 5,J5,Polazzo Marco Valerio ITA
30th LEN European Championships 2010 (Diving),budapest_2010_euro,Women's 3m Springboard Preliminary,Preliminary,14 AUG 2010,B,4-5,Judge 5,J5,Khazemhempa Ludzmilla BLR
30th LEN European Championships 2010 (Diving),budapest_2010_euro,Women's 3m Springboard Preliminary,Preliminary,14 AUG 2010,A,1-3,Judge 6,J6,Alt Walter GER
30th LEN European Championships 2010 (Diving),budapest_2010_euro,Women's 3m Springboard Preliminary,Preliminary,14 AUG 2010,B,4-5,Judge 6,J6,Boussard Michel FRA
30th LEN European Championships 2010 (Diving),budapest_2010_euro,Women's 3m Springboard Preliminary,Preliminary,14 AUG 2010,A,1-3,Judge 7,J7,Matturi­Slotte Marja FIN
30th LEN European Championships 2010 (Diving),budapest_2010_euro,Women's 3m Springboard Preliminary,Preliminary,14 AUG 2010,B,4-5,Judge 7,J7,Freeman Sally GBR
30th LEN European Championships 2010 (Diving),budapest_2010_euro,Women's 3m Springboard Final,Final,14 AUG 2010,A,1-6,Judge 1,J1,Ilies Daniela ROU
30th LEN European Championships 2010 (Diving),budapest_2010_euro,Women's 3m Springboard Final,Final,14 AUG 2010,B,1-6,Judge 5,J5,Touloudis Nikolaos GRE
30th LEN European Championships 2010 (Diving),budapest_2010_euro,Women's 3m Springboard Final,Final,14 AUG 2010,A,1-6,Judge 2,J2,Wierniuk Anna POL
30th LEN European Championships 2010 (Diving),budapest_2010_euro,Women's 3m Springboard Final,Final,14 AUG 2010,B,1-6,Judge 6,J6,Boussard Michel FRA
30th LEN European Championships 2010 (Diving),budapest_2010_euro,Women's 3m Springboard Final,Final,14 AUG 2010,A,1-6,Judge 3,J3,Faber Marc NED
30th LEN European Championships 2010 (Diving),budapest_2010_euro,Women's 3m Springboard Final,Final,14 AUG 2010,B,1-6,Judge 7,J7,Palomino Antonio ESP
30th LEN European Championships 2010 (Diving),budapest_2010_euro,Women's 3m Springboard Final,Final,14 AUG 2010,single,1-6,Judge 4,J4,Pikturniene Ale LTU
30th LEN European Championships 2010 (Diving),budapest_2010_euro,Men's 10m Platform Preliminary,Preliminary,15 AUG 2010,A,1-3,Judge 1,J1,Faber Marc NED
30th LEN European Championships 2010 (Diving),budapest_2010_euro,Men's 10m Platform Preliminary,Preliminary,15 AUG 2010,B,4-6,Judge 1,J1,Reznichenko Anatoliy UKR
30th LEN European Championships 2010 (Diving),budapest_2010_euro,Men's 10m Platform Preliminary,Preliminary,15 AUG 2010,A,1-3,Judge 2,J2,Boussard Michel FRA
30th LEN European Championships 2010 (Diving),budapest_2010_euro,Men's 10m Platform Preliminary,Preliminary,15 AUG 2010,B,4-6,Judge 2,J2,Ilies Daniela ROU
30th LEN European Championships 2010 (Diving),budapest_2010_euro,Men's 10m Platform Preliminary,Preliminary,15 AUG 2010,A,1-3,Judge 3,J3,Benyák András HUN
30th LEN European Championships 2010 (Diving),budapest_2010_euro,Men's 10m Platform Preliminary,Preliminary,15 AUG 2010,B,4-6,Judge 3,J3,Palomino Antonio ESP
30th LEN European Championships 2010 (Diving),budapest_2010_euro,Men's 10m Platform Preliminary,Preliminary,15 AUG 2010,A,1-3,Judge 4,J4,Touloudis Nikolaos GRE
30th LEN European Championships 2010 (Diving),budapest_2010_euro,Men's 10m Platform Preliminary,Preliminary,15 AUG 2010,B,4-6,Judge 4,J4,Wierniuk Anna POL
30th LEN European Championships 2010 (Diving),budapest_2010_euro,Men's 10m Platform Preliminary,Preliminary,15 AUG 2010,A,1-3,Judge 5,J5,Axtelius Peter SWE
30th LEN European Championships 2010 (Diving),budapest_2010_euro,Men's 10m Platform Preliminary,Preliminary,15 AUG 2010,B,4-6,Judge 5,J5,Matturi­Slotte Marja FIN
30th LEN European Championships 2010 (Diving),budapest_2010_euro,Men's 10m Platform Preliminary,Preliminary,15 AUG 2010,A,1-3,Judge 6,J6,Alt Walter GER
30th LEN European Championships 2010 (Diving),budapest_2010_euro,Men's 10m Platform Preliminary,Preliminary,15 AUG 2010,B,4-6,Judge 6,J6,Freeman Sally GBR
30th LEN European Championships 2010 (Diving),budapest_2010_euro,Men's 10m Platform Preliminary,Preliminary,15 AUG 2010,A,1-3,Judge 7,J7,Vinogradov Alexandr RUS
30th LEN European Championships 2010 (Diving),budapest_2010_euro,Men's 10m Platform Preliminary,Preliminary,15 AUG 2010,B,4-6,Judge 7,J7,Polazzo Marco Valerio ITA
30th LEN European Championships 2010 (Diving),budapest_2010_euro,Men's 10m Platform Final,Final,15 AUG 2010,A,1-6,Judge 1,J1,Palomino Antonio ESP
30th LEN European Championships 2010 (Diving),budapest_2010_euro,Men's 10m Platform Final,Final,15 AUG 2010,B,1-6,Judge 5,J5,Pikturniene Ale LTU
30th LEN European Championships 2010 (Diving),budapest_2010_euro,Men's 10m Platform Final,Final,15 AUG 2010,A,1-6,Judge 2,J2,Boussard Michel FRA
30th LEN European Championships 2010 (Diving),budapest_2010_euro,Men's 10m Platform Final,Final,15 AUG 2010,B,1-6,Judge 6,J6,Faber Marc NED
30th LEN European Championships 2010 (Diving),budapest_2010_euro,Men's 10m Platform Final,Final,15 AUG 2010,A,1-6,Judge 3,J3,Touloudis Nikolaos GRE
30th LEN European Championships 2010 (Diving),budapest_2010_euro,Men's 10m Platform Final,Final,15 AUG 2010,B,1-6,Judge 7,J7,Wierniuk Anna POL
30th LEN European Championships 2010 (Diving),budapest_2010_euro,Men's 10m Platform Final,Final,15 AUG 2010,single,1-6,Judge 4,J4,Kugler Grete AUT
European Diving Championships,turin_2011_euro,Men's 1m Springboard Preliminary,Preliminary,9 MAR 2011,A,1-3,Judge 1,J1,PIKTURNIENEN Ale LTU
European Diving Championships,turin_2011_euro,Men's 1m Springboard Preliminary,Preliminary,9 MAR 2011,B,4-6,Judge 1,J1,KELEMEN Ildiko HUN
European Diving Championships,turin_2011_euro,Men's 1m Springboard Preliminary,Preliminary,9 MAR 2011,A,1-3,Judge 2,J2,PALAZZO Marco Valerio ITA
European Diving Championships,turin_2011_euro,Men's 1m Springboard Preliminary,Preliminary,9 MAR 2011,B,4-6,Judge 2,J2,KOMULAINEN Jari FIN
European Diving Championships,turin_2011_euro,Men's 1m Springboard Preliminary,Preliminary,9 MAR 2011,A,1-3,Judge 3,J3,VINOGRADOV Alexandr RUS
European Diving Championships,turin_2011_euro,Men's 1m Springboard Preliminary,Preliminary,9 MAR 2011,B,4-6,Judge 3,J3,ILIES Daniela ROU
European Diving Championships,turin_2011_euro,Men's 1m Springboard Preliminary,Preliminary,9 MAR 2011,A,1-3,Judge 4,J4,STRITT BURK Carmen SUI
European Diving Championships,turin_2011_euro,Men's 1m Springboard Preliminary,Preliminary,9 MAR 2011,B,4-6,Judge 4,J4,REZNICHENKO Anatoliy UKR
European Diving Championships,turin_2011_euro,Men's 1m Springboard Preliminary,Preliminary,9 MAR 2011,A,1-3,Judge 5,J5,BOUSSARD Michel FRA
European Diving Championships,turin_2011_euro,Men's 1m Springboard Preliminary,Preliminary,9 MAR 2011,B,4-6,Judge 5,J5,TELLEFSEN Arne NOR
European Diving Championships,turin_2011_euro,Men's 1m Springboard Preliminary,Preliminary,9 MAR 2011,A,1-3,Judge 6,J6,NARISHKIN Vladimir BLR
European Diving Championships,turin_2011_euro,Men's 1m Springboard Preliminary,Preliminary,9 MAR 2011,B,4-6,Judge 6,J6,AXTELIUS Peter SWE
European Diving Championships,turin_2011_euro,Men's 1m Springboard Preliminary,Preliminary,9 MAR 2011,A,1-3,Judge 7,J7,BAMBER Susan GBR
European Diving Championships,turin_2011_euro,Men's 1m Springboard Preliminary,Preliminary,9 MAR 2011,B,4-6,Judge 7,J7,KOZDRANSKY Andrey POL
European Diving Championships,turin_2011_euro,Men's 1m Springboard Final,Final,9 MAR 2011,A,1-6,Judge 1,J1,NOVOTNA Hana CZE
European Diving Championships,turin_2011_euro,Men's 1m Springboard Final,Final,9 MAR 2011,B,1-6,Judge 5,J5,KELEMEN Ildiko HUN
European Diving Championships,turin_2011_euro,Men's 1m Springboard Final,Final,9 MAR 2011,A,1-6,Judge 2,J2,PIKTURNIENEN Ale LTU
European Diving Championships,turin_2011_euro,Men's 1m Springboard Final,Final,9 MAR 2011,B,1-6,Judge 6,J6,NARISHKIN Vladimir BLR
European Diving Championships,turin_2011_euro,Men's 1m Springboard Final,Final,9 MAR 2011,A,1-6,Judge 3,J3,TELLEFSEN Arne NOR
European Diving Championships,turin_2011_euro,Men's 1m Springboard Final,Final,9 MAR 2011,B,1-6,Judge 7,J7,ILIES Daniela ROU
European Diving Championships,turin_2011_euro,Men's 1m Springboard Final,Final,9 MAR 2011,single,1-6,Judge 4,J4,BARTAIA Irakli GEO
European Diving Championships,turin_2011_euro,Women's 10m Platform Preliminary,Preliminary,9 MAR 2011,A,1-3,Judge 1,J1,TELLEFSEN Arne NOR
European Diving Championships,turin_2011_euro,Women's 10m Platform Preliminary,Preliminary,9 MAR 2011,B,4-5,Judge 1,J1,STRITT BURK Carmen SUI
European Diving Championships,turin_2011_euro,Women's 10m Platform Preliminary,Preliminary,9 MAR 2011,A,1-3,Judge 2,J2,BAMBER Susan GBR
European Diving Championships,turin_2011_euro,Women's 10m Platform Preliminary,Preliminary,9 MAR 2011,B,4-5,Judge 2,J2,NARISHKIN Vladimir BLR
European Diving Championships,turin_2011_euro,Women's 10m Platform Preliminary,Preliminary,9 MAR 2011,A,1-3,Judge 3,J3,REZNICHENKO Anatoliy UKR
European Diving Championships,turin_2011_euro,Women's 10m Platform Preliminary,Preliminary,9 MAR 2011,B,4-5,Judge 3,J3,BOUSSARD Michel FRA
European Diving Championships,turin_2011_euro,Women's 10m Platform Preliminary,Preliminary,9 MAR 2011,A,1-3,Judge 4,J4,NOVOTNA Hana CZE
European Diving Championships,turin_2011_euro,Women's 10m Platform Preliminary,Preliminary,9 MAR 2011,B,4-5,Judge 4,J4,BARTAIA Irakli GEO
European Diving Championships,turin_2011_euro,Women's 10m Platform Preliminary,Preliminary,9 MAR 2011,A,1-3,Judge 5,J5,BIMIS Thomas GRE
European Diving Championships,turin_2011_euro,Women's 10m Platform Preliminary,Preliminary,9 MAR 2011,B,4-5,Judge 5,J5,ALT Walter GER
European Diving Championships,turin_2011_euro,Women's 10m Platform Preliminary,Preliminary,9 MAR 2011,A,1-3,Judge 6,J6,KOMULAINEN Jari FIN
European Diving Championships,turin_2011_euro,Women's 10m Platform Preliminary,Preliminary,9 MAR 2011,B,4-5,Judge 6,J6,AXTELIUS Peter SWE
European Diving Championships,turin_2011_euro,Women's 10m Platform Preliminary,Preliminary,9 MAR 2011,A,1-3,Judge 7,J7,MASSENZ Sara ITA
European Diving Championships,turin_2011_euro,Women's 10m Platform Preliminary,Preliminary,9 MAR 2011,B,4-5,Judge 7,J7,VINOGRADOV Alexandr RUS
European Diving Championships,turin_2011_euro,Women's 10m Platform Final,Final,9 MAR 2011,A,1-6,Judge 1,J1,STRITT BURK Carmen SUI
European Diving Championships,turin_2011_euro,Women's 10m Platform Final,Final,9 MAR 2011,B,1-6,Judge 5,J5,BIMIS Thomas GRE
European Diving Championships,turin_2011_euro,Women's 10m Platform Final,Final,9 MAR 2011,A,1-6,Judge 2,J2,TELLEFSEN Arne NOR
European Diving Championships,turin_2011_euro,Women's 10m Platform Final,Final,9 MAR 2011,B,1-6,Judge 6,J6,AXTELIUS Peter SWE
European Diving Championships,turin_2011_euro,Women's 10m Platform Final,Final,9 MAR 2011,A,1-6,Judge 3,J3,NOVOTNA Hana CZE
European Diving Championships,turin_2011_euro,Women's 10m Platform Final,Final,9 MAR 2011,B,1-6,Judge 7,J7,KELEMEN Ildiko HUN
European Diving Championships,turin_2011_euro,Women's 10m Platform Final,Final,9 MAR 2011,single,1-6,Judge 4,J4,NARISHKIN Vladimir BLR
European Diving Championships,turin_2011_euro,Men's 3m Springboard Preliminary,Preliminary,10 MAR 2011,A,1-3,Judge 1,J1,BOUSSARD Michel FRA
European Diving Championships,turin_2011_euro,Men's 3m Springboard Preliminary,Preliminary,10 MAR 2011,B,4-6,Judge 1,J1,TELLEFSEN Arne NOR
European Diving Championships,turin_2011_euro,Men's 3m Springboard Preliminary,Preliminary,10 MAR 2011,A,1-3,Judge 2,J2,ALT Walter GER
European Diving Championships,turin_2011_euro,Men's 3m Springboard Preliminary,Preliminary,10 MAR 2011,B,4-6,Judge 2,J2,POLAZZO Marco Valerio ITA
European Diving Championships,turin_2011_euro,Men's 3m Springboard Preliminary,Preliminary,10 MAR 2011,A,1-3,Judge 3,J3,PIKTURNIENEN Ale LTU
European Diving Championships,turin_2011_euro,Men's 3m Springboard Preliminary,Preliminary,10 MAR 2011,B,4-6,Judge 3,J3,KOZDRANSKY Andrey POL
European Diving Championships,turin_2011_euro,Men's 3m Springboard Preliminary,Preliminary,10 MAR 2011,A,1-3,Judge 4,J4,KELEMEN Ildiko HUN
European Diving Championships,turin_2011_euro,Men's 3m Springboard Preliminary,Preliminary,10 MAR 2011,B,4-6,Judge 4,J4,KOMULAINEN Jari FIN
European Diving Championships,turin_2011_euro,Men's 3m Springboard Preliminary,Preliminary,10 MAR 2011,A,1-3,Judge 5,J5,BAMBER Susan GBR
European Diving Championships,turin_2011_euro,Men's 3m Springboard Preliminary,Preliminary,10 MAR 2011,B,4-6,Judge 5,J5,VINOGRADOV Alexandr RUS
European Diving Championships,turin_2011_euro,Men's 3m Springboard Preliminary,Preliminary,10 MAR 2011,A,1-3,Judge 6,J6,NARISHKIN Vladimir BLR
European Diving Championships,turin_2011_euro,Men's 3m Springboard Preliminary,Preliminary,10 MAR 2011,B,4-6,Judge 6,J6,BIMIS Thomas GRE
European Diving Championships,turin_2011_euro,Men's 3m Springboard Preliminary,Preliminary,10 MAR 2011,A,1-3,Judge 7,J7,AXTELIUS Peter SWE
European Diving Championships,turin_2011_euro,Men's 3m Springboard Preliminary,Preliminary,10 MAR 2011,B,4-6,Judge 7,J7,VAN DER VOORT Ronald NED
European Diving Championships,turin_2011_euro,Men's 3m Springboard Final,Final,10 MAR 2011,A,1-6,Judge 1,J1,AXTELIUS Peter SWE
European Diving Championships,turin_2011_euro,Men's 3m Springboard Final,Final,10 MAR 2011,B,1-6,Judge 5,J5,STRITT BURK Carmen SUI
European Diving Championships,turin_2011_euro,Men's 3m Springboard Final,Final,10 MAR 2011,A,1-6,Judge 2,J2,BARTAIA Irakli GEO
European Diving Championships,turin_2011_euro,Men's 3m Springboard Final,Final,10 MAR 2011,B,1-6,Judge 6,J6,KELEMEN Ildiko HUN
European Diving Championships,turin_2011_euro,Men's 3m Springboard Final,Final,10 MAR 2011,A,1-6,Judge 3,J3,BAMBER Susan GBR
European Diving Championships,turin_2011_euro,Men's 3m Springboard Final,Final,10 MAR 2011,B,1-6,Judge 7,J7,NARISHKIN Vladimir BLR
European Diving Championships,turin_2011_euro,Men's 3m Springboard Final,Final,10 MAR 2011,single,1-6,Judge 4,J4,VAN DER VOORT Ronald NED
European Diving Championships,turin_2011_euro,Women's 1m Springboard Preliminary,Preliminary,11 MAR 2011,A,1-3,Judge 1,J1,NOVOTNA Hana CZE
European Diving Championships,turin_2011_euro,Women's 1m Springboard Preliminary,Preliminary,11 MAR 2011,B,4-5,Judge 1,J1,KOMULAINEN Jari FIN
European Diving Championships,turin_2011_euro,Women's 1m Springboard Preliminary,Preliminary,11 MAR 2011,A,1-3,Judge 2,J2,BARTAIA Irakli GEO
European Diving Championships,turin_2011_euro,Women's 1m Springboard Preliminary,Preliminary,11 MAR 2011,B,4-5,Judge 2,J2,ALT Walter GER
European Diving Championships,turin_2011_euro,Women's 1m Springboard Preliminary,Preliminary,11 MAR 2011,A,1-3,Judge 3,J3,BAMBER Susan GBR
European Diving Championships,turin_2011_euro,Women's 1m Springboard Preliminary,Preliminary,11 MAR 2011,B,4-5,Judge 3,J3,NARISHKIN Vladimir BLR
European Diving Championships,turin_2011_euro,Women's 1m Springboard Preliminary,Preliminary,11 MAR 2011,A,1-3,Judge 4,J4,PIKTURNIENEN Ale LTU
European Diving Championships,turin_2011_euro,Women's 1m Springboard Preliminary,Preliminary,11 MAR 2011,B,4-5,Judge 4,J4,TELLEFSEN Arne NOR
European Diving Championships,turin_2011_euro,Women's 1m Springboard Preliminary,Preliminary,11 MAR 2011,A,1-3,Judge 5,J5,ILIES Daniela ROU
European Diving Championships,turin_2011_euro,Women's 1m Springboard Preliminary,Preliminary,11 MAR 2011,B,4-5,Judge 5,J5,AXTELIUS Peter SWE
European Diving Championships,turin_2011_euro,Women's 1m Springboard Preliminary,Preliminary,11 MAR 2011,A,1-3,Judge 6,J6,VINOGRADOV Alexandr RUS
European Diving Championships,turin_2011_euro,Women's 1m Springboard Preliminary,Preliminary,11 MAR 2011,B,4-5,Judge 6,J6,MASSENZ Sara ITA
European Diving Championships,turin_2011_euro,Women's 1m Springboard Preliminary,Preliminary,11 MAR 2011,A,1-3,Judge 7,J7,STRITT BURK Carmen SUI
European Diving Championships,turin_2011_euro,Women's 1m Springboard Preliminary,Preliminary,11 MAR 2011,B,4-5,Judge 7,J7,REZNICHENKO Anatoliy UKR
European Diving Championships,turin_2011_euro,Women's 1m Springboard Final,Final,11 MAR 2011,A,1-6,Judge 1,J1,NOVOTNA Hana CZE
European Diving Championships,turin_2011_euro,Women's 1m Springboard Final,Final,11 MAR 2011,B,1-6,Judge 5,J5,BAMBER Susan GBR
European Diving Championships,turin_2011_euro,Women's 1m Springboard Final,Final,11 MAR 2011,A,1-6,Judge 2,J2,NARISHKIN Vladimir BLR
European Diving Championships,turin_2011_euro,Women's 1m Springboard Final,Final,11 MAR 2011,B,1-6,Judge 6,J6,TELLEFSEN Arne NOR
European Diving Championships,turin_2011_euro,Women's 1m Springboard Final,Final,11 MAR 2011,A,1-6,Judge 3,J3,BIMIS Thomas GRE
European Diving Championships,turin_2011_euro,Women's 1m Springboard Final,Final,11 MAR 2011,B,1-6,Judge 7,J7,ILIES Daniela ROU
European Diving Championships,turin_2011_euro,Women's 1m Springboard Final,Final,11 MAR 2011,single,1-6,Judge 4,J4,STRITT BURK Carmen SUI
European Diving Championships,turin_2011_euro,Women's 3m Springboard Preliminary,Preliminary,12 MAR 2011,A,1-3,Judge 1,J1,BOUSSARD Michel FRA
European Diving Championships,turin_2011_euro,Women's 3m Springboard Preliminary,Preliminary,12 MAR 2011,B,4-5,Judge 1,J1,BAMBER Susan GBR
European Diving Championships,turin_2011_euro,Women's 3m Springboard Preliminary,Preliminary,12 MAR 2011,A,1-3,Judge 2,J2,KOZDRANSKY Andrey POL
European Diving Championships,turin_2011_euro,Women's 3m Springboard Preliminary,Preliminary,12 MAR 2011,B,4-5,Judge 2,J2,KOMULAINEN Jari FIN
European Diving Championships,turin_2011_euro,Women's 3m Springboard Preliminary,Preliminary,12 MAR 2011,A,1-3,Judge 3,J3,ALT Walter GER
European Diving Championships,turin_2011_euro,Women's 3m Springboard Preliminary,Preliminary,12 MAR 2011,B,4-5,Judge 3,J3,NARISHKIN Vladimir BLR
European Diving Championships,turin_2011_euro,Women's 3m Springboard Preliminary,Preliminary,12 MAR 2011,A,1-3,Judge 4,J4,REZNICHENKO Anatoliy UKR
European Diving Championships,turin_2011_euro,Women's 3m Springboard Preliminary,Preliminary,12 MAR 2011,B,4-5,Judge 4,J4,ILIES Daniela ROU
European Diving Championships,turin_2011_euro,Women's 3m Springboard Preliminary,Preliminary,12 MAR 2011,A,1-3,Judge 5,J5,MASSENZ Sara ITA
European Diving Championships,turin_2011_euro,Women's 3m Springboard Preliminary,Preliminary,12 MAR 2011,B,4-5,Judge 5,J5,BIMIS Thomas GRE
European Diving Championships,turin_2011_euro,Women's 3m Springboard Preliminary,Preliminary,12 MAR 2011,A,1-3,Judge 6,J6,TELLEFSEN Arne NOR
European Diving Championships,turin_2011_euro,Women's 3m Springboard Preliminary,Preliminary,12 MAR 2011,B,4-5,Judge 6,J6,NOVOTNA Hana CZE
European Diving Championships,turin_2011_euro,Women's 3m Springboard Preliminary,Preliminary,12 MAR 2011,A,1-3,Judge 7,J7,BARTAIA Irakli GEO
European Diving Championships,turin_2011_euro,Women's 3m Springboard Preliminary,Preliminary,12 MAR 2011,B,4-5,Judge 7,J7,VINOGRADOV Alexandr RUS
European Diving Championships,turin_2011_euro,Women's 3m Springboard Final,Final,12 MAR 2011,A,1-6,Judge 1,J1,KOZDRANSKY Andrey POL
European Diving Championships,turin_2011_euro,Women's 3m Springboard Final,Final,12 MAR 2011,B,1-6,Judge 5,J5,VAN DER VOORT Ronald NED
European Diving Championships,turin_2011_euro,Women's 3m Springboard Final,Final,12 MAR 2011,A,1-6,Judge 2,J2,TELLEFSEN Arne NOR
European Diving Championships,turin_2011_euro,Women's 3m Springboard Final,Final,12 MAR 2011,B,1-6,Judge 6,J6,STRITT BURK Carmen SUI
European Diving Championships,turin_2011_euro,Women's 3m Springboard Final,Final,12 MAR 2011,A,1-6,Judge 3,J3,BARTAIA Irakli GEO
European Diving Championships,turin_2011_euro,Women's 3m Springboard Final,Final,12 MAR 2011,B,1-6,Judge 7,J7,BIMIS Thomas GRE
European Diving Championships,turin_2011_euro,Women's 3m Springboard Final,Final,12 MAR 2011,single,1-6,Judge 4,J4,NOVOTNA Hana CZE
European Diving Championships,turin_2011_euro,Men's 10m Platform Preliminary,Preliminary,13 MAR 2011,A,1-3,Judge 1,J1,KOMULAINEN Jari FIN
European Diving Championships,turin_2011_euro,Men's 10m Platform Preliminary,Preliminary,13 MAR 2011,B,4-6,Judge 1,J1,ALT Walter GER
European Diving Championships,turin_2011_euro,Men's 10m Platform Preliminary,Preliminary,13 MAR 2011,A,1-3,Judge 2,J2,POLAZZO Marco Valerio ITA
European Diving Championships,turin_2011_euro,Men's 10m Platform Preliminary,Preliminary,13 MAR 2011,B,4-6,Judge 2,J2,NARISHKIN Vladimir BLR
European Diving Championships,turin_2011_euro,Men's 10m Platform Preliminary,Preliminary,13 MAR 2011,A,1-3,Judge 3,J3,BAMBER Susan GBR
European Diving Championships,turin_2011_euro,Men's 10m Platform Preliminary,Preliminary,13 MAR 2011,B,4-6,Judge 3,J3,BOUSSARD Michel FRA
European Diving Championships,turin_2011_euro,Men's 10m Platform Preliminary,Preliminary,13 MAR 2011,A,1-3,Judge 4,J4,KOZDRANSKY Andrey POL
European Diving Championships,turin_2011_euro,Men's 10m Platform Preliminary,Preliminary,13 MAR 2011,B,4-6,Judge 4,J4,KELEMEN Ildiko HUN
European Diving Championships,turin_2011_euro,Men's 10m Platform Preliminary,Preliminary,13 MAR 2011,A,1-3,Judge 5,J5,TELLEFSEN Arne NOR
European Diving Championships,turin_2011_euro,Men's 10m Platform Preliminary,Preliminary,13 MAR 2011,B,4-6,Judge 5,J5,VINOGRADOV Alexandr RUS
European Diving Championships,turin_2011_euro,Men's 10m Platform Preliminary,Preliminary,13 MAR 2011,A,1-3,Judge 6,J6,PIKTURNIENEN Ale LTU
European Diving Championships,turin_2011_euro,Men's 10m Platform Preliminary,Preliminary,13 MAR 2011,B,4-6,Judge 6,J6,VAN DER VOORT Ronald NED
European Diving Championships,turin_2011_euro,Men's 10m Platform Preliminary,Preliminary,13 MAR 2011,A,1-3,Judge 7,J7,ILIES Daniela ROU
European Diving Championships,turin_2011_euro,Men's 10m Platform Preliminary,Preliminary,13 MAR 2011,B,4-6,Judge 7,J7,BIMIS Thomas GRE
European Diving Championships,turin_2011_euro,Men's 10m Platform Final,Final,13 MAR 2011,A,1-6,Judge 1,J1,KOMULAINEN Jari FIN
European Diving Championships,turin_2011_euro,Men's 10m Platform Final,Final,13 MAR 2011,B,1-6,Judge 5,J5,VAN DER VOORT Ronald NED
European Diving Championships,turin_2011_euro,Men's 10m Platform Final,Final,13 MAR 2011,A,1-6,Judge 2,J2,KOZDRANSKY Andrey POL
European Diving Championships,turin_2011_euro,Men's 10m Platform Final,Final,13 MAR 2011,B,1-6,Judge 6,J6,PIKTURNIENEN Ale LTU
European Diving Championships,turin_2011_euro,Men's 10m Platform Final,Final,13 MAR 2011,A,1-6,Judge 3,J3,KELEMEN Ildiko HUN
European Diving Championships,turin_2011_euro,Men's 10m Platform Final,Final,13 MAR 2011,B,1-6,Judge 7,J7,BIMIS Thomas GRE
European Diving Championships,turin_2011_euro,Men's 10m Platform Final,Final,13 MAR 2011,single,1-6,Judge 4,J4,GEISSBUHLER Michael SUI
14th FINA World Championships 2011 (Diving),shanghai_2011_wch,Men's 1m Springboard Preliminary,Preliminary,16 JUL 2011,A,1-6,Judge 1,J1,RIOS Maria Cristina COL
14th FINA World Championships 2011 (Diving),shanghai_2011_wch,Men's 1m Springboard Preliminary,Preliminary,16 JUL 2011,B,1-6,Judge 1,J1,KELEMEN Ildiko HUN
14th FINA World Championships 2011 (Diving),shanghai_2011_wch,Men's 1m Springboard Preliminary,Preliminary,16 JUL 2011,A,1-6,Judge 2,J2,LANG Rao CHN
14th FINA World Championships 2011 (Diving),shanghai_2011_wch,Men's 1m Springboard Preliminary,Preliminary,16 JUL 2011,B,1-6,Judge 2,J2,HASSAN Mohammed EGY
14th FINA World Championships 2011 (Diving),shanghai_2011_wch,Men's 1m Springboard Preliminary,Preliminary,16 JUL 2011,A,1-6,Judge 3,J3,NOVOTNA Hana CZE
14th FINA World Championships 2011 (Diving),shanghai_2011_wch,Men's 1m Springboard Preliminary,Preliminary,16 JUL 2011,B,1-6,Judge 3,J3,TELLEFSEN Arne NOR
14th FINA World Championships 2011 (Diving),shanghai_2011_wch,Men's 1m Springboard Preliminary,Preliminary,16 JUL 2011,A,1-6,Judge 4,J4,GONCALVES Roberto BRA
14th FINA World Championships 2011 (Diving),shanghai_2011_wch,Men's 1m Springboard Preliminary,Preliminary,16 JUL 2011,B,1-6,Judge 4,J4,DURAN Ricardo CHI
14th FINA World Championships 2011 (Diving),shanghai_2011_wch,Men's 1m Springboard Preliminary,Preliminary,16 JUL 2011,A,1-6,Judge 5,J5,FABER Marc NED
14th FINA World Championships 2011 (Diving),shanghai_2011_wch,Men's 1m Springboard Preliminary,Preliminary,16 JUL 2011,B,1-6,Judge 5,J5,SAGE Chris GBR
14th FINA World Championships 2011 (Diving),shanghai_2011_wch,Men's 1m Springboard Preliminary,Preliminary,16 JUL 2011,A,1-6,Judge 6,J6,BANUELOS Ricardo MEX
14th FINA World Championships 2011 (Diving),shanghai_2011_wch,Men's 1m Springboard Preliminary,Preliminary,16 JUL 2011,B,1-6,Judge 6,J6,PEDREGUERA Rolando CUB
14th FINA World Championships 2011 (Diving),shanghai_2011_wch,Men's 1m Springboard Preliminary,Preliminary,16 JUL 2011,A,1-6,Judge 7,J7,VINOGRADOV Alexandr RUS
14th FINA World Championships 2011 (Diving),shanghai_2011_wch,Men's 1m Springboard Preliminary,Preliminary,16 JUL 2011,B,1-6,Judge 7,J7,TOULOUDIS Nikolaos GRE
14th FINA World Championships 2011 (Diving),shanghai_2011_wch,Women's 1m Springboard Preliminary,Preliminary,17 JUL 2011,A,1-6,Judge 1,J1,RIOS Maria Cristina COL
14th FINA World Championships 2011 (Diving),shanghai_2011_wch,Women's 1m Springboard Preliminary,Preliminary,17 JUL 2011,B,1-6,Judge 1,J1,DURAN Ricardo CHI
14th FINA World Championships 2011 (Diving),shanghai_2011_wch,Women's 1m Springboard Preliminary,Preliminary,17 JUL 2011,A,1-6,Judge 2,J2,BOUSSARD Michel FRA
14th FINA World Championships 2011 (Diving),shanghai_2011_wch,Women's 1m Springboard Preliminary,Preliminary,17 JUL 2011,B,1-6,Judge 2,J2,SAGE Chris GBR
14th FINA World Championships 2011 (Diving),shanghai_2011_wch,Women's 1m Springboard Preliminary,Preliminary,17 JUL 2011,A,1-6,Judge 3,J3,HASSAN Mohammed EGY
14th FINA World Championships 2011 (Diving),shanghai_2011_wch,Women's 1m Springboard Preliminary,Preliminary,17 JUL 2011,B,1-6,Judge 3,J3,BROOKER Eric AUS
14th FINA World Championships 2011 (Diving),shanghai_2011_wch,Women's 1m Springboard Preliminary,Preliminary,17 JUL 2011,A,1-6,Judge 4,J4,SOROKINA Anna UKR
14th FINA World Championships 2011 (Diving),shanghai_2011_wch,Women's 1m Springboard Preliminary,Preliminary,17 JUL 2011,B,1-6,Judge 4,J4,VINOGRADOV Alexandr RUS
14th FINA World Championships 2011 (Diving),shanghai_2011_wch,Women's 1m Springboard Preliminary,Preliminary,17 JUL 2011,A,1-6,Judge 5,J5,MANZONI Renato ITA
14th FINA World Championships 2011 (Diving),shanghai_2011_wch,Women's 1m Springboard Preliminary,Preliminary,17 JUL 2011,B,1-6,Judge 5,J5,TOULOUDIS Nikolaos GRE
14th FINA World Championships 2011 (Diving),shanghai_2011_wch,Women's 1m Springboard Preliminary,Preliminary,17 JUL 2011,A,1-6,Judge 6,J6,SEUFFERT­SHOLTIS USA
14th FINA World Championships 2011 (Diving),shanghai_2011_wch,Women's 1m Springboard Preliminary,Preliminary,17 JUL 2011,B,1-6,Judge 6,J6,BRAWLEY Nancy CAN
14th FINA World Championships 2011 (Diving),shanghai_2011_wch,Women's 1m Springboard Preliminary,Preliminary,17 JUL 2011,A,1-6,Judge 7,J7,TELLEFSEN Arne NOR
14th FINA World Championships 2011 (Diving),shanghai_2011_wch,Women's 1m Springboard Preliminary,Preliminary,17 JUL 2011,B,1-6,Judge 7,J7,DIETRICH Monika GER
14th FINA World Championships 2011 (Diving),shanghai_2011_wch,Men's 1m Springboard Final,Final,18 JUL 2011,A,1-6,Judge 1,J1,MANZONI Renato ITA
14th FINA World Championships 2011 (Diving),shanghai_2011_wch,Men's 1m Springboard Final,Final,18 JUL 2011,B,1-6,Judge 5,J5,GONCALVES Roberto BRA
14th FINA World Championships 2011 (Diving),shanghai_2011_wch,Men's 1m Springboard Final,Final,18 JUL 2011,A,1-6,Judge 2,J2,BROOKER Eric AUS
14th FINA World Championships 2011 (Diving),shanghai_2011_wch,Men's 1m Springboard Final,Final,18 JUL 2011,B,1-6,Judge 6,J6,HASSAN Mohammed EGY
14th FINA World Championships 2011 (Diving),shanghai_2011_wch,Men's 1m Springboard Final,Final,18 JUL 2011,A,1-6,Judge 3,J3,PEDREGUERA Rolando CUB
14th FINA World Championships 2011 (Diving),shanghai_2011_wch,Men's 1m Springboard Final,Final,18 JUL 2011,B,1-6,Judge 7,J7,SOROKINA Anna UKR
14th FINA World Championships 2011 (Diving),shanghai_2011_wch,Men's 1m Springboard Final,Final,18 JUL 2011,single,1-6,Judge 4,J4,TOULOUDIS Nikolaos GRE
14th FINA World Championships 2011 (Diving),shanghai_2011_wch,Women's 1m Springboard Final,Final,19 JUL 2011,A,1-6,Judge 1,J1,DIETRICH Monika GER
14th FINA World Championships 2011 (Diving),shanghai_2011_wch,Women's 1m Springboard Final,Final,19 JUL 2011,B,1-6,Judge 5,J5,BOUSSARD Michel FRA
14th FINA World Championships 2011 (Diving),shanghai_2011_wch,Women's 1m Springboard Final,Final,19 JUL 2011,A,1-6,Judge 2,J2,BRAWLEY Nancy CAN
14th FINA World Championships 2011 (Diving),shanghai_2011_wch,Women's 1m Springboard Final,Final,19 JUL 2011,B,1-6,Judge 6,J6,HASSAN Mohammed EGY
14th FINA World Championships 2011 (Diving),shanghai_2011_wch,Women's 1m Springboard Final,Final,19 JUL 2011,A,1-6,Judge 3,J3,SAGE Chris GBR
14th FINA World Championships 2011 (Diving),shanghai_2011_wch,Women's 1m Springboard Final,Final,19 JUL 2011,B,1-6,Judge 7,J7,TOULOUDIS Nikolaos GRE
14th FINA World Championships 2011 (Diving),shanghai_2011_wch,Women's 1m Springboard Final,Final,19 JUL 2011,single,1-6,Judge 4,J4,BANUELOS Ricardo MEX
14th FINA World Championships 2011 (Diving),shanghai_2011_wch,Women's 10m Platform Preliminary,Preliminary,20 JUL 2011,A,1-6,Judge 1,J1,PEDREGUERA Rolando CUB
14th FINA World Championships 2011 (Diving),shanghai_2011_wch,Women's 10m Platform Preliminary,Preliminary,20 JUL 2011,B,1-6,Judge 1,J1,GONCALVES Roberto BRA
14th FINA World Championships 2011 (Diving),shanghai_2011_wch,Women's 10m Platform Preliminary,Preliminary,20 JUL 2011,A,1-6,Judge 2,J2,BROOKER Eric AUS
14th FINA World Championships 2011 (Diving),shanghai_2011_wch,Women's 10m Platform Preliminary,Preliminary,20 JUL 2011,B,1-6,Judge 2,J2,SOROKINA Anna UKR
14th FINA World Championships 2011 (Diving),shanghai_2011_wch,Women's 10m Platform Preliminary,Preliminary,20 JUL 2011,A,1-6,Judge 3,J3,BOUSSARD Michel FRA
14th FINA World Championships 2011 (Diving),shanghai_2011_wch,Women's 10m Platform Preliminary,Preliminary,20 JUL 2011,B,1-6,Judge 3,J3,DIETRICH Monika GER
14th FINA World Championships 2011 (Diving),shanghai_2011_wch,Women's 10m Platform Preliminary,Preliminary,20 JUL 2011,A,1-6,Judge 4,J4,LANG Rao CHN
14th FINA World Championships 2011 (Diving),shanghai_2011_wch,Women's 10m Platform Preliminary,Preliminary,20 JUL 2011,B,1-6,Judge 4,J4,BANUELOS Ricardo MEX
14th FINA World Championships 2011 (Diving),shanghai_2011_wch,Women's 10m Platform Preliminary,Preliminary,20 JUL 2011,A,1-6,Judge 5,J5,KELEMEN Ildiko HUN
14th FINA World Championships 2011 (Diving),shanghai_2011_wch,Women's 10m Platform Preliminary,Preliminary,20 JUL 2011,B,1-6,Judge 5,J5,MANZONI Renato ITA
14th FINA World Championships 2011 (Diving),shanghai_2011_wch,Women's 10m Platform Preliminary,Preliminary,20 JUL 2011,A,1-6,Judge 6,J6,BRAWLEY Nancy CAN
14th FINA World Championships 2011 (Diving),shanghai_2011_wch,Women's 10m Platform Preliminary,Preliminary,20 JUL 2011,B,1-6,Judge 6,J6,SEUFFERT­SHOLTIS USA
14th FINA World Championships 2011 (Diving),shanghai_2011_wch,Women's 10m Platform Preliminary,Preliminary,20 JUL 2011,A,1-6,Judge 7,J7,NOVOTNA Hana CZE
14th FINA World Championships 2011 (Diving),shanghai_2011_wch,Women's 10m Platform Preliminary,Preliminary,20 JUL 2011,B,1-6,Judge 7,J7,FABER Marc NED
14th FINA World Championships 2011 (Diving),shanghai_2011_wch,Women's 10m Platform Semifinal,Semifinal,20 JUL 2011,A,1-6,Judge 1,J1,HASSAN Mohammed EGY
14th FINA World Championships 2011 (Diving),shanghai_2011_wch,Women's 10m Platform Semifinal,Semifinal,20 JUL 2011,B,1-6,Judge 5,J5,KELEMEN Ildiko HUN
14th FINA World Championships 2011 (Diving),shanghai_2011_wch,Women's 10m Platform Semifinal,Semifinal,20 JUL 2011,A,1-6,Judge 2,J2,MANZONI Renato ITA
14th FINA World Championships 2011 (Diving),shanghai_2011_wch,Women's 10m Platform Semifinal,Semifinal,20 JUL 2011,B,1-6,Judge 6,J6,FABER Marc NED
14th FINA World Championships 2011 (Diving),shanghai_2011_wch,Women's 10m Platform Semifinal,Semifinal,20 JUL 2011,A,1-6,Judge 3,J3,PEDREGUERA Rolando CUB
14th FINA World Championships 2011 (Diving),shanghai_2011_wch,Women's 10m Platform Semifinal,Semifinal,20 JUL 2011,B,1-6,Judge 7,J7,RIOS Maria Cristina COL
14th FINA World Championships 2011 (Diving),shanghai_2011_wch,Women's 10m Platform Semifinal,Semifinal,20 JUL 2011,single,1-6,Judge 4,J4,BOUSSARD Michel FRA
14th FINA World Championships 2011 (Diving),shanghai_2011_wch,Women's 10m Platform Final,Final,21 JUL 2011,A,1-6,Judge 1,J1,MANZONI Renato ITA
14th FINA World Championships 2011 (Diving),shanghai_2011_wch,Women's 10m Platform Final,Final,21 JUL 2011,B,1-6,Judge 5,J5,TELLEFSEN Arne NOR
14th FINA World Championships 2011 (Diving),shanghai_2011_wch,Women's 10m Platform Final,Final,21 JUL 2011,A,1-6,Judge 2,J2,RIOS Maria Cristina COL
14th FINA World Championships 2011 (Diving),shanghai_2011_wch,Women's 10m Platform Final,Final,21 JUL 2011,B,1-6,Judge 6,J6,PEDREGUERA Rolando CUB
14th FINA World Championships 2011 (Diving),shanghai_2011_wch,Women's 10m Platform Final,Final,21 JUL 2011,A,1-6,Judge 3,J3,NOVOTNA Hana CZE
14th FINA World Championships 2011 (Diving),shanghai_2011_wch,Women's 10m Platform Final,Final,21 JUL 2011,B,1-6,Judge 7,J7,FABER Marc NED
14th FINA World Championships 2011 (Diving),shanghai_2011_wch,Women's 10m Platform Final,Final,21 JUL 2011,single,1-6,Judge 4,J4,HASSAN Mohammed EGY
14th FINA World Championships 2011 (Diving),shanghai_2011_wch,Men's 3m Springboard Preliminary,Preliminary,21 JUL 2011,A,1-6,Judge 1,J1,BRAWLEY Nancy CAN
14th FINA World Championships 2011 (Diving),shanghai_2011_wch,Men's 3m Springboard Preliminary,Preliminary,21 JUL 2011,B,1-6,Judge 1,J1,RIOS Maria Cristina COL
14th FINA World Championships 2011 (Diving),shanghai_2011_wch,Men's 3m Springboard Preliminary,Preliminary,21 JUL 2011,A,1-6,Judge 2,J2,LANG Rao CHN
14th FINA World Championships 2011 (Diving),shanghai_2011_wch,Men's 3m Springboard Preliminary,Preliminary,21 JUL 2011,B,1-6,Judge 2,J2,BROOKER Eric AUS
14th FINA World Championships 2011 (Diving),shanghai_2011_wch,Men's 3m Springboard Preliminary,Preliminary,21 JUL 2011,A,1-6,Judge 3,J3,VINOGRADOV Alexandr RUS
14th FINA World Championships 2011 (Diving),shanghai_2011_wch,Men's 3m Springboard Preliminary,Preliminary,21 JUL 2011,B,1-6,Judge 3,J3,TELLEFSEN Arne NOR
14th FINA World Championships 2011 (Diving),shanghai_2011_wch,Men's 3m Springboard Preliminary,Preliminary,21 JUL 2011,A,1-6,Judge 4,J4,NG DE ROSARIO Sio Wa MAC
14th FINA World Championships 2011 (Diving),shanghai_2011_wch,Men's 3m Springboard Preliminary,Preliminary,21 JUL 2011,B,1-6,Judge 4,J4,SEUFFERT­SHOLTIS USA
14th FINA World Championships 2011 (Diving),shanghai_2011_wch,Men's 3m Springboard Preliminary,Preliminary,21 JUL 2011,A,1-6,Judge 5,J5,FABER Marc NED
14th FINA World Championships 2011 (Diving),shanghai_2011_wch,Men's 3m Springboard Preliminary,Preliminary,21 JUL 2011,B,1-6,Judge 5,J5,SAGE Chris GBR
14th FINA World Championships 2011 (Diving),shanghai_2011_wch,Men's 3m Springboard Preliminary,Preliminary,21 JUL 2011,A,1-6,Judge 6,J6,PEDREGUERA Rolando CUB
14th FINA World Championships 2011 (Diving),shanghai_2011_wch,Men's 3m Springboard Preliminary,Preliminary,21 JUL 2011,B,1-6,Judge 6,J6,BANUELOS Ricardo MEX
14th FINA World Championships 2011 (Diving),shanghai_2011_wch,Men's 3m Springboard Preliminary,Preliminary,21 JUL 2011,A,1-6,Judge 7,J7,TOULOUDIS Nikolaos GRE
14th FINA World Championships 2011 (Diving),shanghai_2011_wch,Men's 3m Springboard Preliminary,Preliminary,21 JUL 2011,B,1-6,Judge 7,J7,DIETRICH Monika GER
14th FINA World Championships 2011 (Diving),shanghai_2011_wch,Men's 3m Springboard Semifinal,Semifinal,21 JUL 2011,A,1-6,Judge 1,J1,KELEMEN Ildiko HUN
14th FINA World Championships 2011 (Diving),shanghai_2011_wch,Men's 3m Springboard Semifinal,Semifinal,21 JUL 2011,B,1-6,Judge 5,J5,TOULOUDIS Nikolaos GRE
14th FINA World Championships 2011 (Diving),shanghai_2011_wch,Men's 3m Springboard Semifinal,Semifinal,21 JUL 2011,A,1-6,Judge 2,J2,BROOKER Eric AUS
14th FINA World Championships 2011 (Diving),shanghai_2011_wch,Men's 3m Springboard Semifinal,Semifinal,21 JUL 2011,B,1-6,Judge 6,J6,DURAN Ricardo CHI
14th FINA World Championships 2011 (Diving),shanghai_2011_wch,Men's 3m Springboard Semifinal,Semifinal,21 JUL 2011,A,1-6,Judge 3,J3,MANZONI Renato ITA
14th FINA World Championships 2011 (Diving),shanghai_2011_wch,Men's 3m Springboard Semifinal,Semifinal,21 JUL 2011,B,1-6,Judge 7,J7,STRITT BURK Carmen SUI
14th FINA World Championships 2011 (Diving),shanghai_2011_wch,Men's 3m Springboard Semifinal,Semifinal,21 JUL 2011,single,1-6,Judge 4,J4,BRAWLEY Nancy CAN
14th FINA World Championships 2011 (Diving),shanghai_2011_wch,Women's 3m Springboard Preliminary,Preliminary,22 JUL 2011,A,1-6,Judge 1,J1,GONCALVES Roberto BRA
14th FINA World Championships 2011 (Diving),shanghai_2011_wch,Women's 3m Springboard Preliminary,Preliminary,22 JUL 2011,B,1-6,Judge 1,J1,BOUSSARD Michel FRA
14th FINA World Championships 2011 (Diving),shanghai_2011_wch,Women's 3m Springboard Preliminary,Preliminary,22 JUL 2011,A,1-6,Judge 2,J2,MANZONI Renato ITA
14th FINA World Championships 2011 (Diving),shanghai_2011_wch,Women's 3m Springboard Preliminary,Preliminary,22 JUL 2011,B,1-6,Judge 2,J2,RIOS Maria Cristina COL
14th FINA World Championships 2011 (Diving),shanghai_2011_wch,Women's 3m Springboard Preliminary,Preliminary,22 JUL 2011,A,1-6,Judge 3,J3,BANUELOS Ricardo MEX
14th FINA World Championships 2011 (Diving),shanghai_2011_wch,Women's 3m Springboard Preliminary,Preliminary,22 JUL 2011,B,1-6,Judge 3,J3,KELEMEN Ildiko HUN
14th FINA World Championships 2011 (Diving),shanghai_2011_wch,Women's 3m Springboard Preliminary,Preliminary,22 JUL 2011,A,1-6,Judge 4,J4,SEUFFERT­SHOLTIS USA
14th FINA World Championships 2011 (Diving),shanghai_2011_wch,Women's 3m Springboard Preliminary,Preliminary,22 JUL 2011,B,1-6,Judge 4,J4,DURAN Ricardo CHI
14th FINA World Championships 2011 (Diving),shanghai_2011_wch,Women's 3m Springboard Preliminary,Preliminary,22 JUL 2011,A,1-6,Judge 5,J5,TELLEFSEN Arne NOR
14th FINA World Championships 2011 (Diving),shanghai_2011_wch,Women's 3m Springboard Preliminary,Preliminary,22 JUL 2011,B,1-6,Judge 5,J5,NOVOTNA Hana CZE
14th FINA World Championships 2011 (Diving),shanghai_2011_wch,Women's 3m Springboard Preliminary,Preliminary,22 JUL 2011,A,1-6,Judge 6,J6,HASSAN Mohammed EGY
14th FINA World Championships 2011 (Diving),shanghai_2011_wch,Women's 3m Springboard Preliminary,Preliminary,22 JUL 2011,B,1-6,Judge 6,J6,LANG Rao CHN
14th FINA World Championships 2011 (Diving),shanghai_2011_wch,Women's 3m Springboard Preliminary,Preliminary,22 JUL 2011,A,1-6,Judge 7,J7,DIETRICH Monika GER
14th FINA World Championships 2011 (Diving),shanghai_2011_wch,Women's 3m Springboard Preliminary,Preliminary,22 JUL 2011,B,1-6,Judge 7,J7,VINOGRADOV Alexandr RUS
14th FINA World Championships 2011 (Diving),shanghai_2011_wch,Women's 3m Springboard Semifinal,Semifinal,22 JUL 2011,A,1-6,Judge 1,J1,GONCALVES Roberto BRA
14th FINA World Championships 2011 (Diving),shanghai_2011_wch,Women's 3m Springboard Semifinal,Semifinal,22 JUL 2011,B,1-6,Judge 5,J5,RIOS Maria Cristina COL
14th FINA World Championships 2011 (Diving),shanghai_2011_wch,Women's 3m Springboard Semifinal,Semifinal,22 JUL 2011,A,1-6,Judge 2,J2,NG DE ROSARIO Sio Wa MAC
14th FINA World Championships 2011 (Diving),shanghai_2011_wch,Women's 3m Springboard Semifinal,Semifinal,22 JUL 2011,B,1-6,Judge 6,J6,NOVOTNA Hana CZE
14th FINA World Championships 2011 (Diving),shanghai_2011_wch,Women's 3m Springboard Semifinal,Semifinal,22 JUL 2011,A,1-6,Judge 3,J3,STRITT BURK Carmen SUI
14th FINA World Championships 2011 (Diving),shanghai_2011_wch,Women's 3m Springboard Semifinal,Semifinal,22 JUL 2011,B,1-6,Judge 7,J7,HASSAN Mohammed EGY
14th FINA World Championships 2011 (Diving),shanghai_2011_wch,Women's 3m Springboard Semifinal,Semifinal,22 JUL 2011,single,1-6,Judge 4,J4,SAGE Chris GBR
14th FINA World Championships 2011 (Diving),shanghai_2011_wch,Men's 3m Springboard Final,Final,22 JUL 2011,A,1-6,Judge 1,J1,PEDREGUERA Rolando CUB
14th FINA World Championships 2011 (Diving),shanghai_2011_wch,Men's 3m Springboard Final,Final,22 JUL 2011,B,1-6,Judge 5,J5,MANZONI Renato ITA
14th FINA World Championships 2011 (Diving),shanghai_2011_wch,Men's 3m Springboard Final,Final,22 JUL 2011,A,1-6,Judge 2,J2,DIETRICH Monika GER
14th FINA World Championships 2011 (Diving),shanghai_2011_wch,Men's 3m Springboard Final,Final,22 JUL 2011,B,1-6,Judge 6,J6,BROOKER Eric AUS
14th FINA World Championships 2011 (Diving),shanghai_2011_wch,Men's 3m Springboard Final,Final,22 JUL 2011,A,1-6,Judge 3,J3,KELEMEN Ildiko HUN
14th FINA World Championships 2011 (Diving),shanghai_2011_wch,Men's 3m Springboard Final,Final,22 JUL 2011,B,1-6,Judge 7,J7,TOULOUDIS Nikolaos GRE
14th FINA World Championships 2011 (Diving),shanghai_2011_wch,Men's 3m Springboard Final,Final,22 JUL 2011,single,1-6,Judge 4,J4,BRAWLEY Nancy CAN
14th FINA World Championships 2011 (Diving),shanghai_2011_wch,Women's 3m Springboard Final,Final,23 JUL 2011,A,1-6,Judge 1,J1,TELLEFSEN Arne NOR
14th FINA World Championships 2011 (Diving),shanghai_2011_wch,Women's 3m Springboard Final,Final,23 JUL 2011,B,1-6,Judge 5,J5,HASSAN Mohammed EGY
14th FINA World Championships 2011 (Diving),shanghai_2011_wch,Women's 3m Springboard Final,Final,23 JUL 2011,A,1-6,Judge 2,J2,DURAN Ricardo CHI
14th FINA World Championships 2011 (Diving),shanghai_2011_wch,Women's 3m Springboard Final,Final,23 JUL 2011,B,1-6,Judge 6,J6,BOUSSARD Michel FRA
14th FINA World Championships 2011 (Diving),shanghai_2011_wch,Women's 3m Springboard Final,Final,23 JUL 2011,A,1-6,Judge 3,J3,STRITT BURK Carmen SUI
14th FINA World Championships 2011 (Diving),shanghai_2011_wch,Women's 3m Springboard Final,Final,23 JUL 2011,B,1-6,Judge 7,J7,GONCALVES Roberto BRA
14th FINA World Championships 2011 (Diving),shanghai_2011_wch,Women's 3m Springboard Final,Final,23 JUL 2011,single,1-6,Judge 4,J4,SAGE Chris GBR
14th FINA World Championships 2011 (Diving),shanghai_2011_wch,Men's 10m Platform Preliminary,Preliminary,23 JUL 2011,A,1-6,Judge 1,J1,NOVOTNA Hana CZE
14th FINA World Championships 2011 (Diving),shanghai_2011_wch,Men's 10m Platform Preliminary,Preliminary,23 JUL 2011,B,1-6,Judge 1,J1,SAGE Chris GBR
14th FINA World Championships 2011 (Diving),shanghai_2011_wch,Men's 10m Platform Preliminary,Preliminary,23 JUL 2011,A,1-6,Judge 2,J2,HASSAN Mohammed EGY
14th FINA World Championships 2011 (Diving),shanghai_2011_wch,Men's 10m Platform Preliminary,Preliminary,23 JUL 2011,B,1-6,Judge 2,J2,BROOKER Eric AUS
14th FINA World Championships 2011 (Diving),shanghai_2011_wch,Men's 10m Platform Preliminary,Preliminary,23 JUL 2011,A,1-6,Judge 3,J3,BOUSSARD Michel FRA
14th FINA World Championships 2011 (Diving),shanghai_2011_wch,Men's 10m Platform Preliminary,Preliminary,23 JUL 2011,B,1-6,Judge 3,J3,PEDREGUERA Rolando CUB
14th FINA World Championships 2011 (Diving),shanghai_2011_wch,Men's 10m Platform Preliminary,Preliminary,23 JUL 2011,A,1-6,Judge 4,J4,GONCALVES Roberto BRA
14th FINA World Championships 2011 (Diving),shanghai_2011_wch,Men's 10m Platform Preliminary,Preliminary,23 JUL 2011,B,1-6,Judge 4,J4,BRAWLEY Nancy CAN
14th FINA World Championships 2011 (Diving),shanghai_2011_wch,Men's 10m Platform Preliminary,Preliminary,23 JUL 2011,A,1-6,Judge 5,J5,TOULOUDIS Nikolaos GRE
14th FINA World Championships 2011 (Diving),shanghai_2011_wch,Men's 10m Platform Preliminary,Preliminary,23 JUL 2011,B,1-6,Judge 5,J5,FABER Marc NED
14th FINA World Championships 2011 (Diving),shanghai_2011_wch,Men's 10m Platform Preliminary,Preliminary,23 JUL 2011,A,1-6,Judge 6,J6,DURAN Ricardo CHI
14th FINA World Championships 2011 (Diving),shanghai_2011_wch,Men's 10m Platform Preliminary,Preliminary,23 JUL 2011,B,1-6,Judge 6,J6,STRITT BURK Carmen SUI
14th FINA World Championships 2011 (Diving),shanghai_2011_wch,Men's 10m Platform Preliminary,Preliminary,23 JUL 2011,A,1-6,Judge 7,J7,MANZONI Renato ITA
14th FINA World Championships 2011 (Diving),shanghai_2011_wch,Men's 10m Platform Preliminary,Preliminary,23 JUL 2011,B,1-6,Judge 7,J7,KELEMEN Ildiko HUN
14th FINA World Championships 2011 (Diving),shanghai_2011_wch,Men's 10m Platform Semifinal,Semifinal,23 JUL 2011,A,1-6,Judge 1,J1,TELLEFSEN Arne NOR
14th FINA World Championships 2011 (Diving),shanghai_2011_wch,Men's 10m Platform Semifinal,Semifinal,23 JUL 2011,B,1-6,Judge 5,J5,MANZONI Renato ITA
14th FINA World Championships 2011 (Diving),shanghai_2011_wch,Men's 10m Platform Semifinal,Semifinal,23 JUL 2011,A,1-6,Judge 2,J2,BROOKER Eric AUS
14th FINA World Championships 2011 (Diving),shanghai_2011_wch,Men's 10m Platform Semifinal,Semifinal,23 JUL 2011,B,1-6,Judge 6,J6,HASSAN Mohammed EGY
14th FINA World Championships 2011 (Diving),shanghai_2011_wch,Men's 10m Platform Semifinal,Semifinal,23 JUL 2011,A,1-6,Judge 3,J3,FABER Marc NED
14th FINA World Championships 2011 (Diving),shanghai_2011_wch,Men's 10m Platform Semifinal,Semifinal,23 JUL 2011,B,1-6,Judge 7,J7,BOUSSARD Michel FRA
14th FINA World Championships 2011 (Diving),shanghai_2011_wch,Men's 10m Platform Semifinal,Semifinal,23 JUL 2011,single,1-6,Judge 4,J4,DURAN Ricardo CHI
14th FINA World Championships 2011 (Diving),shanghai_2011_wch,Men's 10m Platform Final,Final,24 JUL 2011,A,1-6,Judge 1,J1,FABER Marc NED
14th FINA World Championships 2011 (Diving),shanghai_2011_wch,Men's 10m Platform Final,Final,24 JUL 2011,B,1-6,Judge 5,J5,GONCALVES Roberto BRA
14th FINA World Championships 2011 (Diving),shanghai_2011_wch,Men's 10m Platform Final,Final,24 JUL 2011,A,1-6,Judge 2,J2,PEDREGUERA Rolando CUB
14th FINA World Championships 2011 (Diving),shanghai_2011_wch,Men's 10m Platform Final,Final,24 JUL 2011,B,1-6,Judge 6,J6,BROOKER Eric AUS
14th FINA World Championships 2011 (Diving),shanghai_2011_wch,Men's 10m Platform Final,Final,24 JUL 2011,A,1-6,Judge 3,J3,BOUSSARD Michel FRA
14th FINA World Championships 2011 (Diving),shanghai_2011_wch,Men's 10m Platform Final,Final,24 JUL 2011,B,1-6,Judge 7,J7,NOVOTNA Hana CZE
14th FINA World Championships 2011 (Diving),shanghai_2011_wch,Men's 10m Platform Final,Final,24 JUL 2011,single,1-6,Judge 4,J4,KELEMEN Ildiko HUN
LEN European Championships 2012 (Diving),eindhoven_2012_euro,Men's 1m Springboard Preliminary,Preliminary,16 MAY 2012,A,1-6,Judge 1,J1,NARYSHKIN Vladimir BLR
LEN European Championships 2012 (Diving),eindhoven_2012_euro,Men's 1m Springboard Preliminary,Preliminary,16 MAY 2012,B,1-6,Judge 1,J1,WIERNIUK Anna POL
LEN European Championships 2012 (Diving),eindhoven_2012_euro,Men's 1m Springboard Preliminary,Preliminary,16 MAY 2012,A,1-6,Judge 2,J2,AZORIN Daniel FRA
LEN European Championships 2012 (Diving),eindhoven_2012_euro,Men's 1m Springboard Preliminary,Preliminary,16 MAY 2012,B,1-6,Judge 2,J2,VINOGRADOV Alexandr RUS
LEN European Championships 2012 (Diving),eindhoven_2012_euro,Men's 1m Springboard Preliminary,Preliminary,16 MAY 2012,A,1-6,Judge 3,J3,FREEMAN Sally GBR
LEN European Championships 2012 (Diving),eindhoven_2012_euro,Men's 1m Springboard Preliminary,Preliminary,16 MAY 2012,B,1-6,Judge 3,J3,REZNICHENKO Anatoliy UKR
LEN European Championships 2012 (Diving),eindhoven_2012_euro,Men's 1m Springboard Preliminary,Preliminary,16 MAY 2012,A,1-6,Judge 4,J4,ALT Walter GER
LEN European Championships 2012 (Diving),eindhoven_2012_euro,Men's 1m Springboard Preliminary,Preliminary,16 MAY 2012,B,1-6,Judge 4,J4,POLAZZO Valerio ITA
LEN European Championships 2012 (Diving),eindhoven_2012_euro,Men's 1m Springboard Preliminary,Preliminary,16 MAY 2012,A,1-6,Judge 5,J5,DE MIRO Claudio ITA
LEN European Championships 2012 (Diving),eindhoven_2012_euro,Men's 1m Springboard Preliminary,Preliminary,16 MAY 2012,B,1-6,Judge 5,J5,VAN DER VOORT Ronald NED
LEN European Championships 2012 (Diving),eindhoven_2012_euro,Men's 1m Springboard Preliminary,Preliminary,16 MAY 2012,A,1-6,Judge 6,J6,FABER Marc NED
LEN European Championships 2012 (Diving),eindhoven_2012_euro,Men's 1m Springboard Preliminary,Preliminary,16 MAY 2012,B,1-6,Judge 6,J6,KOMULAINEN Jari FIN
LEN European Championships 2012 (Diving),eindhoven_2012_euro,Men's 1m Springboard Preliminary,Preliminary,16 MAY 2012,A,1-6,Judge 7,J7,SZEKFFY Nora HUN
LEN European Championships 2012 (Diving),eindhoven_2012_euro,Men's 1m Springboard Preliminary,Preliminary,16 MAY 2012,B,1-6,Judge 7,J7,BIMIS Thomas GRE
LEN European Championships 2012 (Diving),eindhoven_2012_euro,Men's 1m Springboard Final,Final,16 MAY 2012,A,1-6,Judge 1,J1,KOMULAINEN Jari FIN
LEN European Championships 2012 (Diving),eindhoven_2012_euro,Men's 1m Springboard Final,Final,16 MAY 2012,B,1-6,Judge 5,J5,JENSEN Kim Daniel NOR
LEN European Championships 2012 (Diving),eindhoven_2012_euro,Men's 1m Springboard Final,Final,16 MAY 2012,A,1-6,Judge 2,J2,FREEMAN Sally GBR
LEN European Championships 2012 (Diving),eindhoven_2012_euro,Men's 1m Springboard Final,Final,16 MAY 2012,B,1-6,Judge 6,J6,AXTELIUS Peter SWE
LEN European Championships 2012 (Diving),eindhoven_2012_euro,Men's 1m Springboard Final,Final,16 MAY 2012,A,1-6,Judge 3,J3,BIMIS Thomas GRE
LEN European Championships 2012 (Diving),eindhoven_2012_euro,Men's 1m Springboard Final,Final,16 MAY 2012,B,1-6,Judge 7,J7,FABER Marc NED
LEN European Championships 2012 (Diving),eindhoven_2012_euro,Men's 1m Springboard Final,Final,16 MAY 2012,single,1-6,Judge 4,J4,SZEKFFY Nora HUN
LEN European Championships 2012 (Diving),eindhoven_2012_euro,Women's 10m Platform Preliminary,Preliminary,16 MAY 2012,A,1-6,Judge 1,J1,JENSEN Kim Daniel NOR
LEN European Championships 2012 (Diving),eindhoven_2012_euro,Women's 10m Platform Preliminary,Preliminary,16 MAY 2012,B,1-6,Judge 1,J1,ALT Walter GER
LEN European Championships 2012 (Diving),eindhoven_2012_euro,Women's 10m Platform Preliminary,Preliminary,16 MAY 2012,A,1-6,Judge 2,J2,POLAZZO Valerio ITA
LEN European Championships 2012 (Diving),eindhoven_2012_euro,Women's 10m Platform Preliminary,Preliminary,16 MAY 2012,B,1-6,Judge 2,J2,SZEKFFY Nora HUN
LEN European Championships 2012 (Diving),eindhoven_2012_euro,Women's 10m Platform Preliminary,Preliminary,16 MAY 2012,A,1-6,Judge 3,J3,AXTELIUS Peter SWE
LEN European Championships 2012 (Diving),eindhoven_2012_euro,Women's 10m Platform Preliminary,Preliminary,16 MAY 2012,B,1-6,Judge 3,J3,DE MIRO Claudio ITA
LEN European Championships 2012 (Diving),eindhoven_2012_euro,Women's 10m Platform Preliminary,Preliminary,16 MAY 2012,A,1-6,Judge 4,J4,BIMIS Thomas GRE
LEN European Championships 2012 (Diving),eindhoven_2012_euro,Women's 10m Platform Preliminary,Preliminary,16 MAY 2012,B,1-6,Judge 4,J4,VAN DER VOORT Ronald NED
LEN European Championships 2012 (Diving),eindhoven_2012_euro,Women's 10m Platform Preliminary,Preliminary,16 MAY 2012,A,1-6,Judge 5,J5,NARYSHKIN Vladimir BLR
LEN European Championships 2012 (Diving),eindhoven_2012_euro,Women's 10m Platform Preliminary,Preliminary,16 MAY 2012,B,1-6,Judge 5,J5,WIERNIUK Anna POL
LEN European Championships 2012 (Diving),eindhoven_2012_euro,Women's 10m Platform Preliminary,Preliminary,16 MAY 2012,A,1-6,Judge 6,J6,AZORIN Daniel FRA
LEN European Championships 2012 (Diving),eindhoven_2012_euro,Women's 10m Platform Preliminary,Preliminary,16 MAY 2012,B,1-6,Judge 6,J6,VINOGRADOV Alexandr RUS
LEN European Championships 2012 (Diving),eindhoven_2012_euro,Women's 10m Platform Preliminary,Preliminary,16 MAY 2012,A,1-6,Judge 7,J7,FREEMAN Sally GBR
LEN European Championships 2012 (Diving),eindhoven_2012_euro,Women's 10m Platform Preliminary,Preliminary,16 MAY 2012,B,1-6,Judge 7,J7,REZNICHENKO Anatoliy UKR
LEN European Championships 2012 (Diving),eindhoven_2012_euro,Women's 10m Platform Final,Final,16 MAY 2012,A,1-6,Judge 1,J1,NARYSHKIN Vladimir BLR
LEN European Championships 2012 (Diving),eindhoven_2012_euro,Women's 10m Platform Final,Final,16 MAY 2012,B,1-6,Judge 5,J5,JENSEN Kim Daniel NOR
LEN European Championships 2012 (Diving),eindhoven_2012_euro,Women's 10m Platform Final,Final,16 MAY 2012,A,1-6,Judge 2,J2,BIMIS Thomas GRE
LEN European Championships 2012 (Diving),eindhoven_2012_euro,Women's 10m Platform Final,Final,16 MAY 2012,B,1-6,Judge 6,J6,WIERNIUK Anna POL
LEN European Championships 2012 (Diving),eindhoven_2012_euro,Women's 10m Platform Final,Final,16 MAY 2012,A,1-6,Judge 3,J3,SZEKFFY Nora HUN
LEN European Championships 2012 (Diving),eindhoven_2012_euro,Women's 10m Platform Final,Final,16 MAY 2012,B,1-6,Judge 7,J7,AXTELIUS Peter SWE
LEN European Championships 2012 (Diving),eindhoven_2012_euro,Women's 10m Platform Final,Final,16 MAY 2012,single,1-6,Judge 4,J4,VAN DER VOORT Ronald NED
LEN European Championships 2012 (Diving),eindhoven_2012_euro,Men's 3m Springboard Preliminary,Preliminary,17 MAY 2012,A,1-6,Judge 1,J1,REZNICHENKO Anatoliy UKR
LEN European Championships 2012 (Diving),eindhoven_2012_euro,Men's 3m Springboard Preliminary,Preliminary,17 MAY 2012,B,1-6,Judge 1,J1,JENSEN Kim Daniel NOR
LEN European Championships 2012 (Diving),eindhoven_2012_euro,Men's 3m Springboard Preliminary,Preliminary,17 MAY 2012,A,1-6,Judge 2,J2,AXTELIUS Peter SWE
LEN European Championships 2012 (Diving),eindhoven_2012_euro,Men's 3m Springboard Preliminary,Preliminary,17 MAY 2012,B,1-6,Judge 2,J2,SZEKFFY Nora HUN
LEN European Championships 2012 (Diving),eindhoven_2012_euro,Men's 3m Springboard Preliminary,Preliminary,17 MAY 2012,A,1-6,Judge 3,J3,STRITT BURK Carmen SUI
LEN European Championships 2012 (Diving),eindhoven_2012_euro,Men's 3m Springboard Preliminary,Preliminary,17 MAY 2012,B,1-6,Judge 3,J3,BIMIS Thomas GRE
LEN European Championships 2012 (Diving),eindhoven_2012_euro,Men's 3m Springboard Preliminary,Preliminary,17 MAY 2012,A,1-6,Judge 4,J4,VINOGRADOV Alexandr RUS
LEN European Championships 2012 (Diving),eindhoven_2012_euro,Men's 3m Springboard Preliminary,Preliminary,17 MAY 2012,B,1-6,Judge 4,J4,ALT Walter GER
LEN European Championships 2012 (Diving),eindhoven_2012_euro,Men's 3m Springboard Preliminary,Preliminary,17 MAY 2012,A,1-6,Judge 5,J5,WIERNIUK Anna POL
LEN European Championships 2012 (Diving),eindhoven_2012_euro,Men's 3m Springboard Preliminary,Preliminary,17 MAY 2012,B,1-6,Judge 5,J5,FREEMAN Sally GBR
LEN European Championships 2012 (Diving),eindhoven_2012_euro,Men's 3m Springboard Preliminary,Preliminary,17 MAY 2012,A,1-6,Judge 6,J6,VAN DER VOORT Ronald NED
LEN European Championships 2012 (Diving),eindhoven_2012_euro,Men's 3m Springboard Preliminary,Preliminary,17 MAY 2012,B,1-6,Judge 6,J6,AZORIN Daniel FRA
LEN European Championships 2012 (Diving),eindhoven_2012_euro,Men's 3m Springboard Preliminary,Preliminary,17 MAY 2012,A,1-6,Judge 7,J7,POLAZZO Valerio ITA
LEN European Championships 2012 (Diving),eindhoven_2012_euro,Men's 3m Springboard Preliminary,Preliminary,17 MAY 2012,B,1-6,Judge 7,J7,KOMULAINEN Jari FIN
LEN European Championships 2012 (Diving),eindhoven_2012_euro,Men's 3m Springboard Final,Final,17 MAY 2012,A,1-6,Judge 1,J1,NARYSHKIN Vladimir BLR
LEN European Championships 2012 (Diving),eindhoven_2012_euro,Men's 3m Springboard Final,Final,17 MAY 2012,B,1-6,Judge 5,J5,JENSEN Kim Daniel NOR
LEN European Championships 2012 (Diving),eindhoven_2012_euro,Men's 3m Springboard Final,Final,17 MAY 2012,A,1-6,Judge 2,J2,KOMULAINEN Jari FIN
LEN European Championships 2012 (Diving),eindhoven_2012_euro,Men's 3m Springboard Final,Final,17 MAY 2012,B,1-6,Judge 6,J6,WIERNIUK Anna POL
LEN European Championships 2012 (Diving),eindhoven_2012_euro,Men's 3m Springboard Final,Final,17 MAY 2012,A,1-6,Judge 3,J3,SZEKFFY Nora HUN
LEN European Championships 2012 (Diving),eindhoven_2012_euro,Men's 3m Springboard Final,Final,17 MAY 2012,B,1-6,Judge 7,J7,STRITT BURK Carmen SUI
LEN European Championships 2012 (Diving),eindhoven_2012_euro,Men's 3m Springboard Final,Final,17 MAY 2012,single,1-6,Judge 4,J4,DE MIRO Claudio ITA
LEN European Championships 2012 (Diving),eindhoven_2012_euro,Women's 1m Springboard Preliminary,Preliminary,18 MAY 2012,A,1-6,Judge 1,J1,NARYSHKIN Vladimir BLR
LEN European Championships 2012 (Diving),eindhoven_2012_euro,Women's 1m Springboard Preliminary,Preliminary,18 MAY 2012,B,1-6,Judge 1,J1,JENSEN Kim Daniel NOR
LEN European Championships 2012 (Diving),eindhoven_2012_euro,Women's 1m Springboard Preliminary,Preliminary,18 MAY 2012,A,1-6,Judge 2,J2,AZORIN Daniel FRA
LEN European Championships 2012 (Diving),eindhoven_2012_euro,Women's 1m Springboard Preliminary,Preliminary,18 MAY 2012,B,1-6,Judge 2,J2,WIERNIUK Anna POL
LEN European Championships 2012 (Diving),eindhoven_2012_euro,Women's 1m Springboard Preliminary,Preliminary,18 MAY 2012,A,1-6,Judge 3,J3,FREEMAN Sally GBR
LEN European Championships 2012 (Diving),eindhoven_2012_euro,Women's 1m Springboard Preliminary,Preliminary,18 MAY 2012,B,1-6,Judge 3,J3,VINOGRADOV Alexandr RUS
LEN European Championships 2012 (Diving),eindhoven_2012_euro,Women's 1m Springboard Preliminary,Preliminary,18 MAY 2012,A,1-6,Judge 4,J4,ALT Walter GER
LEN European Championships 2012 (Diving),eindhoven_2012_euro,Women's 1m Springboard Preliminary,Preliminary,18 MAY 2012,B,1-6,Judge 4,J4,KOMULAINEN Jari FIN
LEN European Championships 2012 (Diving),eindhoven_2012_euro,Women's 1m Springboard Preliminary,Preliminary,18 MAY 2012,A,1-6,Judge 5,J5,REZNICHENKO Anatoliy UKR
LEN European Championships 2012 (Diving),eindhoven_2012_euro,Women's 1m Springboard Preliminary,Preliminary,18 MAY 2012,B,1-6,Judge 5,J5,VAN DER VOORT Ronald NED
LEN European Championships 2012 (Diving),eindhoven_2012_euro,Women's 1m Springboard Preliminary,Preliminary,18 MAY 2012,A,1-6,Judge 6,J6,STRITT BURK Carmen SUI
LEN European Championships 2012 (Diving),eindhoven_2012_euro,Women's 1m Springboard Preliminary,Preliminary,18 MAY 2012,B,1-6,Judge 6,J6,POLAZZO Valerio ITA
LEN European Championships 2012 (Diving),eindhoven_2012_euro,Women's 1m Springboard Preliminary,Preliminary,18 MAY 2012,A,1-6,Judge 7,J7,FABER Marc NED
LEN European Championships 2012 (Diving),eindhoven_2012_euro,Women's 1m Springboard Preliminary,Preliminary,18 MAY 2012,B,1-6,Judge 7,J7,BIMIS Thomas GRE
LEN European Championships 2012 (Diving),eindhoven_2012_euro,Women's 1m Springboard Final,Final,18 MAY 2012,A,1-6,Judge 1,J1,STRITT BURK Carmen SUI
LEN European Championships 2012 (Diving),eindhoven_2012_euro,Women's 1m Springboard Final,Final,18 MAY 2012,B,1-6,Judge 5,J5,BIMIS Thomas GRE
LEN European Championships 2012 (Diving),eindhoven_2012_euro,Women's 1m Springboard Final,Final,18 MAY 2012,A,1-6,Judge 2,J2,WIERNIUK Anna POL
LEN European Championships 2012 (Diving),eindhoven_2012_euro,Women's 1m Springboard Final,Final,18 MAY 2012,B,1-6,Judge 6,J6,KOMULAINEN Jari FIN
LEN European Championships 2012 (Diving),eindhoven_2012_euro,Women's 1m Springboard Final,Final,18 MAY 2012,A,1-6,Judge 3,J3,JENSEN Kim Daniel NOR
LEN European Championships 2012 (Diving),eindhoven_2012_euro,Women's 1m Springboard Final,Final,18 MAY 2012,B,1-6,Judge 7,J7,NARYSHKIN Vladimir BLR
LEN European Championships 2012 (Diving),eindhoven_2012_euro,Women's 1m Springboard Final,Final,18 MAY 2012,single,1-6,Judge 4,J4,SZEKFFY Nora HUN
LEN European Championships 2012 (Diving),eindhoven_2012_euro,Women's 3m Springboard Preliminary,Preliminary,19 MAY 2012,A,1-6,Judge 1,J1,SZEKFFY Nora HUN
LEN European Championships 2012 (Diving),eindhoven_2012_euro,Women's 3m Springboard Preliminary,Preliminary,19 MAY 2012,B,1-6,Judge 1,J1,AZORIN Daniel FRA
LEN European Championships 2012 (Diving),eindhoven_2012_euro,Women's 3m Springboard Preliminary,Preliminary,19 MAY 2012,A,1-6,Judge 2,J2,DE MIRO Claudio ITA
LEN European Championships 2012 (Diving),eindhoven_2012_euro,Women's 3m Springboard Preliminary,Preliminary,19 MAY 2012,B,1-6,Judge 2,J2,FREEMAN Sally GBR
LEN European Championships 2012 (Diving),eindhoven_2012_euro,Women's 3m Springboard Preliminary,Preliminary,19 MAY 2012,A,1-6,Judge 3,J3,FABER Marc NED
LEN European Championships 2012 (Diving),eindhoven_2012_euro,Women's 3m Springboard Preliminary,Preliminary,19 MAY 2012,B,1-6,Judge 3,J3,ALT Walter GER
LEN European Championships 2012 (Diving),eindhoven_2012_euro,Women's 3m Springboard Preliminary,Preliminary,19 MAY 2012,A,1-6,Judge 4,J4,REZNICHENKO Anatoliy UKR
LEN European Championships 2012 (Diving),eindhoven_2012_euro,Women's 3m Springboard Preliminary,Preliminary,19 MAY 2012,B,1-6,Judge 4,J4,BIMIS Thomas GRE
LEN European Championships 2012 (Diving),eindhoven_2012_euro,Women's 3m Springboard Preliminary,Preliminary,19 MAY 2012,A,1-6,Judge 5,J5,WIERNIUK Anna POL
LEN European Championships 2012 (Diving),eindhoven_2012_euro,Women's 3m Springboard Preliminary,Preliminary,19 MAY 2012,B,1-6,Judge 5,J5,VINOGRADOV Alexandr RUS
LEN European Championships 2012 (Diving),eindhoven_2012_euro,Women's 3m Springboard Preliminary,Preliminary,19 MAY 2012,A,1-6,Judge 6,J6,KOMULAINEN Jari FIN
LEN European Championships 2012 (Diving),eindhoven_2012_euro,Women's 3m Springboard Preliminary,Preliminary,19 MAY 2012,B,1-6,Judge 6,J6,STRITT BURK Carmen SUI
LEN European Championships 2012 (Diving),eindhoven_2012_euro,Women's 3m Springboard Preliminary,Preliminary,19 MAY 2012,A,1-6,Judge 7,J7,NARYSHKIN Vladimir BLR
LEN European Championships 2012 (Diving),eindhoven_2012_euro,Women's 3m Springboard Preliminary,Preliminary,19 MAY 2012,B,1-6,Judge 7,J7,AXTELIUS Peter SWE
LEN European Championships 2012 (Diving),eindhoven_2012_euro,Women's 3m Springboard Final,Final,19 MAY 2012,A,1-6,Judge 1,J1,NARYSHKIN Vladimir BLR
LEN European Championships 2012 (Diving),eindhoven_2012_euro,Women's 3m Springboard Final,Final,19 MAY 2012,B,1-6,Judge 5,J5,WIERNIUK Anna POL
LEN European Championships 2012 (Diving),eindhoven_2012_euro,Women's 3m Springboard Final,Final,19 MAY 2012,A,1-6,Judge 2,J2,KOMULAINEN Jari FIN
LEN European Championships 2012 (Diving),eindhoven_2012_euro,Women's 3m Springboard Final,Final,19 MAY 2012,B,1-6,Judge 6,J6,STRITT BURK Carmen SUI
LEN European Championships 2012 (Diving),eindhoven_2012_euro,Women's 3m Springboard Final,Final,19 MAY 2012,A,1-6,Judge 3,J3,BIMIS Thomas GRE
LEN European Championships 2012 (Diving),eindhoven_2012_euro,Women's 3m Springboard Final,Final,19 MAY 2012,B,1-6,Judge 7,J7,SZEKFFY Nora HUN
LEN European Championships 2012 (Diving),eindhoven_2012_euro,Women's 3m Springboard Final,Final,19 MAY 2012,single,1-6,Judge 4,J4,JENSEN Kim Daniel NOR
LEN European Championships 2012 (Diving),eindhoven_2012_euro,Men's 10m Platform Preliminary,Preliminary,20 MAY 2012,A,1-6,Judge 1,J1,AZORIN Daniel FRA
LEN European Championships 2012 (Diving),eindhoven_2012_euro,Men's 10m Platform Preliminary,Preliminary,20 MAY 2012,B,1-6,Judge 1,J1,VINOGRADOV Alexandr RUS
LEN European Championships 2012 (Diving),eindhoven_2012_euro,Men's 10m Platform Preliminary,Preliminary,20 MAY 2012,A,1-6,Judge 2,J2,BIMIS Thomas GRE
LEN European Championships 2012 (Diving),eindhoven_2012_euro,Men's 10m Platform Preliminary,Preliminary,20 MAY 2012,B,1-6,Judge 2,J2,STRITT BURK Carmen SUI
LEN European Championships 2012 (Diving),eindhoven_2012_euro,Men's 10m Platform Preliminary,Preliminary,20 MAY 2012,A,1-6,Judge 3,J3,SZEKFFY Nora HUN
LEN European Championships 2012 (Diving),eindhoven_2012_euro,Men's 10m Platform Preliminary,Preliminary,20 MAY 2012,B,1-6,Judge 3,J3,AXTELIUS Peter SWE
LEN European Championships 2012 (Diving),eindhoven_2012_euro,Men's 10m Platform Preliminary,Preliminary,20 MAY 2012,A,1-6,Judge 4,J4,POLAZZO Valerio ITA
LEN European Championships 2012 (Diving),eindhoven_2012_euro,Men's 10m Platform Preliminary,Preliminary,20 MAY 2012,B,1-6,Judge 4,J4,REZNICHENKO Anatoliy UKR
LEN European Championships 2012 (Diving),eindhoven_2012_euro,Men's 10m Platform Preliminary,Preliminary,20 MAY 2012,A,1-6,Judge 5,J5,VAN DER VOORT Ronald NED
LEN European Championships 2012 (Diving),eindhoven_2012_euro,Men's 10m Platform Preliminary,Preliminary,20 MAY 2012,B,1-6,Judge 5,J5,NARYSHKIN Vladimir BLR
LEN European Championships 2012 (Diving),eindhoven_2012_euro,Men's 10m Platform Preliminary,Preliminary,20 MAY 2012,A,1-6,Judge 6,J6,JENSEN Kim Daniel NOR
LEN European Championships 2012 (Diving),eindhoven_2012_euro,Men's 10m Platform Preliminary,Preliminary,20 MAY 2012,B,1-6,Judge 6,J6,FREEMAN Sally GBR
LEN European Championships 2012 (Diving),eindhoven_2012_euro,Men's 10m Platform Preliminary,Preliminary,20 MAY 2012,A,1-6,Judge 7,J7,WIERNIUK Anna POL
LEN European Championships 2012 (Diving),eindhoven_2012_euro,Men's 10m Platform Preliminary,Preliminary,20 MAY 2012,B,1-6,Judge 7,J7,ALT Walter GER
LEN European Championships 2012 (Diving),eindhoven_2012_euro,Men's 10m Platform Final,Final,20 MAY 2012,A,1-6,Judge 1,J1,AZORIN Daniel FRA
LEN European Championships 2012 (Diving),eindhoven_2012_euro,Men's 10m Platform Final,Final,20 MAY 2012,B,1-6,Judge 5,J5,FABER Marc NED
LEN European Championships 2012 (Diving),eindhoven_2012_euro,Men's 10m Platform Final,Final,20 MAY 2012,A,1-6,Judge 2,J2,ALT Walter GER
LEN European Championships 2012 (Diving),eindhoven_2012_euro,Men's 10m Platform Final,Final,20 MAY 2012,B,1-6,Judge 6,J6,STRITT BURK Carmen SUI
LEN European Championships 2012 (Diving),eindhoven_2012_euro,Men's 10m Platform Final,Final,20 MAY 2012,A,1-6,Judge 3,J3,BIMIS Thomas GRE
LEN European Championships 2012 (Diving),eindhoven_2012_euro,Men's 10m Platform Final,Final,20 MAY 2012,B,1-6,Judge 7,J7,WIERNIUK Anna POL
LEN European Championships 2012 (Diving),eindhoven_2012_euro,Men's 10m Platform Final,Final,20 MAY 2012,single,1-6,Judge 4,J4,SZEKFFY Nora HUN
FINA/Midea Diving World Series 2013 - Beijing,beijing_2013_ws,Women's 3m Springboard Semifinal A,Semifinal,16 MAR 2013,single,1-6,Judge 2,J2,BRAWLEY Nancy Judge 6 CHOI Ka Wah
FINA/Midea Diving World Series 2013 - Beijing,beijing_2013_ws,Women's 3m Springboard Semifinal A,Semifinal,16 MAR 2013,single,1-6,Judge 3,J3,RAO Lang Judge 7 KOH BENG Tony Kok
FINA/Midea Diving World Series 2013 - Beijing,beijing_2013_ws,Women's 3m Springboard Semifinal B,Semifinal,16 MAR 2013,single,1-6,Judge 2,J2,BRAWLEY Nancy Judge 6 CHOI Ka Wah
FINA/Midea Diving World Series 2013 - Beijing,beijing_2013_ws,Women's 3m Springboard Semifinal B,Semifinal,16 MAR 2013,single,1-6,Judge 3,J3,RAO Lang Judge 7 KOH BENG Tony Kok
FINA/Midea Diving World Series 2013 - Beijing,beijing_2013_ws,Women's 3m Springboard Final,Final,16 MAR 2013,single,1-6,Judge 1,J1,KOH BENG Tony Kok
FINA/Midea Diving World Series 2013 - Beijing,beijing_2013_ws,Women's 3m Springboard Final,Final,16 MAR 2013,single,1-6,Judge 4,J4,CHOI Ka Wah
FINA/Midea Diving World Series 2013 - Beijing,beijing_2013_ws,Men's 3m Springboard Semifinal A,Semifinal,16 MAR 2013,single,1-6,Judge 1,J1,LER Damien Soon Tien Judge 5 CHOI Ka Wah
FINA/Midea Diving World Series 2013 - Beijing,beijing_2013_ws,Men's 3m Springboard Semifinal A,Semifinal,16 MAR 2013,single,1-6,Judge 2,J2,NOVOTNA Hana Judge 6 KOH BENG Tony Kok
FINA/Midea Diving World Series 2013 - Beijing,beijing_2013_ws,Men's 3m Springboard Semifinal B,Semifinal,16 MAR 2013,single,1-6,Judge 1,J1,LER Damien Soon Tien Judge 5 CHOI Ka Wah
FINA/Midea Diving World Series 2013 - Beijing,beijing_2013_ws,Men's 3m Springboard Semifinal B,Semifinal,16 MAR 2013,single,1-6,Judge 2,J2,NOVOTNA Hana Judge 6 KOH BENG Tony Kok
FINA/Midea Diving World Series 2013 - Beijing,beijing_2013_ws,Men's 3m Springboard Final,Final,16 MAR 2013,single,1-6,Judge 1,J1,KOH BENG Tony Kok
FINA/Midea Diving World Series 2013 - Beijing,beijing_2013_ws,Men's 3m Springboard Final,Final,16 MAR 2013,single,1-6,Judge 3,J3,CHOI Ka Wah
FINA/Midea Diving World Series 2013 - Beijing,beijing_2013_ws,Women's 10m Platform Semifinal A,Semifinal,17 MAR 2013,single,1-6,Judge 2,J2,CHOI Ka Wah
FINA/Midea Diving World Series 2013 - Beijing,beijing_2013_ws,Women's 10m Platform Semifinal A,Semifinal,17 MAR 2013,single,1-6,Judge 3,J3,KOH BENG Tony Kok
FINA/Midea Diving World Series 2013 - Beijing,beijing_2013_ws,Women's 10m Platform Semifinal B,Semifinal,17 MAR 2013,single,1-6,Judge 2,J2,CHOI Ka Wah
FINA/Midea Diving World Series 2013 - Beijing,beijing_2013_ws,Women's 10m Platform Semifinal B,Semifinal,17 MAR 2013,single,1-6,Judge 3,J3,KOH BENG Tony Kok
FINA/Midea Diving World Series 2013 - Beijing,beijing_2013_ws,Women's 10m Platform Final,Final,17 MAR 2013,single,1-6,Judge 2,J2,LER Damien Soon Tien Judge 6 KOH BENG Tony Kok
FINA/Midea Diving World Series 2013 - Beijing,beijing_2013_ws,Women's 10m Platform Final,Final,17 MAR 2013,single,1-6,Judge 3,J3,CHOI Ka Wah
FINA/Midea Diving World Series 2013 - Beijing,beijing_2013_ws,Men's 10m Platform Semifinal A,Semifinal,17 MAR 2013,single,1-6,Judge 1,J1,CHOI Ka Wah
FINA/Midea Diving World Series 2013 - Beijing,beijing_2013_ws,Men's 10m Platform Semifinal A,Semifinal,17 MAR 2013,single,1-6,Judge 3,J3,NOVOTNA Hana Judge 7 KOH BENG Tony Kok
FINA/Midea Diving World Series 2013 - Beijing,beijing_2013_ws,Men's 10m Platform Semifinal B,Semifinal,17 MAR 2013,single,1-6,Judge 1,J1,CHOI Ka Wah
FINA/Midea Diving World Series 2013 - Beijing,beijing_2013_ws,Men's 10m Platform Semifinal B,Semifinal,17 MAR 2013,single,1-6,Judge 3,J3,NOVOTNA Hana Judge 7 KOH BENG Tony Kok
FINA/Midea Diving World Series 2013 - Beijing,beijing_2013_ws,Men's 10m Platform Final,Final,17 MAR 2013,single,1-6,Judge 3,J3,BRAWLEY Nancy Judge 7 CHOI Ka Wah
FINA/Midea Diving World Series 2013 - Beijing,beijing_2013_ws,Men's 10m Platform Final,Final,17 MAR 2013,single,1-6,Judge 4,J4,KOH BENG Tony Kok
FINA/Midea Diving World Series 2013 - Dubai,dubai_2013_ws,Women's 3m Springboard Semifinal A,Semifinal,22 MAR 2013,A,1-6,Judge 1,J1,PEREZ CANASVERAS Angel ESP
FINA/Midea Diving World Series 2013 - Dubai,dubai_2013_ws,Women's 3m Springboard Semifinal A,Semifinal,22 MAR 2013,B,1-6,Judge 5,J5,AXTELIOUS Peter SWE
FINA/Midea Diving World Series 2013 - Dubai,dubai_2013_ws,Women's 3m Springboard Semifinal A,Semifinal,22 MAR 2013,A,1-6,Judge 2,J2,HASSAN Mohamed EGY
FINA/Midea Diving World Series 2013 - Dubai,dubai_2013_ws,Women's 3m Springboard Semifinal A,Semifinal,22 MAR 2013,B,1-6,Judge 6,J6,FYRIGOS Konstantinos GRE
FINA/Midea Diving World Series 2013 - Dubai,dubai_2013_ws,Women's 3m Springboard Semifinal A,Semifinal,22 MAR 2013,A,1-6,Judge 3,J3,CORATIER Gregory FRA
FINA/Midea Diving World Series 2013 - Dubai,dubai_2013_ws,Women's 3m Springboard Semifinal A,Semifinal,22 MAR 2013,B,1-6,Judge 7,J7,ZAMPIERI Marco ITA
FINA/Midea Diving World Series 2013 - Dubai,dubai_2013_ws,Women's 3m Springboard Semifinal A,Semifinal,22 MAR 2013,single,1-6,Judge 4,J4,VAN DER VOORT Ronald NED
FINA/Midea Diving World Series 2013 - Dubai,dubai_2013_ws,Women's 3m Springboard Semifinal B,Semifinal,22 MAR 2013,A,1-6,Judge 1,J1,PEREZ CANASVERAS Angel ESP
FINA/Midea Diving World Series 2013 - Dubai,dubai_2013_ws,Women's 3m Springboard Semifinal B,Semifinal,22 MAR 2013,B,1-6,Judge 5,J5,AXTELIOUS Peter SWE
FINA/Midea Diving World Series 2013 - Dubai,dubai_2013_ws,Women's 3m Springboard Semifinal B,Semifinal,22 MAR 2013,A,1-6,Judge 2,J2,HASSAN Mohamed EGY
FINA/Midea Diving World Series 2013 - Dubai,dubai_2013_ws,Women's 3m Springboard Semifinal B,Semifinal,22 MAR 2013,B,1-6,Judge 6,J6,FYRIGOS Konstantinos GRE
FINA/Midea Diving World Series 2013 - Dubai,dubai_2013_ws,Women's 3m Springboard Semifinal B,Semifinal,22 MAR 2013,A,1-6,Judge 3,J3,CORATIER Gregory FRA
FINA/Midea Diving World Series 2013 - Dubai,dubai_2013_ws,Women's 3m Springboard Semifinal B,Semifinal,22 MAR 2013,B,1-6,Judge 7,J7,ZAMPIERI Marco ITA
FINA/Midea Diving World Series 2013 - Dubai,dubai_2013_ws,Women's 3m Springboard Semifinal B,Semifinal,22 MAR 2013,single,1-6,Judge 4,J4,VAN DER VOORT Ronald NED
FINA/Midea Diving World Series 2013 - Dubai,dubai_2013_ws,Women's 3m Springboard Final,Final,22 MAR 2013,A,1-6,Judge 1,J1,ZAMPIERI Marco ITA
FINA/Midea Diving World Series 2013 - Dubai,dubai_2013_ws,Women's 3m Springboard Final,Final,22 MAR 2013,B,1-6,Judge 5,J5,FYRIGOS Konstantinos GRE
FINA/Midea Diving World Series 2013 - Dubai,dubai_2013_ws,Women's 3m Springboard Final,Final,22 MAR 2013,A,1-6,Judge 2,J2,CORATIER Gregory FRA
FINA/Midea Diving World Series 2013 - Dubai,dubai_2013_ws,Women's 3m Springboard Final,Final,22 MAR 2013,B,1-6,Judge 6,J6,HASSAN Mohamed EGY
FINA/Midea Diving World Series 2013 - Dubai,dubai_2013_ws,Women's 3m Springboard Final,Final,22 MAR 2013,A,1-6,Judge 3,J3,AXTELIOUS Peter SWE
FINA/Midea Diving World Series 2013 - Dubai,dubai_2013_ws,Women's 3m Springboard Final,Final,22 MAR 2013,B,1-6,Judge 7,J7,VAN DER VOORT Ronald NED
FINA/Midea Diving World Series 2013 - Dubai,dubai_2013_ws,Women's 3m Springboard Final,Final,22 MAR 2013,single,1-6,Judge 4,J4,PEREZ CANASVERAS Angel ESP
FINA/Midea Diving World Series 2013 - Dubai,dubai_2013_ws,Men's 3m Springboard Semifinal A,Semifinal,22 MAR 2013,A,1-6,Judge 1,J1,VAN DER VOORT Ronald NED
FINA/Midea Diving World Series 2013 - Dubai,dubai_2013_ws,Men's 3m Springboard Semifinal A,Semifinal,22 MAR 2013,B,1-6,Judge 5,J5,PEREZ CANASVERAS Angel ESP
FINA/Midea Diving World Series 2013 - Dubai,dubai_2013_ws,Men's 3m Springboard Semifinal A,Semifinal,22 MAR 2013,A,1-6,Judge 2,J2,FYRIGOS Konstantinos GRE
FINA/Midea Diving World Series 2013 - Dubai,dubai_2013_ws,Men's 3m Springboard Semifinal A,Semifinal,22 MAR 2013,B,1-6,Judge 6,J6,ZAMPIERI Marco ITA
FINA/Midea Diving World Series 2013 - Dubai,dubai_2013_ws,Men's 3m Springboard Semifinal A,Semifinal,22 MAR 2013,A,1-6,Judge 3,J3,HASSAN Mohamed EGY
FINA/Midea Diving World Series 2013 - Dubai,dubai_2013_ws,Men's 3m Springboard Semifinal A,Semifinal,22 MAR 2013,B,1-6,Judge 7,J7,AXTELIOUS Peter SWE
FINA/Midea Diving World Series 2013 - Dubai,dubai_2013_ws,Men's 3m Springboard Semifinal A,Semifinal,22 MAR 2013,single,1-6,Judge 4,J4,CORATIER Gregory FRA
FINA/Midea Diving World Series 2013 - Dubai,dubai_2013_ws,Men's 3m Springboard Semifinal B,Semifinal,22 MAR 2013,A,1-6,Judge 1,J1,VAN DER VOORT Ronald NED
FINA/Midea Diving World Series 2013 - Dubai,dubai_2013_ws,Men's 3m Springboard Semifinal B,Semifinal,22 MAR 2013,B,1-6,Judge 5,J5,PEREZ CANASVERAS Angel ESP
FINA/Midea Diving World Series 2013 - Dubai,dubai_2013_ws,Men's 3m Springboard Semifinal B,Semifinal,22 MAR 2013,A,1-6,Judge 2,J2,FYRIGOS Konstantinos GRE
FINA/Midea Diving World Series 2013 - Dubai,dubai_2013_ws,Men's 3m Springboard Semifinal B,Semifinal,22 MAR 2013,B,1-6,Judge 6,J6,ZAMPIERI Marco ITA
FINA/Midea Diving World Series 2013 - Dubai,dubai_2013_ws,Men's 3m Springboard Semifinal B,Semifinal,22 MAR 2013,A,1-6,Judge 3,J3,HASSAN Mohamed EGY
FINA/Midea Diving World Series 2013 - Dubai,dubai_2013_ws,Men's 3m Springboard Semifinal B,Semifinal,22 MAR 2013,B,1-6,Judge 7,J7,AXTELIOUS Peter SWE
FINA/Midea Diving World Series 2013 - Dubai,dubai_2013_ws,Men's 3m Springboard Semifinal B,Semifinal,22 MAR 2013,single,1-6,Judge 4,J4,CORATIER Gregory FRA
FINA/Midea Diving World Series 2013 - Dubai,dubai_2013_ws,Men's 3m Springboard Final,Final,22 MAR 2013,A,1-6,Judge 1,J1,ZAMPIERI Marco ITA
FINA/Midea Diving World Series 2013 - Dubai,dubai_2013_ws,Men's 3m Springboard Final,Final,22 MAR 2013,B,1-6,Judge 5,J5,AXTELIOUS Peter SWE
FINA/Midea Diving World Series 2013 - Dubai,dubai_2013_ws,Men's 3m Springboard Final,Final,22 MAR 2013,A,1-6,Judge 2,J2,HASSAN Mohamed EGY
FINA/Midea Diving World Series 2013 - Dubai,dubai_2013_ws,Men's 3m Springboard Final,Final,22 MAR 2013,B,1-6,Judge 6,J6,CORATIER Gregory FRA
FINA/Midea Diving World Series 2013 - Dubai,dubai_2013_ws,Men's 3m Springboard Final,Final,22 MAR 2013,A,1-6,Judge 3,J3,FYRIGOS Konstantinos GRE
FINA/Midea Diving World Series 2013 - Dubai,dubai_2013_ws,Men's 3m Springboard Final,Final,22 MAR 2013,B,1-6,Judge 7,J7,VAN DER VOORT Ronald NED
FINA/Midea Diving World Series 2013 - Dubai,dubai_2013_ws,Men's 3m Springboard Final,Final,22 MAR 2013,single,1-6,Judge 4,J4,PEREZ CANASVERAS Angel ESP
FINA/Midea Diving World Series 2013 - Dubai,dubai_2013_ws,Women's 10m Platform Semifinal A,Semifinal,23 MAR 2013,A,1-6,Judge 1,J1,FYRIGOS Konstantinos GRE
FINA/Midea Diving World Series 2013 - Dubai,dubai_2013_ws,Women's 10m Platform Semifinal A,Semifinal,23 MAR 2013,B,1-6,Judge 5,J5,VAN DER VOORT Ronald NED
FINA/Midea Diving World Series 2013 - Dubai,dubai_2013_ws,Women's 10m Platform Semifinal A,Semifinal,23 MAR 2013,A,1-6,Judge 2,J2,PEREZ CANASVERAS Angel ESP
FINA/Midea Diving World Series 2013 - Dubai,dubai_2013_ws,Women's 10m Platform Semifinal A,Semifinal,23 MAR 2013,B,1-6,Judge 6,J6,AXTELIOUS Peter SWE
FINA/Midea Diving World Series 2013 - Dubai,dubai_2013_ws,Women's 10m Platform Semifinal A,Semifinal,23 MAR 2013,A,1-6,Judge 3,J3,ZAMPIERI Marco ITA
FINA/Midea Diving World Series 2013 - Dubai,dubai_2013_ws,Women's 10m Platform Semifinal A,Semifinal,23 MAR 2013,B,1-6,Judge 7,J7,HASSAN Mohamed EGY
FINA/Midea Diving World Series 2013 - Dubai,dubai_2013_ws,Women's 10m Platform Semifinal A,Semifinal,23 MAR 2013,single,1-6,Judge 4,J4,CORATIER Gregory FRA
FINA/Midea Diving World Series 2013 - Dubai,dubai_2013_ws,Women's 10m Platform Semifinal B,Semifinal,23 MAR 2013,A,1-6,Judge 1,J1,FYRIGOS Konstantinos GRE
FINA/Midea Diving World Series 2013 - Dubai,dubai_2013_ws,Women's 10m Platform Semifinal B,Semifinal,23 MAR 2013,B,1-6,Judge 5,J5,VAN DER VOORT Ronald NED
FINA/Midea Diving World Series 2013 - Dubai,dubai_2013_ws,Women's 10m Platform Semifinal B,Semifinal,23 MAR 2013,A,1-6,Judge 2,J2,PEREZ CANASVERAS Angel ESP
FINA/Midea Diving World Series 2013 - Dubai,dubai_2013_ws,Women's 10m Platform Semifinal B,Semifinal,23 MAR 2013,B,1-6,Judge 6,J6,AXTELIOUS Peter SWE
FINA/Midea Diving World Series 2013 - Dubai,dubai_2013_ws,Women's 10m Platform Semifinal B,Semifinal,23 MAR 2013,A,1-6,Judge 3,J3,ZAMPIERI Marco ITA
FINA/Midea Diving World Series 2013 - Dubai,dubai_2013_ws,Women's 10m Platform Semifinal B,Semifinal,23 MAR 2013,B,1-6,Judge 7,J7,HASSAN Mohamed EGY
FINA/Midea Diving World Series 2013 - Dubai,dubai_2013_ws,Women's 10m Platform Semifinal B,Semifinal,23 MAR 2013,single,1-6,Judge 4,J4,CORATIER Gregory FRA
FINA/Midea Diving World Series 2013 - Dubai,dubai_2013_ws,Women's 10m Platform Final,Final,23 MAR 2013,A,1-6,Judge 1,J1,VAN DER VOORT Ronald NED
FINA/Midea Diving World Series 2013 - Dubai,dubai_2013_ws,Women's 10m Platform Final,Final,23 MAR 2013,B,1-6,Judge 5,J5,HASSAN Mohamed EGY
FINA/Midea Diving World Series 2013 - Dubai,dubai_2013_ws,Women's 10m Platform Final,Final,23 MAR 2013,A,1-6,Judge 2,J2,FYRIGOS Konstantinos GRE
FINA/Midea Diving World Series 2013 - Dubai,dubai_2013_ws,Women's 10m Platform Final,Final,23 MAR 2013,B,1-6,Judge 6,J6,ZAMPIERI Marco ITA
FINA/Midea Diving World Series 2013 - Dubai,dubai_2013_ws,Women's 10m Platform Final,Final,23 MAR 2013,A,1-6,Judge 3,J3,PEREZ CANASVERAS Angel ESP
FINA/Midea Diving World Series 2013 - Dubai,dubai_2013_ws,Women's 10m Platform Final,Final,23 MAR 2013,B,1-6,Judge 7,J7,CORATIER Gregory FRA
FINA/Midea Diving World Series 2013 - Dubai,dubai_2013_ws,Women's 10m Platform Final,Final,23 MAR 2013,single,1-6,Judge 4,J4,AXTELIOUS Peter SWE
FINA/Midea Diving World Series 2013 - Dubai,dubai_2013_ws,Men's 10m Platform Semifinal A,Semifinal,23 MAR 2013,A,1-6,Judge 1,J1,PEREZ CANASVERAS Angel ESP
FINA/Midea Diving World Series 2013 - Dubai,dubai_2013_ws,Men's 10m Platform Semifinal A,Semifinal,23 MAR 2013,B,1-6,Judge 5,J5,FYRIGOS Konstantinos GRE
FINA/Midea Diving World Series 2013 - Dubai,dubai_2013_ws,Men's 10m Platform Semifinal A,Semifinal,23 MAR 2013,A,1-6,Judge 2,J2,AXTELIOUS Peter SWE
FINA/Midea Diving World Series 2013 - Dubai,dubai_2013_ws,Men's 10m Platform Semifinal A,Semifinal,23 MAR 2013,B,1-6,Judge 6,J6,CORATIER Gregory FRA
FINA/Midea Diving World Series 2013 - Dubai,dubai_2013_ws,Men's 10m Platform Semifinal A,Semifinal,23 MAR 2013,A,1-6,Judge 3,J3,VAN DER VOORT Ronald NED
FINA/Midea Diving World Series 2013 - Dubai,dubai_2013_ws,Men's 10m Platform Semifinal A,Semifinal,23 MAR 2013,B,1-6,Judge 7,J7,ZAMPIERI Marco ITA
FINA/Midea Diving World Series 2013 - Dubai,dubai_2013_ws,Men's 10m Platform Semifinal A,Semifinal,23 MAR 2013,single,1-6,Judge 4,J4,HASSAN Mohamed EGY
FINA/Midea Diving World Series 2013 - Dubai,dubai_2013_ws,Men's 10m Platform Final,Final,23 MAR 2013,A,1-6,Judge 1,J1,AXTELIOUS Peter SWE
FINA/Midea Diving World Series 2013 - Dubai,dubai_2013_ws,Men's 10m Platform Final,Final,23 MAR 2013,B,1-6,Judge 5,J5,VAN DER VOORT Ronald NED
FINA/Midea Diving World Series 2013 - Dubai,dubai_2013_ws,Men's 10m Platform Final,Final,23 MAR 2013,A,1-6,Judge 2,J2,PEREZ CANASVERAS Angel ESP
FINA/Midea Diving World Series 2013 - Dubai,dubai_2013_ws,Men's 10m Platform Final,Final,23 MAR 2013,B,1-6,Judge 6,J6,FYRIGOS Konstantinos GRE
FINA/Midea Diving World Series 2013 - Dubai,dubai_2013_ws,Men's 10m Platform Final,Final,23 MAR 2013,A,1-6,Judge 3,J3,HASSAN Mohamed EGY
FINA/Midea Diving World Series 2013 - Dubai,dubai_2013_ws,Men's 10m Platform Final,Final,23 MAR 2013,B,1-6,Judge 7,J7,CORATIER Gregory FRA
FINA/Midea Diving World Series 2013 - Dubai,dubai_2013_ws,Men's 10m Platform Final,Final,23 MAR 2013,single,1-6,Judge 4,J4,ZAMPIERI Marco ITA
FINA/Midea Diving World Series 2013 - Moscow,moscow_2013_ws,Women's 3m Springboard Semifinal A,Semifinal,27 APR 2013,A,1-6,Judge 1,J1,STRITT­BURK Carmen SUI
FINA/Midea Diving World Series 2013 - Moscow,moscow_2013_ws,Women's 3m Springboard Semifinal A,Semifinal,27 APR 2013,B,1-6,Judge 5,J5,SOROKINA Anna UKR
FINA/Midea Diving World Series 2013 - Moscow,moscow_2013_ws,Women's 3m Springboard Semifinal A,Semifinal,27 APR 2013,A,1-6,Judge 2,J2,BOUSSARD Michel FRA
FINA/Midea Diving World Series 2013 - Moscow,moscow_2013_ws,Women's 3m Springboard Semifinal A,Semifinal,27 APR 2013,B,1-6,Judge 6,J6,TOULOUDIS Nikolaos GRE
FINA/Midea Diving World Series 2013 - Moscow,moscow_2013_ws,Women's 3m Springboard Semifinal A,Semifinal,27 APR 2013,A,1-6,Judge 3,J3,NARYSHKIN Vladimir BLR
FINA/Midea Diving World Series 2013 - Moscow,moscow_2013_ws,Women's 3m Springboard Semifinal A,Semifinal,27 APR 2013,B,1-6,Judge 7,J7,AVASILOAE Florin ROU
FINA/Midea Diving World Series 2013 - Moscow,moscow_2013_ws,Women's 3m Springboard Semifinal A,Semifinal,27 APR 2013,single,1-6,Judge 4,J4,BEKETOV Andrei RUS
FINA/Midea Diving World Series 2013 - Moscow,moscow_2013_ws,Women's 3m Springboard Semifinal B,Semifinal,27 APR 2013,A,1-6,Judge 1,J1,STRITT­BURK Carmen SUI
FINA/Midea Diving World Series 2013 - Moscow,moscow_2013_ws,Women's 3m Springboard Semifinal B,Semifinal,27 APR 2013,B,1-6,Judge 5,J5,SOROKINA Anna UKR
FINA/Midea Diving World Series 2013 - Moscow,moscow_2013_ws,Women's 3m Springboard Semifinal B,Semifinal,27 APR 2013,A,1-6,Judge 2,J2,BOUSSARD Michel FRA
FINA/Midea Diving World Series 2013 - Moscow,moscow_2013_ws,Women's 3m Springboard Semifinal B,Semifinal,27 APR 2013,B,1-6,Judge 6,J6,TOULOUDIS Nikolaos GRE
FINA/Midea Diving World Series 2013 - Moscow,moscow_2013_ws,Women's 3m Springboard Semifinal B,Semifinal,27 APR 2013,A,1-6,Judge 3,J3,NARYSHKIN Vladimir BLR
FINA/Midea Diving World Series 2013 - Moscow,moscow_2013_ws,Women's 3m Springboard Semifinal B,Semifinal,27 APR 2013,B,1-6,Judge 7,J7,AVASILOAE Florin ROU
FINA/Midea Diving World Series 2013 - Moscow,moscow_2013_ws,Women's 3m Springboard Semifinal B,Semifinal,27 APR 2013,single,1-6,Judge 4,J4,BEKETOV Andrei RUS
FINA/Midea Diving World Series 2013 - Moscow,moscow_2013_ws,Women's 3m Springboard Final,Final,27 APR 2013,A,1-6,Judge 1,J1,TOULOUDIS Nikolaos GRE
FINA/Midea Diving World Series 2013 - Moscow,moscow_2013_ws,Women's 3m Springboard Final,Final,27 APR 2013,B,1-6,Judge 5,J5,BOUSSARD Michel FRA
FINA/Midea Diving World Series 2013 - Moscow,moscow_2013_ws,Women's 3m Springboard Final,Final,27 APR 2013,A,1-6,Judge 2,J2,BEKETOV Andrei RUS
FINA/Midea Diving World Series 2013 - Moscow,moscow_2013_ws,Women's 3m Springboard Final,Final,27 APR 2013,B,1-6,Judge 6,J6,NARYSHKIN Vladimir BLR
FINA/Midea Diving World Series 2013 - Moscow,moscow_2013_ws,Women's 3m Springboard Final,Final,27 APR 2013,A,1-6,Judge 3,J3,AVASILOAE Florin ROU
FINA/Midea Diving World Series 2013 - Moscow,moscow_2013_ws,Women's 3m Springboard Final,Final,27 APR 2013,B,1-6,Judge 7,J7,STRITT­BURK Carmen SUI
FINA/Midea Diving World Series 2013 - Moscow,moscow_2013_ws,Women's 3m Springboard Final,Final,27 APR 2013,single,1-6,Judge 4,J4,SOROKINA Anna UKR
FINA/Midea Diving World Series 2013 - Moscow,moscow_2013_ws,Men's 3m Springboard Semifinal A,Semifinal,27 APR 2013,A,1-6,Judge 1,J1,SOROKINA Anna UKR
FINA/Midea Diving World Series 2013 - Moscow,moscow_2013_ws,Men's 3m Springboard Semifinal A,Semifinal,27 APR 2013,B,1-6,Judge 5,J5,BOUSSARD Michel FRA
FINA/Midea Diving World Series 2013 - Moscow,moscow_2013_ws,Men's 3m Springboard Semifinal A,Semifinal,27 APR 2013,A,1-6,Judge 2,J2,AVASILOAE Florin ROU
FINA/Midea Diving World Series 2013 - Moscow,moscow_2013_ws,Men's 3m Springboard Semifinal A,Semifinal,27 APR 2013,B,1-6,Judge 6,J6,BEKETOV Andrei RUS
FINA/Midea Diving World Series 2013 - Moscow,moscow_2013_ws,Men's 3m Springboard Semifinal A,Semifinal,27 APR 2013,A,1-6,Judge 3,J3,STRITT­BURK Carmen SUI
FINA/Midea Diving World Series 2013 - Moscow,moscow_2013_ws,Men's 3m Springboard Semifinal A,Semifinal,27 APR 2013,B,1-6,Judge 7,J7,TOULOUDIS Nikolaos GRE
FINA/Midea Diving World Series 2013 - Moscow,moscow_2013_ws,Men's 3m Springboard Semifinal A,Semifinal,27 APR 2013,single,1-6,Judge 4,J4,NARYSHKIN Vladimir BLR
FINA/Midea Diving World Series 2013 - Moscow,moscow_2013_ws,Men's 3m Springboard Semifinal B,Semifinal,27 APR 2013,A,1-6,Judge 1,J1,SOROKINA Anna UKR
FINA/Midea Diving World Series 2013 - Moscow,moscow_2013_ws,Men's 3m Springboard Semifinal B,Semifinal,27 APR 2013,B,1-6,Judge 5,J5,BOUSSARD Michel FRA
FINA/Midea Diving World Series 2013 - Moscow,moscow_2013_ws,Men's 3m Springboard Semifinal B,Semifinal,27 APR 2013,A,1-6,Judge 2,J2,AVASILOAE Florin ROU
FINA/Midea Diving World Series 2013 - Moscow,moscow_2013_ws,Men's 3m Springboard Semifinal B,Semifinal,27 APR 2013,B,1-6,Judge 6,J6,BEKETOV Andrei RUS
FINA/Midea Diving World Series 2013 - Moscow,moscow_2013_ws,Men's 3m Springboard Semifinal B,Semifinal,27 APR 2013,A,1-6,Judge 3,J3,STRITT­BURK Carmen SUI
FINA/Midea Diving World Series 2013 - Moscow,moscow_2013_ws,Men's 3m Springboard Semifinal B,Semifinal,27 APR 2013,B,1-6,Judge 7,J7,TOULOUDIS Nikolaos GRE
FINA/Midea Diving World Series 2013 - Moscow,moscow_2013_ws,Men's 3m Springboard Semifinal B,Semifinal,27 APR 2013,single,1-6,Judge 4,J4,NARYSHKIN Vladimir BLR
FINA/Midea Diving World Series 2013 - Moscow,moscow_2013_ws,Men's 3m Springboard Final,Final,27 APR 2013,A,1-6,Judge 1,J1,AVASILOAE Florin ROU
FINA/Midea Diving World Series 2013 - Moscow,moscow_2013_ws,Men's 3m Springboard Final,Final,27 APR 2013,B,1-6,Judge 5,J5,STRITT­BURK Carmen SUI
FINA/Midea Diving World Series 2013 - Moscow,moscow_2013_ws,Men's 3m Springboard Final,Final,27 APR 2013,A,1-6,Judge 2,J2,SOROKINA Anna UKR
FINA/Midea Diving World Series 2013 - Moscow,moscow_2013_ws,Men's 3m Springboard Final,Final,27 APR 2013,B,1-6,Judge 6,J6,BOUSSARD Michel FRA
FINA/Midea Diving World Series 2013 - Moscow,moscow_2013_ws,Men's 3m Springboard Final,Final,27 APR 2013,A,1-6,Judge 3,J3,NARYSHKIN Vladimir BLR
FINA/Midea Diving World Series 2013 - Moscow,moscow_2013_ws,Men's 3m Springboard Final,Final,27 APR 2013,B,1-6,Judge 7,J7,BEKETOV Andrei RUS
FINA/Midea Diving World Series 2013 - Moscow,moscow_2013_ws,Men's 3m Springboard Final,Final,27 APR 2013,single,1-6,Judge 4,J4,TOULOUDIS Nikolaos GRE
FINA/Midea Diving World Series 2013 - Moscow,moscow_2013_ws,Women's 10m Platform Semifinal A,Semifinal,28 APR 2013,A,1-6,Judge 1,J1,BOUSSARD Michel FRA
FINA/Midea Diving World Series 2013 - Moscow,moscow_2013_ws,Women's 10m Platform Semifinal A,Semifinal,28 APR 2013,B,1-6,Judge 5,J5,STRITT­BURK Carmen SUI
FINA/Midea Diving World Series 2013 - Moscow,moscow_2013_ws,Women's 10m Platform Semifinal A,Semifinal,28 APR 2013,A,1-6,Judge 2,J2,SOROKINA Anna UKR
FINA/Midea Diving World Series 2013 - Moscow,moscow_2013_ws,Women's 10m Platform Semifinal A,Semifinal,28 APR 2013,B,1-6,Judge 6,J6,AVASILOAE Florin ROU
FINA/Midea Diving World Series 2013 - Moscow,moscow_2013_ws,Women's 10m Platform Semifinal A,Semifinal,28 APR 2013,A,1-6,Judge 3,J3,TOULOUDIS Nikolaos GRE
FINA/Midea Diving World Series 2013 - Moscow,moscow_2013_ws,Women's 10m Platform Semifinal A,Semifinal,28 APR 2013,B,1-6,Judge 7,J7,NARYSHKIN Vladimir BLR
FINA/Midea Diving World Series 2013 - Moscow,moscow_2013_ws,Women's 10m Platform Semifinal A,Semifinal,28 APR 2013,single,1-6,Judge 4,J4,BEKETOV Andrei RUS
FINA/Midea Diving World Series 2013 - Moscow,moscow_2013_ws,Women's 10m Platform Semifinal B,Semifinal,28 APR 2013,A,1-6,Judge 1,J1,BOUSSARD Michel FRA
FINA/Midea Diving World Series 2013 - Moscow,moscow_2013_ws,Women's 10m Platform Semifinal B,Semifinal,28 APR 2013,B,1-6,Judge 5,J5,STRITT­BURK Carmen SUI
FINA/Midea Diving World Series 2013 - Moscow,moscow_2013_ws,Women's 10m Platform Semifinal B,Semifinal,28 APR 2013,A,1-6,Judge 2,J2,SOROKINA Anna UKR
FINA/Midea Diving World Series 2013 - Moscow,moscow_2013_ws,Women's 10m Platform Semifinal B,Semifinal,28 APR 2013,B,1-6,Judge 6,J6,AVASILOAE Florin ROU
FINA/Midea Diving World Series 2013 - Moscow,moscow_2013_ws,Women's 10m Platform Semifinal B,Semifinal,28 APR 2013,A,1-6,Judge 3,J3,TOULOUDIS Nikolaos GRE
FINA/Midea Diving World Series 2013 - Moscow,moscow_2013_ws,Women's 10m Platform Semifinal B,Semifinal,28 APR 2013,B,1-6,Judge 7,J7,NARYSHKIN Vladimir BLR
FINA/Midea Diving World Series 2013 - Moscow,moscow_2013_ws,Women's 10m Platform Semifinal B,Semifinal,28 APR 2013,single,1-6,Judge 4,J4,BEKETOV Andrei RUS
FINA/Midea Diving World Series 2013 - Moscow,moscow_2013_ws,Women's 10m Platform Final,Final,28 APR 2013,A,1-6,Judge 1,J1,STRITT­BURK Carmen SUI
FINA/Midea Diving World Series 2013 - Moscow,moscow_2013_ws,Women's 10m Platform Final,Final,28 APR 2013,B,1-6,Judge 5,J5,NARYSHKIN Vladimir BLR
FINA/Midea Diving World Series 2013 - Moscow,moscow_2013_ws,Women's 10m Platform Final,Final,28 APR 2013,A,1-6,Judge 2,J2,BOUSSARD Michel FRA
FINA/Midea Diving World Series 2013 - Moscow,moscow_2013_ws,Women's 10m Platform Final,Final,28 APR 2013,B,1-6,Judge 6,J6,TOULOUDIS Nikolaos GRE
FINA/Midea Diving World Series 2013 - Moscow,moscow_2013_ws,Women's 10m Platform Final,Final,28 APR 2013,A,1-6,Judge 3,J3,SOROKINA Anna UKR
FINA/Midea Diving World Series 2013 - Moscow,moscow_2013_ws,Women's 10m Platform Final,Final,28 APR 2013,B,1-6,Judge 7,J7,BEKETOV Andrei RUS
FINA/Midea Diving World Series 2013 - Moscow,moscow_2013_ws,Women's 10m Platform Final,Final,28 APR 2013,single,1-6,Judge 4,J4,AVASILOAE Florin ROU
FINA/Midea Diving World Series 2013 - Moscow,moscow_2013_ws,Men's 10m Platform Preliminary,Preliminary,28 APR 2013,A,1-6,Judge 1,J1,SOROKINA Anna UKR
FINA/Midea Diving World Series 2013 - Moscow,moscow_2013_ws,Men's 10m Platform Preliminary,Preliminary,28 APR 2013,B,1-6,Judge 5,J5,AVASILOAE Florin ROU
FINA/Midea Diving World Series 2013 - Moscow,moscow_2013_ws,Men's 10m Platform Preliminary,Preliminary,28 APR 2013,A,1-6,Judge 2,J2,NARYSHKIN Vladimir BLR
FINA/Midea Diving World Series 2013 - Moscow,moscow_2013_ws,Men's 10m Platform Preliminary,Preliminary,28 APR 2013,B,1-6,Judge 6,J6,BOUSSARD Michel FRA
FINA/Midea Diving World Series 2013 - Moscow,moscow_2013_ws,Men's 10m Platform Preliminary,Preliminary,28 APR 2013,A,1-6,Judge 3,J3,BEKETOV Andrei RUS
FINA/Midea Diving World Series 2013 - Moscow,moscow_2013_ws,Men's 10m Platform Preliminary,Preliminary,28 APR 2013,B,1-6,Judge 7,J7,TOULOUDIS Nikolaos GRE
FINA/Midea Diving World Series 2013 - Moscow,moscow_2013_ws,Men's 10m Platform Preliminary,Preliminary,28 APR 2013,single,1-6,Judge 4,J4,STRITT­BURK Carmen SUI
FINA/Midea Diving World Series 2013 - Moscow,moscow_2013_ws,Men's 10m Platform Final,Final,28 APR 2013,A,1-6,Judge 1,J1,AVASILOAE Florin ROU
FINA/Midea Diving World Series 2013 - Moscow,moscow_2013_ws,Men's 10m Platform Final,Final,28 APR 2013,B,1-6,Judge 5,J5,TOULOUDIS Nikolaos GRE
FINA/Midea Diving World Series 2013 - Moscow,moscow_2013_ws,Men's 10m Platform Final,Final,28 APR 2013,A,1-6,Judge 2,J2,NARYSHKIN Vladimir BLR
FINA/Midea Diving World Series 2013 - Moscow,moscow_2013_ws,Men's 10m Platform Final,Final,28 APR 2013,B,1-6,Judge 6,J6,BEKETOV Andrei RUS
FINA/Midea Diving World Series 2013 - Moscow,moscow_2013_ws,Men's 10m Platform Final,Final,28 APR 2013,A,1-6,Judge 3,J3,BOUSSARD Michel FRA
FINA/Midea Diving World Series 2013 - Moscow,moscow_2013_ws,Men's 10m Platform Final,Final,28 APR 2013,B,1-6,Judge 7,J7,STRITT­BURK Carmen SUI
FINA/Midea Diving World Series 2013 - Moscow,moscow_2013_ws,Men's 10m Platform Final,Final,28 APR 2013,single,1-6,Judge 4,J4,SOROKINA Anna UKR
FINA/Midea Diving World Series 2013 - Guadalajara,guadalajara_2013_ws,Women's 3m Springboard Semifinal A,Semifinal,18 MAY 2013,single,1-6,Judge 2,J2,BARBOSA Ana
FINA/Midea Diving World Series 2013 - Guadalajara,guadalajara_2013_ws,Women's 3m Springboard Semifinal B,Semifinal,18 MAY 2013,single,1-6,Judge 2,J2,BARBOSA Ana
FINA/Midea Diving World Series 2013 - Guadalajara,guadalajara_2013_ws,Women's 3m Springboard Final,Final,18 MAY 2013,single,1-6,Judge 2,J2,BANUELOS Ricardo Judge 6 BARBOSA Ana
FINA/Midea Diving World Series 2013 - Guadalajara,guadalajara_2013_ws,Men's 3m Springboard Semifinal A,Semifinal,18 MAY 2013,single,1-6,Judge 4,J4,BARBOSA Ana
FINA/Midea Diving World Series 2013 - Guadalajara,guadalajara_2013_ws,Men's 3m Springboard Semifinal B,Semifinal,18 MAY 2013,single,1-6,Judge 4,J4,BARBOSA Ana
FINA/Midea Diving World Series 2013 - Guadalajara,guadalajara_2013_ws,Men's 3m Springboard Final,Final,18 MAY 2013,single,1-6,Judge 2,J2,BARBOSA Ana
FINA/Midea Diving World Series 2013 - Guadalajara,guadalajara_2013_ws,Women's 10m Platform Semifinal A,Semifinal,19 MAY 2013,single,1-6,Judge 1,J1,BARBOSA Ana
FINA/Midea Diving World Series 2013 - Guadalajara,guadalajara_2013_ws,Women's 10m Platform Semifinal B,Semifinal,19 MAY 2013,single,1-6,Judge 1,J1,BARBOSA Ana
FINA/Midea Diving World Series 2013 - Guadalajara,guadalajara_2013_ws,Women's 10m Platform Final,Final,19 MAY 2013,single,1-6,Judge 1,J1,MORANTE Juan Guillermo Judge 5 BARBOSA Ana
FINA/Midea Diving World Series 2013 - Guadalajara,guadalajara_2013_ws,Men's 10m Platform Preliminary,Preliminary,19 MAY 2013,single,1-6,Judge 1,J1,MORNEAU Helene Judge 5 BARBOSA Ana
FINA/Midea Diving World Series 2013 - Guadalajara,guadalajara_2013_ws,Men's 10m Platform Final,Final,19 MAY 2013,single,1-6,Judge 3,J3,BARBOSA Ana
15th FINA World Championships 2013 (Diving),barcelona_2013_wch,Men's 1m Springboard Preliminary,Preliminary,20 JUL 2013,single,1-6,Judge 4,J4,NG DO ROSARIO Sio Wan
15th FINA World Championships 2013 (Diving),barcelona_2013_wch,Women's 10m Platform Semifinal,Semifinal,24 JUL 2013,single,1-6,Judge 6,J6,NG DO ROSARIO Sio Wan
15th FINA World Championships 2013 (Diving),barcelona_2013_wch,Men's 3m Springboard Semifinal,Semifinal,25 JUL 2013,single,1-6,Judge 6,J6,NG DO ROSARIO Sio Wan
15th FINA World Championships 2013 (Diving),barcelona_2013_wch,Women's 3m Springboard Preliminary,Preliminary,26 JUL 2013,single,1-6,Judge 7,J7,NG DO ROSARIO Sio Wan
15th FINA World Championships 2013 (Diving),barcelona_2013_wch,Women's 3m Springboard Semifinal,Semifinal,26 JUL 2013,single,1-6,Judge 4,J4,NG DO ROSARIO Sio Wan
15th FINA World Championships 2013 (Diving),barcelona_2013_wch,Women's 3m Springboard Final,Final,27 JUL 2013,single,1-6,Judge 3,J3,NG DO ROSARIO Sio Wan
15th FINA World Championships 2013 (Diving),barcelona_2013_wch,Men's 10m Platform Semifinal,Semifinal,27 JUL 2013,single,1-6,Judge 3,J3,NG DO ROSARIO Sio Wan
15th FINA World Championships 2013 (Diving),barcelona_2013_wch,Men's 10m Platform Final,Final,28 JUL 2013,single,1-6,Judge 3,J3,NG DO ROSARIO Sio Wan
FINA/NVC Diving World Series 2014 - Beijing,beijing_2014_ws,Men's 3m Springboard Semifinal A,Semifinal,15 MAR 2014,single,1-6,Judge 2,J2,CHOI Ka Wah
FINA/NVC Diving World Series 2014 - Beijing,beijing_2014_ws,Men's 3m Springboard Semifinal B,Semifinal,15 MAR 2014,single,1-6,Judge 2,J2,CHOI Ka Wah
FINA/NVC Diving World Series 2014 - Beijing,beijing_2014_ws,Men's 10m Platform Semifinal A,Semifinal,16 MAR 2014,single,1-6,Judge 1,J1,SUCK HONG Min
FINA/NVC Diving World Series 2014 - Beijing,beijing_2014_ws,Men's 10m Platform Semifinal A,Semifinal,16 MAR 2014,single,1-6,Judge 6,J6,CHOI Ka Wah
FINA/NVC Diving World Series 2014 - Beijing,beijing_2014_ws,Men's 10m Platform Semifinal B,Semifinal,16 MAR 2014,single,1-6,Judge 1,J1,SUCK HONG Min
FINA/NVC Diving World Series 2014 - Beijing,beijing_2014_ws,Men's 10m Platform Semifinal B,Semifinal,16 MAR 2014,single,1-6,Judge 6,J6,CHOI Ka Wah
FINA/NVC Diving World Series 2014 - Beijing,beijing_2014_ws,Men's 10m Platform Final,Final,16 MAR 2014,single,1-6,Judge 5,J5,CHOI Ka Wah
FINA/NVC Diving World Series 2014 - Beijing,beijing_2014_ws,Men's 10m Platform Final,Final,16 MAR 2014,single,1-6,Judge 7,J7,SUCK HONG Min
FINA/NVC Diving World Series 2014 - Beijing,beijing_2014_ws,Women's 3m Springboard Semifinal A,Semifinal,15 MAR 2014,single,1-6,Judge 3,J3,SUCK HONG Min
FINA/NVC Diving World Series 2014 - Beijing,beijing_2014_ws,Women's 3m Springboard Semifinal B,Semifinal,15 MAR 2014,single,1-6,Judge 3,J3,SUCK HONG Min
FINA/NVC Diving World Series 2014 - Beijing,beijing_2014_ws,Women's 3m Springboard Final,Final,15 MAR 2014,single,1-6,Judge 2,J2,SUCK HONG Min
FINA/NVC Diving World Series 2014 - Beijing,beijing_2014_ws,Women's 10m Platform Semifinal A,Semifinal,16 MAR 2014,single,1-6,Judge 4,J4,SUCK HONG Min
FINA/NVC Diving World Series 2014 - Beijing,beijing_2014_ws,Women's 10m Platform Semifinal A,Semifinal,16 MAR 2014,single,1-6,Judge 5,J5,CHOI Ka Wah
FINA/NVC Diving World Series 2014 - Beijing,beijing_2014_ws,Women's 10m Platform Semifinal B,Semifinal,16 MAR 2014,single,1-6,Judge 4,J4,SUCK HONG Min
FINA/NVC Diving World Series 2014 - Beijing,beijing_2014_ws,Women's 10m Platform Semifinal B,Semifinal,16 MAR 2014,single,1-6,Judge 5,J5,CHOI Ka Wah
FINA/NVC Diving World Series 2014 - Beijing,beijing_2014_ws,Women's 10m Platform Final,Final,16 MAR 2014,single,1-6,Judge 1,J1,CHOI Ka Wah
FINA/NVC Diving World Series 2014 - Beijing,beijing_2014_ws,Women's 10m Platform Final,Final,16 MAR 2014,single,1-6,Judge 7,J7,SUCK HONG Min
FINA/NVC Diving World Series 2014 - Windsor,windsor_2014_ws,Men's 10m Platform Semifinal A,Semifinal,1 JUN 2014,single,1-6,Judge 2,J2,BARBOSA Ana
FINA/NVC Diving World Series 2014 - Windsor,windsor_2014_ws,Men's 10m Platform Semifinal B,Semifinal,1 JUN 2014,single,1-6,Judge 2,J2,BARBOSA Ana
FINA/NVC Diving World Series 2014 - Windsor,windsor_2014_ws,Men's 10m Platform Final,Final,1 JUN 2014,single,1-6,Judge 4,J4,BARBOSA Ana
FINA/NVC Diving World Series 2014 - Windsor,windsor_2014_ws,Women's 3m Springboard Semifinal A,Semifinal,31 MAY 2014,single,1-6,Judge 3,J3,BARBOSA Ana
FINA/NVC Diving World Series 2014 - Windsor,windsor_2014_ws,Women's 3m Springboard Semifinal B,Semifinal,31 MAY 2014,single,1-6,Judge 3,J3,BARBOSA Ana
FINA/NVC Diving World Series 2014 - Windsor,windsor_2014_ws,Women's 3m Springboard Final,Final,31 MAY 2014,single,1-6,Judge 4,J4,BARBOSA Ana
FINA/NVC Diving World Series 2014 - Windsor,windsor_2014_ws,Women's 10m Platform Semifinal A,Semifinal,1 JUN 2014,single,1-6,Judge 5,J5,BARBOSA Ana
FINA/NVC Diving World Series 2014 - Windsor,windsor_2014_ws,Women's 10m Platform Semifinal B,Semifinal,1 JUN 2014,single,1-6,Judge 5,J5,BARBOSA Ana
FINA/NVC Diving World Series 2014 - Windsor,windsor_2014_ws,Women's 10m Platform Final,Final,1 JUN 2014,single,1-6,Judge 3,J3,BARBOSA Ana
FINA/NVC Diving World Series 2014 - Monterrey,monterrey_2014_ws,Men's 3m Springboard Semifinal A,Semifinal,7 JUN 2014,single,1-6,Judge 3,J3,BOYS Bev
FINA/NVC Diving World Series 2014 - Monterrey,monterrey_2014_ws,Men's 3m Springboard Semifinal B,Semifinal,7 JUN 2014,single,1-6,Judge 3,J3,BOYS Bev
FINA/NVC Diving World Series 2014 - Monterrey,monterrey_2014_ws,Men's 3m Springboard Final,Final,7 JUN 2014,single,1-6,Judge 4,J4,BOYS Bev
FINA/NVC Diving World Series 2014 - Monterrey,monterrey_2014_ws,Men's 10m Platform Semifinal A,Semifinal,8 JUN 2014,single,1-6,Judge 1,J1,BOYS Bev
FINA/NVC Diving World Series 2014 - Monterrey,monterrey_2014_ws,Men's 10m Platform Semifinal B,Semifinal,8 JUN 2014,single,1-6,Judge 1,J1,BOYS Bev
FINA/NVC Diving World Series 2014 - Monterrey,monterrey_2014_ws,Men's 10m Platform Final,Final,8 JUN 2014,single,1-6,Judge 6,J6,BOYS Bev
FINA/NVC Diving World Series 2014 - Monterrey,monterrey_2014_ws,Women's 3m Springboard Semifinal A,Semifinal,7 JUN 2014,single,1-6,Judge 2,J2,BOYS Bev
FINA/NVC Diving World Series 2014 - Monterrey,monterrey_2014_ws,Women's 3m Springboard Semifinal B,Semifinal,7 JUN 2014,single,1-6,Judge 2,J2,BOYS Bev
FINA/NVC Diving World Series 2014 - Monterrey,monterrey_2014_ws,Women's 3m Springboard Final,Final,7 JUN 2014,single,1-6,Judge 6,J6,BOYS Bev
FINA/NVC Diving World Series 2015 - Beijing,beijing_2015_ws,Men's 3m Springboard Semifinal A,Semifinal,14 MAR 2015,single,1-6,Judge 1,J1,YEOH Ken Nee
FINA/NVC Diving World Series 2015 - Beijing,beijing_2015_ws,Men's 3m Springboard Semifinal B,Semifinal,14 MAR 2015,single,1-6,Judge 1,J1,YEOH Ken Nee
FINA/NVC Diving World Series 2015 - Beijing,beijing_2015_ws,Men's 3m Springboard Final,Final,14 MAR 2015,single,1-6,Judge 4,J4,YEOH Ken Nee
FINA/NVC Diving World Series 2015 - Beijing,beijing_2015_ws,Men's 10m Platform Semifinal A,Semifinal,15 MAR 2015,single,1-6,Judge 1,J1,YEOH Ken Nee
FINA/NVC Diving World Series 2015 - Beijing,beijing_2015_ws,Men's 10m Platform Semifinal B,Semifinal,15 MAR 2015,single,1-6,Judge 1,J1,YEOH Ken Nee
FINA/NVC Diving World Series 2015 - Beijing,beijing_2015_ws,Men's 10m Platform Final,Final,15 MAR 2015,single,1-6,Judge 7,J7,YEOH Ken Nee
FINA/NVC Diving World Series 2015 - Beijing,beijing_2015_ws,Women's 3m Springboard Semifinal A,Semifinal,14 MAR 2015,single,1-6,Judge 3,J3,YEOH Ken Nee
FINA/NVC Diving World Series 2015 - Beijing,beijing_2015_ws,Women's 3m Springboard Semifinal B,Semifinal,14 MAR 2015,single,1-6,Judge 3,J3,YEOH Ken Nee
FINA/NVC Diving World Series 2015 - Beijing,beijing_2015_ws,Women's 3m Springboard Final,Final,14 MAR 2015,single,1-6,Judge 2,J2,YEOH Ken Nee
FINA/NVC Diving World Series 2015 - Beijing,beijing_2015_ws,Women's 10m Platform Semifinal A,Semifinal,15 MAR 2015,single,1-6,Judge 4,J4,YEOH Ken Nee
FINA/NVC Diving World Series 2015 - Beijing,beijing_2015_ws,Women's 10m Platform Semifinal B,Semifinal,15 MAR 2015,single,1-6,Judge 4,J4,YEOH Ken Nee
FINA/NVC Diving World Series 2015 - Beijing,beijing_2015_ws,Women's 10m Platform Final,Final,15 MAR 2015,single,1-6,Judge 7,J7,YEOH Ken Nee
FINA/NVC Diving World Series 2015 - Dubai,dubai_2015_ws,Men's 10m Platform Semifinal A,Semifinal,21 MAR 2015,single,1-6,Judge 2,J2,REDHAEI Ali
FINA/NVC Diving World Series 2015 - Dubai,dubai_2015_ws,Men's 10m Platform Semifinal B,Semifinal,21 MAR 2015,single,1-6,Judge 2,J2,REDHAEI Ali
FINA/NVC Diving World Series 2015 - Dubai,dubai_2015_ws,Men's 10m Platform Final,Final,21 MAR 2015,single,1-6,Judge 1,J1,REDHAEI Ali
FINA/NVC Diving World Series 2015 - Dubai,dubai_2015_ws,Women's 3m Springboard Semifinal A,Semifinal,20 MAR 2015,single,1-6,Judge 2,J2,REDHAEI Ali
FINA/NVC Diving World Series 2015 - Dubai,dubai_2015_ws,Women's 3m Springboard Semifinal B,Semifinal,20 MAR 2015,single,1-6,Judge 2,J2,REDHAEI Ali
FINA/NVC Diving World Series 2015 - Dubai,dubai_2015_ws,Women's 3m Springboard Final,Final,20 MAR 2015,single,1-6,Judge 6,J6,REDHAEI Ali
FINA/NVC Diving World Series 2015 - Dubai,dubai_2015_ws,Women's 10m Platform Semifinal A,Semifinal,21 MAR 2015,single,1-6,Judge 3,J3,REDHAEI Ali
FINA/NVC Diving World Series 2015 - Dubai,dubai_2015_ws,Women's 10m Platform Semifinal B,Semifinal,21 MAR 2015,single,1-6,Judge 3,J3,REDHAEI Ali
FINA/NVC Diving World Series 2015 - Dubai,dubai_2015_ws,Women's 10m Platform Final,Final,21 MAR 2015,single,1-6,Judge 6,J6,REDHAEI Ali
FINA/NVC Diving World Series 2015 - London,london_2015_ws,Men's 3m Springboard Semifinal A,Semifinal,2 MAY 2015,single,1-6,Judge 5,J5,PIKTURNIENE Ale
FINA/NVC Diving World Series 2015 - London,london_2015_ws,Men's 3m Springboard Semifinal B,Semifinal,2 MAY 2015,single,1-6,Judge 5,J5,PIKTURNIENE Ale
FINA/NVC Diving World Series 2015 - London,london_2015_ws,Men's 3m Springboard Final,Final,2 MAY 2015,single,1-6,Judge 3,J3,PIKTURNIENE Ale
FINA/NVC Diving World Series 2015 - London,london_2015_ws,Women's 3m Springboard Semifinal A,Semifinal,2 MAY 2015,single,1-6,Judge 6,J6,PIKTURNIENE Ale
FINA/NVC Diving World Series 2015 - London,london_2015_ws,Women's 3m Springboard Semifinal B,Semifinal,2 MAY 2015,single,1-6,Judge 6,J6,PIKTURNIENE Ale
FINA/NVC Diving World Series 2015 - London,london_2015_ws,Women's 3m Springboard Final,Final,2 MAY 2015,single,1-6,Judge 4,J4,PIKTURNIENE Ale
FINA/NVC Diving World Series 2015 - London,london_2015_ws,Women's 10m Platform Semifinal A,Semifinal,3 MAY 2015,single,1-6,Judge 2,J2,PIKTURNIENE Ale
FINA/NVC Diving World Series 2015 - London,london_2015_ws,Women's 10m Platform Semifinal B,Semifinal,3 MAY 2015,single,1-6,Judge 2,J2,PIKTURNIENE Ale
FINA/NVC Diving World Series 2015 - London,london_2015_ws,Women's 10m Platform Final,Final,3 MAY 2015,single,1-6,Judge 3,J3,PIKTURNIENE Ale
16th FINA World Championships 2015 (Diving),kazan_2015_wch,Men's 1m Springboard Preliminary,Preliminary,24 JUL 2015,single,1-6,Judge 4,J4,LANG Rao
16th FINA World Championships 2015 (Diving),kazan_2015_wch,Women's 1m Springboard Preliminary,Preliminary,26 JUL 2015,single,1-6,Judge 3,J3,SUCK Hong Min
16th FINA World Championships 2015 (Diving),kazan_2015_wch,Women's 10m Platform Semifinal,Semifinal,29 JUL 2015,single,1-6,Judge 1,J1,LANG Rao
16th FINA World Championships 2015 (Diving),kazan_2015_wch,Men's 3m Springboard Preliminary,Preliminary,30 JUL 2015,single,1-6,Judge 3,J3,SUCK Hong Min
16th FINA World Championships 2015 (Diving),kazan_2015_wch,Men's 3m Springboard Preliminary,Preliminary,30 JUL 2015,single,1-6,Judge 2,J2,LANG Rao
16th FINA World Championships 2015 (Diving),kazan_2015_wch,Women's 3m Springboard Preliminary,Preliminary,31 JUL 2015,single,1-6,Judge 7,J7,LANG Rao
16th FINA World Championships 2015 (Diving),kazan_2015_wch,Women's 3m Springboard Semifinal,Semifinal,31 JUL 2015,single,1-6,Judge 2,J2,LANG Rao
16th FINA World Championships 2015 (Diving),kazan_2015_wch,Men's 10m Platform Preliminary,Preliminary,1 AUG 2015,single,1-6,Judge 3,J3,SUCK Hong Min
16th FINA World Championships 2015 (Diving),kazan_2015_wch,Men's 10m Platform Semifinal,Semifinal,1 AUG 2015,single,1-6,Judge 1,J1,LANG Rao
16th FINA World Championships 2015 (Diving),kazan_2015_wch,Men's 10m Platform Semifinal,Semifinal,1 AUG 2015,single,1-6,Judge 4,J4,SUCK Hong Min
FINA Diving World Cup 2016,rio_2016_wc,Men's 3m Springboard Preliminary,Preliminary,21 FEB 2016,single,1-6,Judge 2,J2,YEOH Ken Nee
FINA Diving World Cup 2016,rio_2016_wc,Men's 3m Springboard Semifinal,Semifinal,22 FEB 2016,single,1-6,Judge 4,J4,GENG Tao
FINA Diving World Cup 2016,rio_2016_wc,Men's 3m Springboard Semifinal,Semifinal,22 FEB 2016,single,1-6,Judge 5,J5,PIKTURNIENE Ale
FINA Diving World Cup 2016,rio_2016_wc,Men's 3m Springboard Final,Final,22 FEB 2016,single,1-6,Judge 2,J2,YEOH Ken Nee
FINA Diving World Cup 2016,rio_2016_wc,Men's 10m Platform Semifinal,Semifinal,24 FEB 2016,single,1-6,Judge 2,J2,PIKTURNIENE Ale
FINA Diving World Cup 2016,rio_2016_wc,Men's 10m Platform Semifinal,Semifinal,24 FEB 2016,single,1-6,Judge 6,J6,YEOH Ken Nee
FINA Diving World Cup 2016,rio_2016_wc,Women's 3m Springboard Preliminary,Preliminary,22 FEB 2016,single,1-6,Judge 2,J2,PIKTURNIENE Ale
FINA Diving World Cup 2016,rio_2016_wc,Women's 3m Springboard Semifinal,Semifinal,23 FEB 2016,single,1-6,Judge 2,J2,PIKTURNIENE Ale
FINA Diving World Cup 2016,rio_2016_wc,Women's 10m Platform Preliminary,Preliminary,20 FEB 2016,single,1-6,Judge 6,J6,GENG Tao
FINA Diving World Cup 2016,rio_2016_wc,Women's 10m Platform Preliminary,Preliminary,20 FEB 2016,single,1-6,Judge 3,J3,YEOH Ken Nee
FINA Diving World Cup 2016,rio_2016_wc,Women's 10m Platform Semifinal,Semifinal,21 FEB 2016,single,1-6,Judge 3,J3,PIKTURNIENE Ale
FINA Diving World Cup 2016,rio_2016_wc,Women's 10m Platform Semifinal,Semifinal,21 FEB 2016,single,1-6,Judge 5,J5,YEOH Ken Nee
FINA/NVC Diving World Series 2017,beijing_2017_ws,Men's 3m Springboard Semifinal A,Semifinal,4 MAR 2017,single,1-6,Judge 5,J5,YEOH Ken Nee
FINA/NVC Diving World Series 2017,beijing_2017_ws,Men's 3m Springboard Semifinal B,Semifinal,4 MAR 2017,single,1-6,Judge 5,J5,YEOH Ken Nee
FINA/NVC Diving World Series 2017,beijing_2017_ws,Men's 3m Springboard Final,Final,4 MAR 2017,single,1-6,Judge 3,J3,YEOH Ken Nee
FINA/NVC Diving World Series 2017,beijing_2017_ws,Women's 3m Springboard Semifinal A,Semifinal,4 MAR 2017,single,1-6,Judge 7,J7,YEOH Ken Nee
FINA/NVC Diving World Series 2017,beijing_2017_ws,Women's 3m Springboard Semifinal B,Semifinal,4 MAR 2017,single,1-6,Judge 7,J7,YEOH Ken Nee
FINA/NVC Diving World Series 2017,beijing_2017_ws,Women's 3m Springboard Final,Final,4 MAR 2017,single,1-6,Judge 1,J1,YEOH Ken Nee
FINA/NVC Diving World Series 2017,beijing_2017_ws,Women's 10m Platform Semifinal A,Semifinal,5 MAR 2017,single,1-6,Judge 3,J3,YEOH Ken Nee
FINA/NVC Diving World Series 2017,beijing_2017_ws,Women's 10m Platform Semifinal B,Semifinal,5 MAR 2017,single,1-6,Judge 3,J3,YEOH Ken Nee
FINA/NVC Diving World Series 2017,beijing_2017_ws,Women's 10m Platform Final,Final,5 MAR 2017,single,1-6,Judge 6,J6,YEOH Ken Nee
FINA/NVC Diving World Series 2017,guangzhou_2017_ws,Men's 3m Springboard Semifinal A,Semifinal,10 MAR 2017,single,1-6,Judge 3,J3,GENG Tao
FINA/NVC Diving World Series 2017,guangzhou_2017_ws,Men's 3m Springboard Semifinal B,Semifinal,10 MAR 2017,single,1-6,Judge 3,J3,GENG Tao
FINA/NVC Diving World Series 2017,guangzhou_2017_ws,Men's 3m Springboard Final,Final,10 MAR 2017,single,1-6,Judge 7,J7,GENG Tao
FINA/NVC Diving World Series 2017,guangzhou_2017_ws,Men's 10m Platform Semifinal A,Semifinal,11 MAR 2017,single,1-6,Judge 6,J6,GENG Tao
FINA/NVC Diving World Series 2017,guangzhou_2017_ws,Men's 10m Platform Semifinal B,Semifinal,11 MAR 2017,single,1-6,Judge 6,J6,GENG Tao
FINA/NVC Diving World Series 2017,guangzhou_2017_ws,Men's 10m Platform Final,Final,11 MAR 2017,single,1-6,Judge 4,J4,GENG Tao
FINA/NVC Diving World Series 2017,guangzhou_2017_ws,Women's 3m Springboard Semifinal A,Semifinal,10 MAR 2017,single,1-6,Judge 3,J3,GENG Tao
FINA/NVC Diving World Series 2017,guangzhou_2017_ws,Women's 3m Springboard Semifinal B,Semifinal,10 MAR 2017,single,1-6,Judge 3,J3,GENG Tao
FINA/NVC Diving World Series 2017,guangzhou_2017_ws,Women's 3m Springboard Final,Final,10 MAR 2017,single,1-6,Judge 2,J2,GENG Tao
FINA/NVC Diving World Series 2017,guangzhou_2017_ws,Women's 10m Platform Semifinal A,Semifinal,11 MAR 2017,single,1-6,Judge 1,J1,GENG Tao
FINA/NVC Diving World Series 2017,guangzhou_2017_ws,Women's 10m Platform Semifinal B,Semifinal,11 MAR 2017,single,1-6,Judge 1,J1,GENG Tao
FINA/NVC Diving World Series 2017,guangzhou_2017_ws,Women's 10m Platform Final,Final,11 MAR 2017,single,1-6,Judge 6,J6,GENG Tao
17th FINA World Championships 2017 (Diving),budapest_2017_wch,Men's 1m Springboard Preliminary,Preliminary,14 JUL 2017,single,1-6,Judge 2,J2,NG DE ROSARIO Sio Wan
17th FINA World Championships 2017 (Diving),budapest_2017_wch,Men's 1m Springboard Final,Final,16 JUL 2017,single,1-6,Judge 4,J4,NG DE ROSARIO Sio Wan
17th FINA World Championships 2017 (Diving),budapest_2017_wch,Men's 3m Springboard Preliminary,Preliminary,19 JUL 2017,single,1-6,Judge 7,J7,NG DO ROSARIO Sio Wan
17th FINA World Championships 2017 (Diving),budapest_2017_wch,Women's 3m Springboard Preliminary,Preliminary,20 JUL 2017,single,1-6,Judge 1,J1,NG DO ROSARIO Sio Wan
FINA/CNSG Diving World Series 2018- Beijing (CHN),beijing_2018_ws,Women's 3m Springboard Semifinal A,Semifinal,10 MAR 2018,single,1-6,Judge 1,J1,GENG Tao
FINA/CNSG Diving World Series 2018- Beijing (CHN),beijing_2018_ws,Women's 3m Springboard Semifinal B,Semifinal,10 MAR 2018,single,1-6,Judge 1,J1,GENG Tao
FINA/CNSG Diving World Series 2018- Beijing (CHN),beijing_2018_ws,Women's 10m Platform Semifinal A,Semifinal,11 MAR 2018,single,1-6,Judge 5,J5,GENG Tao
FINA/CNSG Diving World Series 2018- Beijing (CHN),beijing_2018_ws,Women's 10m Platform Semifinal B,Semifinal,11 MAR 2018,single,1-6,Judge 5,J5,GENG Tao
FINA/CNSG Diving World Series 2018- Fuji (JPN),fuji_2018_ws,Men's 3m Springboard Semifinal A,Semifinal,16 MAR 2018,single,1-6,Judge 1,J1,YEOH Ken Nee
FINA/CNSG Diving World Series 2018- Fuji (JPN),fuji_2018_ws,Men's 3m Springboard Semifinal B,Semifinal,16 MAR 2018,single,1-6,Judge 1,J1,YEOH Ken Nee
FINA/CNSG Diving World Series 2018- Fuji (JPN),fuji_2018_ws,Men's 10m Platform Semifinal A,Semifinal,17 MAR 2018,single,1-6,Judge 5,J5,YEOH Ken Nee
FINA/CNSG Diving World Series 2018- Fuji (JPN),fuji_2018_ws,Men's 10m Platform Semifinal B,Semifinal,17 MAR 2018,single,1-6,Judge 5,J5,YEOH Ken Nee
FINA/CNSG Diving World Series 2018- Fuji (JPN),fuji_2018_ws,Women's 3m Springboard Semifinal A,Semifinal,17 MAR 2018,single,1-6,Judge 5,J5,YEOH Ken Nee
FINA/CNSG Diving World Series 2018- Fuji (JPN),fuji_2018_ws,Women's 3m Springboard Semifinal B,Semifinal,17 MAR 2018,single,1-6,Judge 5,J5,YEOH Ken Nee
FINA/CNSG Diving World Series 2018- Fuji (JPN),fuji_2018_ws,Women's 10m Platform Semifinal A,Semifinal,16 MAR 2018,single,1-6,Judge 6,J6,YEOH Ken Nee
FINA/CNSG Diving World Series 2018- Fuji (JPN),fuji_2018_ws,Women's 10m Platform Semifinal B,Semifinal,16 MAR 2018,single,1-6,Judge 6,J6,YEOH Ken Nee
FINA/CNSG Diving World Series 2018,montreal_2018_ws,Men's 3m Springboard Semifinal A,Semifinal,28 APR 2018,single,1-6,Judge 6,J6,LANG Rao
FINA/CNSG Diving World Series 2018,montreal_2018_ws,Men's 3m Springboard Semifinal B,Semifinal,28 APR 2018,single,1-6,Judge 6,J6,LANG Rao
FINA/CNSG Diving World Series 2018,montreal_2018_ws,Men's 3m Springboard Final,Final,28 APR 2018,single,1-6,Judge 1,J1,LANG Rao
FINA/CNSG Diving World Series 2018,montreal_2018_ws,Men's 10m Platform Semifinal A,Semifinal,29 APR 2018,single,1-6,Judge 5,J5,LANG Rao
FINA/CNSG Diving World Series 2018,montreal_2018_ws,Men's 10m Platform Semifinal B,Semifinal,29 APR 2018,single,1-6,Judge 5,J5,LANG Rao
FINA/CNSG Diving World Series 2018,montreal_2018_ws,Men's 10m Platform Final,Final,29 APR 2018,single,1-6,Judge 6,J6,LANG Rao
FINA/CNSG Diving World Series 2018,montreal_2018_ws,Women's 3m Springboard Final,Final,29 APR 2018,single,1-6,Judge 5,J5,LANG Rao
FINA/CNSG Diving World Series 2018,montreal_2018_ws,Women's 10m Platform Semifinal A,Semifinal,28 APR 2018,single,1-6,Judge 3,J3,LANG Rao
FINA/CNSG Diving World Series 2018,montreal_2018_ws,Women's 10m Platform Semifinal B,Semifinal,28 APR 2018,single,1-6,Judge 3,J3,LANG Rao
FINA/CNSG Diving World Series 2018 - Kazan (RUS),kazan_2018_ws,Men's 3m Springboard Semifinal A,Semifinal,5 MAY 2018,single,1-6,Judge 2,J2,SUCKHONG Min
FINA/CNSG Diving World Series 2018 - Kazan (RUS),kazan_2018_ws,Men's 3m Springboard Semifinal B,Semifinal,5 MAY 2018,single,1-6,Judge 2,J2,SUCKHONG Min
FINA/CNSG Diving World Series 2018 - Kazan (RUS),kazan_2018_ws,Men's 3m Springboard Final,Final,5 MAY 2018,single,1-6,Judge 4,J4,SUCKHONG Min
FINA/CNSG Diving World Series 2018 - Kazan (RUS),kazan_2018_ws,Men's 10m Platform Semifinal A,Semifinal,6 MAY 2018,single,1-6,Judge 6,J6,SUCKHONG Min
FINA/CNSG Diving World Series 2018 - Kazan (RUS),kazan_2018_ws,Men's 10m Platform Semifinal B,Semifinal,6 MAY 2018,single,1-6,Judge 6,J6,SUCKHONG Min
FINA/CNSG Diving World Series 2018 - Kazan (RUS),kazan_2018_ws,Men's 10m Platform Final,Final,6 MAY 2018,single,1-6,Judge 1,J1,SUCKHONG Min
FINA/CNSG Diving World Series 2018 - Kazan (RUS),kazan_2018_ws,Women's 3m Springboard Final,Final,6 MAY 2018,single,1-6,Judge 5,J5,SUCKHONG Min
FINA/CNSG Diving World Series 2018 - Kazan (RUS),kazan_2018_ws,Women's 10m Platform Semifinal A,Semifinal,5 MAY 2018,single,1-6,Judge 3,J3,SUCKHONG Min
FINA/CNSG Diving World Series 2018 - Kazan (RUS),kazan_2018_ws,Women's 10m Platform Semifinal B,Semifinal,5 MAY 2018,single,1-6,Judge 3,J3,SUCKHONG Min
FINA/CNSG Diving World Series 2018 - Kazan (RUS),kazan_2018_ws,Women's 10m Platform Final,Final,5 MAY 2018,single,1-6,Judge 4,J4,SUCKHONG Min
21st FINA Diving World Cup 2018,wuhan_2018_wc,Men's 3m Springboard Preliminary,Preliminary,6 JUN 2018,single,1-6,Judge 3,J3,BARBOSA Ana
21st FINA Diving World Cup 2018,wuhan_2018_wc,Men's 3m Springboard Semifinal,Semifinal,7 JUN 2018,single,1-6,Judge 2,J2,PIKTURNIENE Ale
21st FINA Diving World Cup 2018,wuhan_2018_wc,Men's 3m Springboard Semifinal,Semifinal,7 JUN 2018,single,1-6,Judge 4,J4,BARBOSA Ana
21st FINA Diving World Cup 2018,wuhan_2018_wc,Men's 3m Springboard Semifinal,Semifinal,7 JUN 2018,single,1-6,Judge 2,J2,NG DO ROSARIO Sio Wan
21st FINA Diving World Cup 2018,wuhan_2018_wc,Men's 10m Platform Preliminary,Preliminary,9 JUN 2018,single,1-6,Judge 4,J4,WU Ying Tan
21st FINA Diving World Cup 2018,wuhan_2018_wc,Men's 10m Platform Preliminary,Preliminary,9 JUN 2018,single,1-6,Judge 5,J5,VONG Seng Fat
21st FINA Diving World Cup 2018,wuhan_2018_wc,Men's 10m Platform Semifinal,Semifinal,10 JUN 2018,single,1-6,Judge 3,J3,BARBOSA Ana
21st FINA Diving World Cup 2018,wuhan_2018_wc,Men's 10m Platform Semifinal,Semifinal,10 JUN 2018,single,1-6,Judge 4,J4,PIKTURNIENE Ale
21st FINA Diving World Cup 2018,wuhan_2018_wc,Men's 10m Platform Semifinal,Semifinal,10 JUN 2018,single,1-6,Judge 1,J1,NG DO ROSARIO Sio Wan
21st FINA Diving World Cup 2018,wuhan_2018_wc,Men's 10m Platform Final,Final,10 JUN 2018,single,1-6,Judge 4,J4,BARBOSA Ana
21st FINA Diving World Cup 2018,wuhan_2018_wc,Women's 3m Springboard Semifinal,Semifinal,9 JUN 2018,single,1-6,Judge 5,J5,BARBOSA Ana
21st FINA Diving World Cup 2018,wuhan_2018_wc,Women's 3m Springboard Semifinal,Semifinal,9 JUN 2018,single,1-6,Judge 6,J6,PIKTURNIENE Ale
21st FINA Diving World Cup 2018,wuhan_2018_wc,Women's 3m Springboard Semifinal,Semifinal,9 JUN 2018,single,1-6,Judge 7,J7,NG DO ROSARIO Sio Wan
21st FINA Diving World Cup 2018,wuhan_2018_wc,Women's 3m Springboard Final,Final,9 JUN 2018,single,1-6,Judge 7,J7,BARBOSA Ana
21st FINA Diving World Cup 2018,wuhan_2018_wc,Women's 10m Platform Preliminary,Preliminary,5 JUN 2018,single,1-6,Judge 3,J3,VONG Seng Fat
21st FINA Diving World Cup 2018,wuhan_2018_wc,Women's 10m Platform Preliminary,Preliminary,5 JUN 2018,single,1-6,Judge 6,J6,WU Ying Tan
21st FINA Diving World Cup 2018,wuhan_2018_wc,Women's 10m Platform Semifinal,Semifinal,6 JUN 2018,single,1-6,Judge 3,J3,WU Ying Tan
21st FINA Diving World Cup 2018,wuhan_2018_wc,Women's 10m Platform Semifinal,Semifinal,6 JUN 2018,single,1-6,Judge 3,J3,NG DO ROSARIO Sio Wan
21st FINA Diving World Cup 2018,wuhan_2018_wc,Women's 10m Platform Final,Final,6 JUN 2018,single,1-6,Judge 3,J3,NG DO ROSARIO Sio Wan
FINA/CNSG Diving World Series 2019 - Montreal (CAN),montreal_2019_ws,Men's 3m Springboard Final,Final,27 APR 2019,single,1-6,Judge 7,J7,PIKTURNIENE Ale
FINA/CNSG Diving World Series 2019 - Montreal (CAN),montreal_2019_ws,Men's 10m Platform Final,Final,28 APR 2019,single,1-6,Judge 1,J1,LANG Rao
FINA/CNSG Diving World Series 2019 - Montreal (CAN),montreal_2019_ws,Men's 10m Platform Final,Final,28 APR 2019,single,1-6,Judge 3,J3,PIKTURNIENE Ale
FINA/CNSG Diving World Series 2019 - Montreal (CAN),montreal_2019_ws,Women's 3m Springboard Semifinal A,Semifinal,28 APR 2019,single,1-6,Judge 3,J3,LANG Rao
FINA/CNSG Diving World Series 2019 - Montreal (CAN),montreal_2019_ws,Women's 3m Springboard Semifinal A,Semifinal,28 APR 2019,single,1-6,Judge 6,J6,PIKTURNIENE Ale
FINA/CNSG Diving World Series 2019 - Montreal (CAN),montreal_2019_ws,Women's 3m Springboard Semifinal B,Semifinal,28 APR 2019,single,1-6,Judge 3,J3,LANG Rao
FINA/CNSG Diving World Series 2019 - Montreal (CAN),montreal_2019_ws,Women's 3m Springboard Semifinal B,Semifinal,28 APR 2019,single,1-6,Judge 6,J6,PIKTURNIENE Ale
FINA/CNSG Diving World Series 2019 - Montreal (CAN),montreal_2019_ws,Women's 3m Springboard Final,Final,28 APR 2019,single,1-6,Judge 4,J4,LANG Rao
FINA/CNSG Diving World Series 2019 - Montreal (CAN),montreal_2019_ws,Women's 10m Platform Final,Final,27 APR 2019,single,1-6,Judge 3,J3,PIKTURNIENE Ale
FINA/CNSG Diving World Series 2019 - Montreal (CAN),montreal_2019_ws,Women's 10m Platform Final,Final,27 APR 2019,single,1-6,Judge 5,J5,LANG Rao
22nd FINA Diving World Cup 2021,tokyo_2021_wc,Men's 10m Platform Semifinal,Semifinal,3 MAY 2021,A,1-3,Judge 5,J5,FRASER Lindsey Ann
22nd FINA Diving World Cup 2021,tokyo_2021_wc,Women's 3m Springboard Preliminary,Preliminary,3 MAY 2021,B,3-4,Judge 2,J2,FRASER Lindsey Ann
22nd FINA Diving World Cup 2021,tokyo_2021_wc,Women's 3m Springboard Semifinal,Semifinal,3 MAY 2021,B,4-5,Judge 3,J3,FRASER Lindsey Ann
22nd FINA Diving World Cup 2021,tokyo_2021_wc,Women's 10m Platform Preliminary,Preliminary,4 MAY 2021,B,3-4,Judge 3,J3,FRASER Lindsey Ann
22nd FINA Diving World Cup 2021,tokyo_2021_wc,Men's 3m Springboard Preliminary,Preliminary,5 MAY 2021,single,1-6,Judge 1,J1,FRASER Lindsey Ann
22nd FINA Diving World Cup 2021,tokyo_2021_wc,Women's 10m Platform Semifinal,Semifinal,5 MAY 2021,A,1-3,Judge 3,J3,FRASER Lindsey Ann
22nd FINA Diving World Cup 2021,tokyo_2021_wc,Men's 3m Springboard Semifinal,Semifinal,6 MAY 2021,B,4-6,Judge 1,J1,FRASER Lindsey Ann
19th FINA World Championships 2022 (Diving),budapest_2022_wch,Women's 10m Platform Preliminary,Preliminary,26 JUN 2022,B,4-5,Judge 1,J1,LANG Rao
19th FINA World Championships 2022 (Diving),budapest_2022_wch,Men's 3m Springboard Preliminary,Preliminary,27 JUN 2022,A,1-3,Judge 2,J2,LANG Rao
19th FINA World Championships 2022 (Diving),budapest_2022_wch,Men's 3m Springboard Semifinal,Semifinal,27 JUN 2022,B,4-6,Judge 4,J4,LANG Rao
19th FINA World Championships 2022 (Diving),budapest_2022_wch,Women's 1m Springboard Preliminary,Preliminary,29 JUN 2022,A,1-3,Judge 2,J2,LANG Rao
19th FINA World Championships 2022 (Diving),budapest_2022_wch,Men's 1m Springboard Preliminary,Preliminary,30 JUN 2022,A,1-6,Judge 6,J6,LANG Rao
19th FINA World Championships 2022 (Diving),budapest_2022_wch,Women's 3m Springboard Preliminary,Preliminary,1 JUL 2022,B,4-5,Judge 4,J4,LANG Rao
19th FINA World Championships 2022 (Diving),budapest_2022_wch,Men's 10m Platform Preliminary,Preliminary,2 JUL 2022,A,1-3,Judge 4,J4,LANG Rao
19th FINA World Championships 2022 (Diving),budapest_2022_wch,Men's 10m Platform Semifinal,Semifinal,2 JUL 2022,B,4-6,Judge 5,J5,LANG Rao
FINA Diving World Cup 2022,berlin_2022_wc,Men's 10m Platform Preliminary,Preliminary,20 OCT 2022,single,1-6,Judge 7,J7,SEOGHONG Min
FINA Diving World Cup 2022,berlin_2022_wc,Men's 3m Springboard Preliminary,Preliminary,20 OCT 2022,A,1-3,Judge 6,J6,LANG Rao
FINA Diving World Cup 2022,berlin_2022_wc,Men's 3m Springboard Preliminary,Preliminary,20 OCT 2022,B,4-6,Judge 5,J5,SEOGHONG Min
FINA Diving World Cup 2022,berlin_2022_wc,Women's 10m Platform Preliminary,Preliminary,20 OCT 2022,single,1-6,Judge 3,J3,LANG Rao
FINA Diving World Cup 2022,berlin_2022_wc,Women's 3m Springboard Preliminary,Preliminary,20 OCT 2022,single,1-6,Judge 3,J3,SEOGHONG Min
FINA Diving World Cup 2022,berlin_2022_wc,Women's 10m Platform Final,Final,22 OCT 2022,single,1-6,Judge 2,J2,SEOGHONG Min
FINA Diving World Cup 2022,berlin_2022_wc,Men's 10m Platform Final,Final,23 OCT 2022,single,1-6,Judge 1,J1,SEOGHONG Min
World Aquatics Diving World Cup 2023 (Stop 1),xian_2023,Men's 3m Springboard Preliminary,Preliminary,15 APR 2023,single,1-6,Judge 6,J6,BUSH Barbara Lee
World Aquatics Diving World Cup 2023 (Stop 1),xian_2023,Men's 3m Springboard Final,Final,15 APR 2023,single,1-6,Judge 1,J1,BUSH Barbara Lee
World Aquatics Diving World Cup 2023 (Stop 1),xian_2023,Men's 10m Platform Preliminary,Preliminary,16 APR 2023,single,1-6,Judge 6,J6,BUSH Barbara Lee
World Aquatics Diving World Cup 2023 (Stop 1),xian_2023,Men's 10m Platform Final,Final,16 APR 2023,single,1-6,Judge 3,J3,BUSH Barbara Lee
World Aquatics Diving World Cup 2023 (Stop 1),xian_2023,Women's 3m Springboard Preliminary,Preliminary,15 APR 2023,single,1-6,Judge 5,J5,BUSH Barbara Lee
World Aquatics Diving World Cup 2023 (Stop 1),xian_2023,Women's 10m Platform Final,Final,16 APR 2023,single,1-6,Judge 4,J4,BUSH Barbara Lee
World Aquatics Diving World Cup 2023 (Stop 2),montreal_2023,Men's 3m Springboard Final,Final,7 MAY 2023,single,1-6,Judge 2,J2,NAKAGAWA Mai
World Aquatics Diving World Cup 2023 (Stop 2),montreal_2023,Men's 3m Springboard Final,Final,7 MAY 2023,single,1-6,Judge 4,J4,KWAN Amy
World Aquatics Diving World Cup 2023 (Stop 2),montreal_2023,Men's 10m Platform Final,Final,7 MAY 2023,single,1-6,Judge 7,J7,NAKAGAWA Mai
World Aquatics Diving World Cup 2023 (Stop 2),montreal_2023,Women's 3m Springboard Preliminary,Preliminary,6 MAY 2023,single,1-6,Judge 1,J1,KWAN Amy
World Aquatics Diving World Cup 2023 (Stop 2),montreal_2023,Women's 3m Springboard Preliminary,Preliminary,6 MAY 2023,single,1-6,Judge 2,J2,NAKAGAWA Mai
World Aquatics Diving World Cup 2023 (Stop 2),montreal_2023,Women's 3m Springboard Final,Final,7 MAY 2023,single,1-6,Judge 3,J3,KWAN Amy
World Aquatics Diving World Cup 2023 (Stop 2),montreal_2023,Women's 10m Platform Preliminary,Preliminary,5 MAY 2023,single,1-6,Judge 3,J3,KWAN Amy
World Aquatics Diving World Cup 2023 (Stop 2),montreal_2023,Women's 10m Platform Preliminary,Preliminary,5 MAY 2023,single,1-6,Judge 5,J5,NAKAGAWA Mai
World Aquatics Championships 2023,fukuoka_2023,3m Springboard Men Preliminary,Preliminary,19 JUL 2023,single,1-6,Judge 5,J5,YEOH Ken Nee
World Aquatics Championships 2023,fukuoka_2023,10m Platform Men Preliminary,Preliminary,21 JUL 2023,single,1-6,Judge 2,J2,YEOH Ken Nee
World Aquatics Championships 2023,fukuoka_2023,10m Platform Men Semi-Final,Semifinal,21 JUL 2023,A,1-3,Judge 4,J4,YEOH Ken Nee
World Aquatics Championships 2023,fukuoka_2023,1m Springboard Women Preliminary,Preliminary,14 JUL 2023,single,1-6,Judge 7,J7,YEOH Ken Nee
World Aquatics Championships 2023,fukuoka_2023,3m Springboard Women Preliminary,Preliminary,20 JUL 2023,single,1-6,Judge 2,J2,YEOH Ken Nee
World Aquatics Championships 2023,fukuoka_2023,3m Springboard Women Final,Final,21 JUL 2023,single,1-6,Judge 7,J7,YEOH Ken Nee
World Aquatics Championships 2023,fukuoka_2023,10m Platform Women Semi-Final,Semifinal,18 JUL 2023,B,4-5,Judge 3,J3,YEOH Ken Nee
World Aquatics Championships 2023,fukuoka_2023,10m Platform Women Final,Final,19 JUL 2023,single,1-6,Judge 2,J2,YEOH Ken Nee
World Aquatics Diving World Cup 2023 - Super Final,berlin_2023_sf,Men's 3m Springboard Preliminary,Preliminary,5 AUG 2023,single,1-6,Judge 1,J1,YEOH Ken Nee
World Aquatics Diving World Cup 2023 - Super Final,berlin_2023_sf,Men's 3m Springboard Super Final,Final,5 AUG 2023,single,1-6,Judge 3,J3,LANG Rao
World Aquatics Diving World Cup 2023 - Super Final,berlin_2023_sf,Men's 3m Springboard Super Final,Final,5 AUG 2023,single,1-6,Judge 4,J4,KWAN Amy
World Aquatics Diving World Cup 2023 - Super Final,berlin_2023_sf,Men's 10m Platform Preliminary,Preliminary,6 AUG 2023,single,1-6,Judge 5,J5,LANG Rao
World Aquatics Diving World Cup 2023 - Super Final,berlin_2023_sf,Men's 10m Platform Super Final,Final,6 AUG 2023,single,1-6,Judge 3,J3,LANG Rao
World Aquatics Diving World Cup 2023 - Super Final,berlin_2023_sf,Women's 3m Springboard Preliminary,Preliminary,6 AUG 2023,single,1-6,Judge 3,J3,KWAN Amy
World Aquatics Diving World Cup 2023 - Super Final,berlin_2023_sf,Women's 3m Springboard Preliminary,Preliminary,6 AUG 2023,single,1-6,Judge 4,J4,YEOH Ken Nee
World Aquatics Diving World Cup 2023 - Super Final,berlin_2023_sf,Women's 3m Springboard Super Final,Final,6 AUG 2023,single,1-6,Judge 4,J4,YEOH Ken Nee
World Aquatics Diving World Cup 2023 - Super Final,berlin_2023_sf,Women's 10m Platform Preliminary,Preliminary,5 AUG 2023,single,1-6,Judge 7,J7,LANG Rao
World Aquatics Diving World Cup 2023 - Super Final,berlin_2023_sf,Women's 10m Platform Super Final,Final,5 AUG 2023,single,1-6,Judge 6,J6,YEOH Ken Nee
World Aquatics Championships 2024,doha_2024,Women's 1m Springboard Preliminary,Preliminary,2 FEB 2024,B,4-5,Judge 6,J6,YEOH Ken Nee
World Aquatics Championships 2024,doha_2024,Women's 1m Springboard Final,Final,2 FEB 2024,single,1-6,Judge 6,J6,YEOH Ken Nee
World Aquatics Championships 2024,doha_2024,Women's 10m Platform Preliminary,Preliminary,4 FEB 2024,single,1-6,Judge 4,J4,YEOH Ken Nee
World Aquatics Championships 2024,doha_2024,Men's 3m Springboard Semifinal,Semifinal,7 FEB 2024,A,1-3,Judge 3,J3,YEOH Ken Nee
World Aquatics Championships 2024,doha_2024,Men's 3m Springboard Final,Final,7 FEB 2024,single,1-6,Judge 2,J2,YEOH Ken Nee
World Aquatics Championships 2024,doha_2024,Women's 3m Springboard Preliminary,Preliminary,8 FEB 2024,single,1-6,Judge 1,J1,YEOH Ken Nee
World Aquatics Championships 2024,doha_2024,Women's 3m Springboard Final,Final,9 FEB 2024,single,1-6,Judge 2,J2,YEOH Ken Nee
World Aquatics Championships 2024,doha_2024,Men's 10m Platform Semifinal,Semifinal,10 FEB 2024,A,1-3,Judge 2,J2,YEOH Ken Nee
World Aquatics Diving World Cup 2024 (Stop 1),montreal_2024,Men's 10m Platform Preliminary,Preliminary,29 FEB 2024,single,1-6,Judge 7,J7,LANG Rao
World Aquatics Diving World Cup 2024 (Stop 1),montreal_2024,Women's 3m Springboard Preliminary,Preliminary,29 FEB 2024,single,1-6,Judge 2,J2,JASPER Lin
World Aquatics Diving World Cup 2024 (Stop 1),montreal_2024,Men's 3m Springboard Preliminary,Preliminary,1 MAR 2024,single,1-6,Judge 3,J3,LANG Rao
World Aquatics Diving World Cup 2024 (Stop 1),montreal_2024,Men's 3m Springboard Preliminary,Preliminary,1 MAR 2024,single,1-6,Judge 7,J7,KWAN Amy
World Aquatics Diving World Cup 2024 (Stop 1),montreal_2024,Women's 10m Platform Preliminary,Preliminary,1 MAR 2024,single,1-6,Judge 4,J4,JASPER Lin
World Aquatics Diving World Cup 2024 (Stop 1),montreal_2024,Men's 10m Platform Final,Final,2 MAR 2024,single,1-6,Judge 1,J1,KWAN Amy
World Aquatics Diving World Cup 2024 (Stop 1),montreal_2024,Men's 10m Platform Final,Final,2 MAR 2024,single,1-6,Judge 6,J6,LANG Rao
World Aquatics Diving World Cup 2024 (Stop 1),montreal_2024,Women's 3m Springboard Final,Final,2 MAR 2024,single,1-6,Judge 2,J2,KWAN Amy
World Aquatics Diving World Cup 2024 (Stop 1),montreal_2024,Women's 3m Springboard Final,Final,2 MAR 2024,single,1-6,Judge 4,J4,LANG Rao
World Aquatics Diving World Cup 2024 (Stop 1),montreal_2024,Men's 3m Springboard Final,Final,3 MAR 2024,single,1-6,Judge 2,J2,LANG Rao
World Aquatics Diving World Cup 2024 (Stop 1),montreal_2024,Women's 10m Platform Final,Final,3 MAR 2024,single,1-6,Judge 7,J7,LANG Rao
World Aquatics Diving World Cup 2024 (Stop 2),berlin_2024,Men's 3m Springboard Preliminary,Preliminary,22 MAR 2024,single,1-6,Judge 2,J2,REDHAEI Ali
World Aquatics Diving World Cup 2024 (Stop 2),berlin_2024,Men's 3m Springboard Final,Final,24 MAR 2024,single,1-6,Judge 3,J3,NAKAGAWA Mai
World Aquatics Diving World Cup 2024 (Stop 2),berlin_2024,Men's 3m Springboard Final,Final,24 MAR 2024,single,1-6,Judge 4,J4,LEONG Mun Yee
World Aquatics Diving World Cup 2024 (Stop 2),berlin_2024,Men's 3m Springboard Final,Final,24 MAR 2024,single,1-6,Judge 5,J5,REDHAEI Ali
World Aquatics Diving World Cup 2024 (Stop 2),berlin_2024,Men's 10m Platform Preliminary,Preliminary,21 MAR 2024,single,1-6,Judge 5,J5,NAKAGAWA Mai
World Aquatics Diving World Cup 2024 (Stop 2),berlin_2024,Men's 10m Platform Final,Final,23 MAR 2024,single,1-6,Judge 3,J3,REDHAEI Ali
World Aquatics Diving World Cup 2024 (Stop 2),berlin_2024,Women's 3m Springboard Preliminary,Preliminary,21 MAR 2024,single,1-6,Judge 2,J2,PIKTURNIENE Ale
World Aquatics Diving World Cup 2024 (Stop 2),berlin_2024,Women's 3m Springboard Final,Final,23 MAR 2024,single,1-6,Judge 2,J2,LEONG Mun Yee
World Aquatics Diving World Cup 2024 (Stop 2),berlin_2024,Women's 3m Springboard Final,Final,23 MAR 2024,single,1-6,Judge 3,J3,PIKTURNIENE Ale
World Aquatics Diving World Cup 2024 (Stop 2),berlin_2024,Women's 10m Platform Preliminary,Preliminary,22 MAR 2024,single,1-6,Judge 3,J3,LEONG Mun Yee
World Aquatics Diving World Cup 2024 (Stop 2),berlin_2024,Women's 10m Platform Final,Final,24 MAR 2024,single,1-6,Judge 2,J2,LEONG Mun Yee
World Aquatics Diving World Cup 2024 - Super Final,xian_2024_sf,Men's 3m Springboard Preliminary,Preliminary,20 APR 2024,single,1-6,Judge 1,J1,LANG Rao
World Aquatics Diving World Cup 2024 - Super Final,xian_2024_sf,Men's 3m Springboard Preliminary,Preliminary,20 APR 2024,single,1-6,Judge 7,J7,NEE YEOH Ken
World Aquatics Diving World Cup 2024 - Super Final,xian_2024_sf,Men's 3m Springboard Final,Final,20 APR 2024,single,1-6,Judge 5,J5,REDHAEI Ali
World Aquatics Diving World Cup 2024 - Super Final,xian_2024_sf,Men's 10m Platform Preliminary,Preliminary,21 APR 2024,single,1-6,Judge 7,J7,LANG Rao
World Aquatics Diving World Cup 2024 - Super Final,xian_2024_sf,Men's 10m Platform Final,Final,21 APR 2024,single,1-6,Judge 3,J3,REDHAEI Ali
World Aquatics Diving World Cup 2024 - Super Final,xian_2024_sf,Men's 10m Platform Final,Final,21 APR 2024,single,1-6,Judge 5,J5,NEE YEOH Ken
World Aquatics Diving World Cup 2024 - Super Final,xian_2024_sf,Women's 3m Springboard Preliminary,Preliminary,20 APR 2024,single,1-6,Judge 2,J2,LANG Rao
World Aquatics Diving World Cup 2024 - Super Final,xian_2024_sf,Women's 3m Springboard Preliminary,Preliminary,20 APR 2024,single,1-6,Judge 7,J7,REDHAEI Ali
World Aquatics Diving World Cup 2024 - Super Final,xian_2024_sf,Women's 3m Springboard Final,Final,20 APR 2024,single,1-6,Judge 3,J3,REDHAEI Ali
World Aquatics Diving World Cup 2024 - Super Final,xian_2024_sf,Women's 10m Platform Preliminary,Preliminary,21 APR 2024,single,1-6,Judge 2,J2,REDHAEI Ali
World Aquatics Diving World Cup 2024 - Super Final,xian_2024_sf,Women's 10m Platform Final,Final,21 APR 2024,single,1-6,Judge 3,J3,NEE YEOH Ken
European Aquatics Championships 2024,belgrade_2024,Men's 1m Springboard Preliminary,Preliminary,20 JUN 2024,B,4-6,Judge 6,J6,PIKTURNIENE Ale
European Aquatics Championships 2024,belgrade_2024,Men's 3m Springboard Preliminary,Preliminary,22 JUN 2024,single,1-6,Judge 4,J4,PIKTURNIENE Ale
European Aquatics Championships 2024,belgrade_2024,Men's 3m Springboard Fina l,Unknown,22 JUN 2024,single,1-6,Judge 5,J5,PIKTURNIENE Ale
European Aquatics Championships 2024,belgrade_2024,Men's 10m Platform Preliminary,Preliminary,23 JUN 2024,B,4-6,Judge 2,J2,PIKTURNIENE Ale
European Aquatics Championships 2024,belgrade_2024,Men's 10m Platform Fina l,Unknown,23 JUN 2024,single,1-6,Judge 3,J3,PIKTURNIENE Ale
European Aquatics Championships 2024,belgrade_2024,Women's 1m Springboard Preliminary,Preliminary,18 JUN 2024,B,4-5,Judge 7,J7,PIKTURNIENE Ale
European Aquatics Championships 2024,belgrade_2024,Women's 1m Springboard Fina l,Unknown,18 JUN 2024,single,1-6,Judge 2,J2,PIKTURNIENE Ale
European Aquatics Championships 2024,belgrade_2024,Women's 3m Springboard Preliminary,Preliminary,21 JUN 2024,B,4-5,Judge 2,J2,PIKTURNIENE Ale
European Aquatics Championships 2024,belgrade_2024,Women's 10m Platform Preliminary,Preliminary,19 JUN 2024,A,1-3,Judge 1,J1,PIKTURNIENE Ale
European Aquatics Championships 2024,belgrade_2024,Women's 10m Platform Fina l,Unknown,19 JUN 2024,single,1-6,Judge 7,J7,PIKTURNIENE Ale
World Aquatics Diving World Cup 2025 (Stop 1),guadalajara_2025,Men's 3m Springboard Preliminary,Preliminary,3 APR 2025,single,1-6,Judge 2,J2,KWAN Amy Sue
World Aquatics Diving World Cup 2025 (Stop 1),guadalajara_2025,Men's 3m Springboard Final,Final,5 APR 2025,single,1-6,Judge 5,J5,KWAN Amy Sue
World Aquatics Diving World Cup 2025 (Stop 1),guadalajara_2025,Men's 10m Platform Preliminary,Preliminary,4 APR 2025,single,1-6,Judge 3,J3,KWAN Amy Sue
World Aquatics Diving World Cup 2025 (Stop 1),guadalajara_2025,Men's 10m Platform Final,Final,6 APR 2025,single,1-6,Judge 7,J7,KWAN Amy Sue
World Aquatics Diving World Cup 2025 (Stop 1),guadalajara_2025,Women's 3m Springboard Final,Final,6 APR 2025,single,1-6,Judge 6,J6,KWAN Amy Sue
World Aquatics Diving World Cup 2025 (Stop 1),guadalajara_2025,Women's 10m Platform Final,Final,5 APR 2025,single,1-6,Judge 7,J7,KWAN Amy Sue
World Aquatics Diving World Cup 2025 (Stop 2),windsor_2025,Women's 10m Platform Preliminary,Preliminary,10 APR 2025,single,1-6,Judge 2,J2,KWAN Amy Sue
World Aquatics Diving World Cup 2025 (Stop 2),windsor_2025,Women's 10m Platform Preliminary,Preliminary,10 APR 2025,single,1-6,Judge 3,J3,BUSH Barbara Lee
World Aquatics Diving World Cup 2025 (Stop 2),windsor_2025,Women's 10m Platform Preliminary,Preliminary,10 APR 2025,single,1-6,Judge 5,J5,NAKAGAWA Mai
World Aquatics Diving World Cup 2025 (Stop 2),windsor_2025,Women's 3m Springboard Preliminary,Preliminary,11 APR 2025,single,1-6,Judge 2,J2,NAKAGAWA Mai
World Aquatics Diving World Cup 2025 (Stop 2),windsor_2025,Women's 3m Springboard Preliminary,Preliminary,11 APR 2025,single,1-6,Judge 6,J6,BUSH Barbara Lee
World Aquatics Diving World Cup 2025 (Stop 2),windsor_2025,Women's 10m Platform Final,Final,12 APR 2025,single,1-6,Judge 2,J2,BUSH Barbara Lee
World Aquatics Diving World Cup 2025 (Stop 2),windsor_2025,Women's 10m Platform Final,Final,12 APR 2025,single,1-6,Judge 5,J5,KWAN Amy Sue
World Aquatics Diving World Cup 2025 (Stop 2),windsor_2025,Women's 10m Platform Final,Final,12 APR 2025,single,1-6,Judge 7,J7,NAKAGAWA Mai
World Aquatics Diving World Cup 2025 (Stop 2),windsor_2025,Men's 10m Platform Final,Final,13 APR 2025,single,1-6,Judge 4,J4,KWAN Amy Sue
World Aquatics Diving World Cup 2025 (Stop 2),windsor_2025,Men's 10m Platform Final,Final,13 APR 2025,single,1-6,Judge 6,J6,NAKAGAWA Mai
World Aquatics Diving World Cup 2025 (Stop 2),windsor_2025,Men's 10m Platform Final,Final,13 APR 2025,single,1-6,Judge 7,J7,BUSH Barbara Lee
World Aquatics Diving World Cup 2025 (Stop 2),windsor_2025,Women's 3m Springboard Final,Final,13 APR 2025,single,1-6,Judge 6,J6,KWAN Amy Sue
World Aquatics Diving World Cup 2025 (Stop 2),windsor_2025,Women's 3m Springboard Final,Final,13 APR 2025,single,1-6,Judge 7,J7,NAKAGAWA Mai
World Aquatics Diving World Cup 2025 (Stop 3 / Super Final),beijing_2025_sf,Men's 3m Springboard Head-to-Head,Unknown,3 MAY 2025,single,1-6,Judge 1,J1,YEOH Ken Nee
World Aquatics Diving World Cup 2025 (Stop 3 / Super Final),beijing_2025_sf,Men's 3m Springboard Semifinal,Semifinal,3 MAY 2025,single,1-6,Judge 1,J1,YEOH Ken Nee
World Aquatics Diving World Cup 2025 (Stop 3 / Super Final),beijing_2025_sf,Men's 3m Springboard Final,Final,3 MAY 2025,single,1-6,Judge 2,J2,BUSH Barbara Lee
World Aquatics Diving World Cup 2025 (Stop 3 / Super Final),beijing_2025_sf,Men's 3m Springboard Final,Final,3 MAY 2025,single,1-6,Judge 7,J7,YEOH Ken Nee
World Aquatics Diving World Cup 2025 (Stop 3 / Super Final),beijing_2025_sf,Men's 10m Platform Head-to-Head,Unknown,4 MAY 2025,single,1-6,Judge 1,J1,YEOH Ken Nee
World Aquatics Diving World Cup 2025 (Stop 3 / Super Final),beijing_2025_sf,Men's 10m Platform Head-to-Head,Unknown,4 MAY 2025,single,1-6,Judge 4,J4,BUSH Barbara Lee
World Aquatics Diving World Cup 2025 (Stop 3 / Super Final),beijing_2025_sf,Men's 10m Platform Semifinal,Semifinal,4 MAY 2025,single,1-6,Judge 1,J1,YEOH Ken Nee
World Aquatics Diving World Cup 2025 (Stop 3 / Super Final),beijing_2025_sf,Men's 10m Platform Semifinal,Semifinal,4 MAY 2025,single,1-6,Judge 4,J4,BUSH Barbara Lee
World Aquatics Diving World Cup 2025 (Stop 3 / Super Final),beijing_2025_sf,Men's 10m Platform Final,Final,4 MAY 2025,single,1-6,Judge 2,J2,YEOH Ken Nee
World Aquatics Diving World Cup 2025 (Stop 3 / Super Final),beijing_2025_sf,Women's 10m Platform Head-to-Head,Unknown,3 MAY 2025,single,1-6,Judge 3,J3,BUSH Barbara Lee
World Aquatics Diving World Cup 2025 (Stop 3 / Super Final),beijing_2025_sf,Women's 10m Platform Semifinal,Semifinal,3 MAY 2025,single,1-6,Judge 3,J3,BUSH Barbara Lee
World Aquatics Diving World Cup 2025 (Stop 3 / Super Final),beijing_2025_sf,Women's 10m Platform Final,Final,3 MAY 2025,single,1-6,Judge 3,J3,BUSH Barbara Lee
World Aquatics Championships 2025,singapore_2025,Men's 1m Springboard Preliminaries,Preliminary,27 JUL 2025,single,1-6,Judge 3,J3,BUSH Barbara Lee
World Aquatics Championships 2025,singapore_2025,Men's 1m Springboard Preliminaries,Preliminary,27 JUL 2025,single,1-6,Judge 7,J7,KWAN Amy Sue
World Aquatics Championships 2025,singapore_2025,Men's 1m Springboard Finals,Final,27 JUL 2025,single,1-6,Judge 1,J1,BUSH Barbara Lee
World Aquatics Championships 2025,singapore_2025,Men's 1m Springboard Finals,Final,27 JUL 2025,single,1-6,Judge 5,J5,KWAN Amy Sue
World Aquatics Championships 2025,singapore_2025,Men's 3m Springboard Preliminaries,Preliminary,31 JUL 2025,single,1-6,Judge 4,J4,KWAN Amy Sue
World Aquatics Championships 2025,singapore_2025,Men's 3m Springboard Semifinals,Semifinal,1 AUG 2025,A,1-3,Judge 1,J1,KWAN Amy Sue
World Aquatics Championships 2025,singapore_2025,Men's 3m Springboard Semifinals,Semifinal,1 AUG 2025,A,1-3,Judge 2,J2,YEOH Ken Nee
World Aquatics Championships 2025,singapore_2025,Men's 3m Springboard Semifinals,Semifinal,1 AUG 2025,B,4-6,Judge 5,J5,BUSH Barbara Lee
World Aquatics Championships 2025,singapore_2025,Men's 3m Springboard Finals,Final,1 AUG 2025,single,1-6,Judge 3,J3,BUSH Barbara Lee
World Aquatics Championships 2025,singapore_2025,Men's 3m Springboard Finals,Final,1 AUG 2025,single,1-6,Judge 6,J6,YEOH Ken Nee
World Aquatics Championships 2025,singapore_2025,Men's 10m Platform Preliminaries,Preliminary,2 AUG 2025,single,1-6,Judge 1,J1,KWAN Amy Sue
World Aquatics Championships 2025,singapore_2025,Men's 10m Platform Semifinals,Semifinal,3 AUG 2025,B,4-6,Judge 2,J2,BUSH Barbara Lee
World Aquatics Championships 2025,singapore_2025,Women's 1m Springboard Preliminaries,Preliminary,26 JUL 2025,single,1-6,Judge 6,J6,BUSH Barbara Lee
World Aquatics Championships 2025,singapore_2025,Women's 1m Springboard Preliminaries,Preliminary,26 JUL 2025,B,3-4,Judge 1,J1,KWAN Amy Sue
World Aquatics Championships 2025,singapore_2025,Women's 1m Springboard Preliminaries,Preliminary,26 JUL 2025,B,3-4,Judge 2,J2,YEOH Ken Nee
World Aquatics Championships 2025,singapore_2025,Women's 1m Springboard Finals,Final,26 JUL 2025,single,1-6,Judge 1,J1,BUSH Barbara Lee
World Aquatics Championships 2025,singapore_2025,Women's 1m Springboard Finals,Final,26 JUL 2025,single,1-6,Judge 4,J4,YEOH Ken Nee
World Aquatics Championships 2025,singapore_2025,Women's 3m Springboard Preliminaries,Preliminary,1 AUG 2025,B,3-4,Judge 1,J1,BUSH Barbara Lee
World Aquatics Championships 2025,singapore_2025,Women's 3m Springboard Semifinals,Semifinal,2 AUG 2025,A,1-3,Judge 7,J7,BUSH Barbara Lee
World Aquatics Championships 2025,singapore_2025,Women's 3m Springboard Semifinals,Semifinal,2 AUG 2025,B,4-5,Judge 1,J1,YEOH Ken Nee
World Aquatics Championships 2025,singapore_2025,Women's 3m Springboard Semifinals,Semifinal,2 AUG 2025,B,4-5,Judge 6,J6,KWAN Amy Sue
World Aquatics Championships 2025,singapore_2025,Women's 3m Springboard Finals,Final,2 AUG 2025,single,1-6,Judge 5,J5,YEOH Ken Nee
World Aquatics Championships 2025,singapore_2025,Women's 3m Springboard Finals,Final,2 AUG 2025,single,1-6,Judge 6,J6,KWAN Amy Sue
World Aquatics Championships 2025,singapore_2025,Women's 10m Platform Preliminaries,Preliminary,30 JUL 2025,single,1-6,Judge 2,J2,BUSH Barbara Lee
World Aquatics Championships 2025,singapore_2025,Women's 10m Platform Preliminaries,Preliminary,30 JUL 2025,B,3-4,Judge 2,J2,YEOH Ken Nee
World Aquatics Championships 2025,singapore_2025,Women's 10m Platform Semifinals,Semifinal,31 JUL 2025,A,1-3,Judge 2,J2,KWAN Amy Sue
World Aquatics Championships 2025,singapore_2025,Women's 10m Platform Semifinals,Semifinal,31 JUL 2025,A,1-3,Judge 5,J5,BUSH Barbara Lee
World Aquatics Championships 2025,singapore_2025,Women's 10m Platform Semifinals,Semifinal,31 JUL 2025,B,4-5,Judge 6,J6,YEOH Ken Nee
World Aquatics Championships 2025,singapore_2025,Women's 10m Platform Finals,Final,31 JUL 2025,single,1-6,Judge 4,J4,YEOH Ken Nee
World Aquatics Diving World Cup 2026 (Stop 1),montreal_2026,Men's 3m Springboard Preliminary,Preliminary,27 FEB 2026,B,4-6,Judge 3,J3,KWAN Amy
World Aquatics Diving World Cup 2026 (Stop 1),montreal_2026,Men's 10m Platform Preliminary,Preliminary,26 FEB 2026,B,4-6,Judge 6,J6,KWAN Amy
World Aquatics Diving World Cup 2026 (Stop 1),montreal_2026,Men's 10m Platform Final,Final,28 FEB 2026,single,1-6,Judge 1,J1,KWAN Amy
World Aquatics Diving World Cup 2026 (Stop 1),montreal_2026,Women's 3m Springboard Preliminary,Preliminary,26 FEB 2026,B,4-5,Judge 1,J1,KWAN Amy
World Aquatics Diving World Cup 2026 (Stop 1),montreal_2026,Women's 3m Springboard Final,Final,28 FEB 2026,single,1-6,Judge 3,J3,KWAN Amy
World Aquatics Diving World Cup 2026 - Super Final,beijing_2026_sf,Men’s 3m Springboard Head-to-Head,Unknown,2 MAY 2026,single,1-6,Judge 2,J2,KWAN Amy
World Aquatics Diving World Cup 2026 - Super Final,beijing_2026_sf,Men’s 3m Springboard Head-to-Head,Unknown,2 MAY 2026,single,1-6,Judge 6,J6,YEOH Ken Nee
World Aquatics Diving World Cup 2026 - Super Final,beijing_2026_sf,Men’s 3m Springboard Semi-Final,Semifinal,2 MAY 2026,single,1-6,Judge 2,J2,KWAN Amy
World Aquatics Diving World Cup 2026 - Super Final,beijing_2026_sf,Men’s 3m Springboard Semi-Final,Semifinal,2 MAY 2026,single,1-6,Judge 6,J6,YEOH Ken Nee
World Aquatics Diving World Cup 2026 - Super Final,beijing_2026_sf,Men’s 3m Springboard Final,Final,2 MAY 2026,single,1-6,Judge 3,J3,YEOH Ken Nee
World Aquatics Diving World Cup 2026 - Super Final,beijing_2026_sf,Men’s 3m Springboard Final,Final,2 MAY 2026,single,1-6,Judge 4,J4,KWAN Amy
World Aquatics Diving World Cup 2026 - Super Final,beijing_2026_sf,Men’s 3m Springboard Final,Final,2 MAY 2026,single,1-6,Judge 5,J5,NAKAGAWA Mai
World Aquatics Diving World Cup 2026 - Super Final,beijing_2026_sf,Men’s 10m Platform Head-to-Head,Unknown,3 MAY 2026,single,1-6,Judge 6,J6,NAKAGAWA Mai
World Aquatics Diving World Cup 2026 - Super Final,beijing_2026_sf,Men’s 10m Platform Semi-Final,Semifinal,3 MAY 2026,single,1-6,Judge 6,J6,NAKAGAWA Mai
World Aquatics Diving World Cup 2026 - Super Final,beijing_2026_sf,Men’s 10m Platform Final,Final,3 MAY 2026,single,1-6,Judge 2,J2,KWAN Amy
World Aquatics Diving World Cup 2026 - Super Final,beijing_2026_sf,Men’s 10m Platform Final,Final,3 MAY 2026,single,1-6,Judge 4,J4,NAKAGAWA Mai
World Aquatics Diving World Cup 2026 - Super Final,beijing_2026_sf,Men’s 10m Platform Final,Final,3 MAY 2026,single,1-6,Judge 6,J6,YEOH Ken Nee
World Aquatics Diving World Cup 2026 - Super Final,beijing_2026_sf,Women’s 3m Springboard Head-to-Head,Unknown,3 MAY 2026,single,1-6,Judge 3,J3,YEOH Ken Nee
World Aquatics Diving World Cup 2026 - Super Final,beijing_2026_sf,Women’s 3m Springboard Semi-Final,Semifinal,3 MAY 2026,single,1-6,Judge 3,J3,YEOH Ken Nee
World Aquatics Diving World Cup 2026 - Super Final,beijing_2026_sf,Women’s 3m Springboard Final,Final,3 MAY 2026,single,1-6,Judge 3,J3,KWAN Amy
World Aquatics Diving World Cup 2026 - Super Final,beijing_2026_sf,Women’s 3m Springboard Final,Final,3 MAY 2026,single,1-6,Judge 6,J6,YEOH Ken Nee
World Aquatics Diving World Cup 2026 - Super Final,beijing_2026_sf,Women’s 10m Platform Head-to-Head,Unknown,2 MAY 2026,single,1-6,Judge 7,J7,NAKAGAWA Mai
World Aquatics Diving World Cup 2026 - Super Final,beijing_2026_sf,Women’s 10m Platform Semi-Final,Semifinal,2 MAY 2026,single,1-6,Judge 7,J7,NAKAGAWA Mai
World Aquatics Diving World Cup 2026 - Super Final,beijing_2026_sf,Women’s 10m Platform Final,Final,2 MAY 2026,single,1-6,Judge 5,J5,YEOH Ken Nee
FINA/Midea Diving World Series 2013 - Edinburgh,edinburgh_2013_ws,Women's 3m Springboard Semifinal A,Semifinal,20 APR 2013,single,1-6,Judge 1,J1,KOLIC Natasa Judge 5 GILDEMEISTER Peter
FINA/Midea Diving World Series 2013 - Edinburgh,edinburgh_2013_ws,Women's 3m Springboard Semifinal A,Semifinal,20 APR 2013,single,1-6,Judge 2,J2,FABER Marc Judge 6 GOLOVAN Anatoly
FINA/Midea Diving World Series 2013 - Edinburgh,edinburgh_2013_ws,Women's 3m Springboard Semifinal A,Semifinal,20 APR 2013,single,1-6,Judge 3,J3,LATIMIER Simon Judge 7 TELLEFSEN Arne
FINA/Midea Diving World Series 2013 - Edinburgh,edinburgh_2013_ws,Women's 3m Springboard Semifinal A,Semifinal,20 APR 2013,single,1-6,Judge 4,J4,POLAZZO Marco Valerio
FINA/Midea Diving World Series 2013 - Edinburgh,edinburgh_2013_ws,Women's 3m Springboard Semifinal B,Semifinal,20 APR 2013,single,1-6,Judge 1,J1,KOLIC Natasa Judge 5 GILDEMEISTER Peter
FINA/Midea Diving World Series 2013 - Edinburgh,edinburgh_2013_ws,Women's 3m Springboard Semifinal B,Semifinal,20 APR 2013,single,1-6,Judge 2,J2,FABER Marc Judge 6 GOLOVAN Anatoly
FINA/Midea Diving World Series 2013 - Edinburgh,edinburgh_2013_ws,Women's 3m Springboard Semifinal B,Semifinal,20 APR 2013,single,1-6,Judge 3,J3,LATIMIER Simon Judge 7 TELLEFSEN Arne
FINA/Midea Diving World Series 2013 - Edinburgh,edinburgh_2013_ws,Women's 3m Springboard Semifinal B,Semifinal,20 APR 2013,single,1-6,Judge 4,J4,POLAZZO Marco Valerio
FINA/Midea Diving World Series 2013 - Edinburgh,edinburgh_2013_ws,Women's 3m Springboard Final,Final,20 APR 2013,single,1-6,Judge 1,J1,FABER Marc Judge 5 LATIMER Simon
FINA/Midea Diving World Series 2013 - Edinburgh,edinburgh_2013_ws,Women's 3m Springboard Final,Final,20 APR 2013,single,1-6,Judge 2,J2,GOLOVAN Anatoly Judge 6 POLAZZO Marco Valerio
FINA/Midea Diving World Series 2013 - Edinburgh,edinburgh_2013_ws,Women's 3m Springboard Final,Final,20 APR 2013,single,1-6,Judge 3,J3,GILDEMEISTER Peter Judge 7 KOLIC Natasa
FINA/Midea Diving World Series 2013 - Edinburgh,edinburgh_2013_ws,Women's 3m Springboard Final,Final,20 APR 2013,single,1-6,Judge 4,J4,TELLEFSEN Arne
FINA/Midea Diving World Series 2013 - Edinburgh,edinburgh_2013_ws,Men's 3m Springboard Semifinal A,Semifinal,20 APR 2013,single,1-6,Judge 1,J1,LATIMIER Simon Judge 5 FABER Marc
FINA/Midea Diving World Series 2013 - Edinburgh,edinburgh_2013_ws,Men's 3m Springboard Semifinal A,Semifinal,20 APR 2013,single,1-6,Judge 2,J2,POLAZZO Marco Valerio Judge 6 TELLEFSEN Arne
FINA/Midea Diving World Series 2013 - Edinburgh,edinburgh_2013_ws,Men's 3m Springboard Semifinal A,Semifinal,20 APR 2013,single,1-6,Judge 3,J3,KOLIC Natasa Judge 7 GOLOVAN Anatoly
FINA/Midea Diving World Series 2013 - Edinburgh,edinburgh_2013_ws,Men's 3m Springboard Semifinal A,Semifinal,20 APR 2013,single,1-6,Judge 4,J4,GILDEMEISTER Peter
FINA/Midea Diving World Series 2013 - Edinburgh,edinburgh_2013_ws,Men's 3m Springboard Semifinal B,Semifinal,20 APR 2013,single,1-6,Judge 1,J1,LATIMIER Simon Judge 5 FABER Marc
FINA/Midea Diving World Series 2013 - Edinburgh,edinburgh_2013_ws,Men's 3m Springboard Semifinal B,Semifinal,20 APR 2013,single,1-6,Judge 2,J2,POLAZZO Marco Valerio Judge 6 TELLEFSEN Arne
FINA/Midea Diving World Series 2013 - Edinburgh,edinburgh_2013_ws,Men's 3m Springboard Semifinal B,Semifinal,20 APR 2013,single,1-6,Judge 3,J3,KOLIC Natasa Judge 7 GOLOVAN Anatoly
FINA/Midea Diving World Series 2013 - Edinburgh,edinburgh_2013_ws,Men's 3m Springboard Semifinal B,Semifinal,20 APR 2013,single,1-6,Judge 4,J4,GILDEMEISTER Peter
FINA/Midea Diving World Series 2013 - Edinburgh,edinburgh_2013_ws,Men's 3m Springboard Final,Final,20 APR 2013,single,1-6,Judge 1,J1,TELLEFSEN Arne Judge 5 GOLOVAN Anatoly
FINA/Midea Diving World Series 2013 - Edinburgh,edinburgh_2013_ws,Men's 3m Springboard Final,Final,20 APR 2013,single,1-6,Judge 2,J2,GILDEMEISTER Peter Judge 6 FABER Marc
FINA/Midea Diving World Series 2013 - Edinburgh,edinburgh_2013_ws,Men's 3m Springboard Final,Final,20 APR 2013,single,1-6,Judge 3,J3,POLAZZO Marco Valerio Judge 7 LATIMER Simon
FINA/Midea Diving World Series 2013 - Edinburgh,edinburgh_2013_ws,Men's 3m Springboard Final,Final,20 APR 2013,single,1-6,Judge 4,J4,KOLIC Natasa
FINA/Midea Diving World Series 2013 - Edinburgh,edinburgh_2013_ws,Women's 10m Platform Semifinal A,Semifinal,21 APR 2013,single,1-6,Judge 1,J1,GILDEMEISTER Peter Judge 5 LATIMER Simon
FINA/Midea Diving World Series 2013 - Edinburgh,edinburgh_2013_ws,Women's 10m Platform Semifinal A,Semifinal,21 APR 2013,single,1-6,Judge 2,J2,KOLIC Natasa Judge 6 GOLOVAN Anatoly
FINA/Midea Diving World Series 2013 - Edinburgh,edinburgh_2013_ws,Women's 10m Platform Semifinal A,Semifinal,21 APR 2013,single,1-6,Judge 3,J3,TELLEFSEN Arne Judge 7 POLAZZO Marco Valerio
FINA/Midea Diving World Series 2013 - Edinburgh,edinburgh_2013_ws,Women's 10m Platform Semifinal A,Semifinal,21 APR 2013,single,1-6,Judge 4,J4,FABER Marc
FINA/Midea Diving World Series 2013 - Edinburgh,edinburgh_2013_ws,Women's 10m Platform Semifinal B,Semifinal,21 APR 2013,single,1-6,Judge 1,J1,GILDEMEISTER Peter Judge 5 LATIMER Simon
FINA/Midea Diving World Series 2013 - Edinburgh,edinburgh_2013_ws,Women's 10m Platform Semifinal B,Semifinal,21 APR 2013,single,1-6,Judge 2,J2,KOLIC Natasa Judge 6 GOLOVAN Anatoly
FINA/Midea Diving World Series 2013 - Edinburgh,edinburgh_2013_ws,Women's 10m Platform Semifinal B,Semifinal,21 APR 2013,single,1-6,Judge 3,J3,TELLEFSEN Arne Judge 7 POLAZZO Marco Valerio
FINA/Midea Diving World Series 2013 - Edinburgh,edinburgh_2013_ws,Women's 10m Platform Semifinal B,Semifinal,21 APR 2013,single,1-6,Judge 4,J4,FABER Marc
FINA/Midea Diving World Series 2013 - Edinburgh,edinburgh_2013_ws,Women's 10m Platform Final,Final,21 APR 2013,single,1-6,Judge 1,J1,LATIMER Simon Judge 5 TELLEFSEN Arne
FINA/Midea Diving World Series 2013 - Edinburgh,edinburgh_2013_ws,Women's 10m Platform Final,Final,21 APR 2013,single,1-6,Judge 2,J2,POLAZZO Marco Valerio Judge 6 GILDEMEISTER Peter
FINA/Midea Diving World Series 2013 - Edinburgh,edinburgh_2013_ws,Women's 10m Platform Final,Final,21 APR 2013,single,1-6,Judge 3,J3,KOLIC Natasa Judge 7 FABER Marc
FINA/Midea Diving World Series 2013 - Edinburgh,edinburgh_2013_ws,Women's 10m Platform Final,Final,21 APR 2013,single,1-6,Judge 4,J4,GOLOVAN Anatoly
FINA/Midea Diving World Series 2013 - Edinburgh,edinburgh_2013_ws,Men's 10m Platform Preliminary,Preliminary,21 APR 2013,single,1-6,Judge 1,J1,POLAZZO Marco Valerio Judge 5 GOLOVAN Anatoly
FINA/Midea Diving World Series 2013 - Edinburgh,edinburgh_2013_ws,Men's 10m Platform Preliminary,Preliminary,21 APR 2013,single,1-6,Judge 2,J2,GILDEMEISTER Peter Judge 6 KOLIC Natasa
FINA/Midea Diving World Series 2013 - Edinburgh,edinburgh_2013_ws,Men's 10m Platform Preliminary,Preliminary,21 APR 2013,single,1-6,Judge 3,J3,FABER Marc Judge 7 TELLEFSEN Arne
FINA/Midea Diving World Series 2013 - Edinburgh,edinburgh_2013_ws,Men's 10m Platform Preliminary,Preliminary,21 APR 2013,single,1-6,Judge 4,J4,LATIMER Simon
FINA/Midea Diving World Series 2013 - Edinburgh,edinburgh_2013_ws,Men's 10m Platform Final,Final,21 APR 2013,single,1-6,Judge 1,J1,TELLEFSEN Arne Judge 5 POLAZZO Marco Valerio
FINA/Midea Diving World Series 2013 - Edinburgh,edinburgh_2013_ws,Men's 10m Platform Final,Final,21 APR 2013,single,1-6,Judge 2,J2,FABER Marc Judge 6 GILDEMEISTER Peter
FINA/Midea Diving World Series 2013 - Edinburgh,edinburgh_2013_ws,Men's 10m Platform Final,Final,21 APR 2013,single,1-6,Judge 3,J3,GOLOVAN Anatoly Judge 7 LATIMER Simon
FINA/Midea Diving World Series 2013 - Edinburgh,edinburgh_2013_ws,Men's 10m Platform Final,Final,21 APR 2013,single,1-6,Judge 4,J4,KOLIC Natasa
FINA/NVC Diving World Series 2014 - Dubai,dubai_2014_ws,Men's 3m Springboard Semifinal A,Semifinal,21 MAR 2014,single,1-6,Judge 1,J1,HASSAN Mohamed
FINA/NVC Diving World Series 2014 - Dubai,dubai_2014_ws,Men's 3m Springboard Semifinal A,Semifinal,21 MAR 2014,single,1-6,Judge 2,J2,POLAZZO Valerio
FINA/NVC Diving World Series 2014 - Dubai,dubai_2014_ws,Men's 3m Springboard Semifinal A,Semifinal,21 MAR 2014,single,1-6,Judge 3,J3,MORNEAU Helene
FINA/NVC Diving World Series 2014 - Dubai,dubai_2014_ws,Men's 3m Springboard Semifinal A,Semifinal,21 MAR 2014,single,1-6,Judge 4,J4,REIS Violeta
FINA/NVC Diving World Series 2014 - Dubai,dubai_2014_ws,Men's 3m Springboard Semifinal A,Semifinal,21 MAR 2014,single,1-6,Judge 5,J5,TELLERSEN Arne
FINA/NVC Diving World Series 2014 - Dubai,dubai_2014_ws,Men's 3m Springboard Semifinal A,Semifinal,21 MAR 2014,single,1-6,Judge 6,J6,PEREZ CANASVERAS Angel Luis
FINA/NVC Diving World Series 2014 - Dubai,dubai_2014_ws,Men's 3m Springboard Semifinal A,Semifinal,21 MAR 2014,single,1-6,Judge 7,J7,RIOS Christina
FINA/NVC Diving World Series 2014 - Dubai,dubai_2014_ws,Men's 3m Springboard Semifinal B,Semifinal,21 MAR 2014,single,1-6,Judge 1,J1,HASSAN Mohamed
FINA/NVC Diving World Series 2014 - Dubai,dubai_2014_ws,Men's 3m Springboard Semifinal B,Semifinal,21 MAR 2014,single,1-6,Judge 2,J2,POLAZZO Valerio
FINA/NVC Diving World Series 2014 - Dubai,dubai_2014_ws,Men's 3m Springboard Semifinal B,Semifinal,21 MAR 2014,single,1-6,Judge 3,J3,MORNEAU Helene
FINA/NVC Diving World Series 2014 - Dubai,dubai_2014_ws,Men's 3m Springboard Semifinal B,Semifinal,21 MAR 2014,single,1-6,Judge 4,J4,REIS Violeta
FINA/NVC Diving World Series 2014 - Dubai,dubai_2014_ws,Men's 3m Springboard Semifinal B,Semifinal,21 MAR 2014,single,1-6,Judge 5,J5,TELLERSEN Arne
FINA/NVC Diving World Series 2014 - Dubai,dubai_2014_ws,Men's 3m Springboard Semifinal B,Semifinal,21 MAR 2014,single,1-6,Judge 6,J6,PEREZ CANASVERAS Angel Luis
FINA/NVC Diving World Series 2014 - Dubai,dubai_2014_ws,Men's 3m Springboard Semifinal B,Semifinal,21 MAR 2014,single,1-6,Judge 7,J7,RIOS Christina
FINA/NVC Diving World Series 2014 - Dubai,dubai_2014_ws,Men's 3m Springboard Final,Final,21 MAR 2014,single,1-6,Judge 1,J1,REIS Violeta
FINA/NVC Diving World Series 2014 - Dubai,dubai_2014_ws,Men's 3m Springboard Final,Final,21 MAR 2014,single,1-6,Judge 2,J2,PEREZ CANASVERAS Angel Luis
FINA/NVC Diving World Series 2014 - Dubai,dubai_2014_ws,Men's 3m Springboard Final,Final,21 MAR 2014,single,1-6,Judge 3,J3,POLAZZO Valerio
FINA/NVC Diving World Series 2014 - Dubai,dubai_2014_ws,Men's 3m Springboard Final,Final,21 MAR 2014,single,1-6,Judge 4,J4,HASSAN Mohamed
FINA/NVC Diving World Series 2014 - Dubai,dubai_2014_ws,Men's 3m Springboard Final,Final,21 MAR 2014,single,1-6,Judge 5,J5,MORNEAU Helene
FINA/NVC Diving World Series 2014 - Dubai,dubai_2014_ws,Men's 3m Springboard Final,Final,21 MAR 2014,single,1-6,Judge 6,J6,RIOS Christina
FINA/NVC Diving World Series 2014 - Dubai,dubai_2014_ws,Men's 3m Springboard Final,Final,21 MAR 2014,single,1-6,Judge 7,J7,TELLERSEN Arne
FINA/NVC Diving World Series 2014 - Dubai,dubai_2014_ws,Men's 10m Platform Semifinal A,Semifinal,22 MAR 2014,single,1-6,Judge 1,J1,PEREZ CANASVERAS Angel Luis
FINA/NVC Diving World Series 2014 - Dubai,dubai_2014_ws,Men's 10m Platform Semifinal A,Semifinal,22 MAR 2014,single,1-6,Judge 2,J2,TELLERSEN Arne
FINA/NVC Diving World Series 2014 - Dubai,dubai_2014_ws,Men's 10m Platform Semifinal A,Semifinal,22 MAR 2014,single,1-6,Judge 3,J3,MORNEAU Helene
FINA/NVC Diving World Series 2014 - Dubai,dubai_2014_ws,Men's 10m Platform Semifinal A,Semifinal,22 MAR 2014,single,1-6,Judge 4,J4,RIOS Christina
FINA/NVC Diving World Series 2014 - Dubai,dubai_2014_ws,Men's 10m Platform Semifinal A,Semifinal,22 MAR 2014,single,1-6,Judge 5,J5,GILDERMEISTER Peter
FINA/NVC Diving World Series 2014 - Dubai,dubai_2014_ws,Men's 10m Platform Semifinal A,Semifinal,22 MAR 2014,single,1-6,Judge 6,J6,REIS Violeta
FINA/NVC Diving World Series 2014 - Dubai,dubai_2014_ws,Men's 10m Platform Semifinal A,Semifinal,22 MAR 2014,single,1-6,Judge 7,J7,HASSAN Mohamed
FINA/NVC Diving World Series 2014 - Dubai,dubai_2014_ws,Men's 10m Platform Semifinal B,Semifinal,22 MAR 2014,single,1-6,Judge 1,J1,PEREZ CANASVERAS Angel Luis
FINA/NVC Diving World Series 2014 - Dubai,dubai_2014_ws,Men's 10m Platform Semifinal B,Semifinal,22 MAR 2014,single,1-6,Judge 2,J2,TELLERSEN Arne
FINA/NVC Diving World Series 2014 - Dubai,dubai_2014_ws,Men's 10m Platform Semifinal B,Semifinal,22 MAR 2014,single,1-6,Judge 3,J3,MORNEAU Helene
FINA/NVC Diving World Series 2014 - Dubai,dubai_2014_ws,Men's 10m Platform Semifinal B,Semifinal,22 MAR 2014,single,1-6,Judge 4,J4,RIOS Christina
FINA/NVC Diving World Series 2014 - Dubai,dubai_2014_ws,Men's 10m Platform Semifinal B,Semifinal,22 MAR 2014,single,1-6,Judge 5,J5,GILDERMEISTER Peter
FINA/NVC Diving World Series 2014 - Dubai,dubai_2014_ws,Men's 10m Platform Semifinal B,Semifinal,22 MAR 2014,single,1-6,Judge 6,J6,REIS Violeta
FINA/NVC Diving World Series 2014 - Dubai,dubai_2014_ws,Men's 10m Platform Semifinal B,Semifinal,22 MAR 2014,single,1-6,Judge 7,J7,HASSAN Mohamed
FINA/NVC Diving World Series 2014 - Dubai,dubai_2014_ws,Men's 10m Platform Final,Final,22 MAR 2014,single,1-6,Judge 1,J1,GILDERMEISTER Peter
FINA/NVC Diving World Series 2014 - Dubai,dubai_2014_ws,Men's 10m Platform Final,Final,22 MAR 2014,single,1-6,Judge 2,J2,HASSAN Mohamed
FINA/NVC Diving World Series 2014 - Dubai,dubai_2014_ws,Men's 10m Platform Final,Final,22 MAR 2014,single,1-6,Judge 3,J3,TELLERSEN Arne
FINA/NVC Diving World Series 2014 - Dubai,dubai_2014_ws,Men's 10m Platform Final,Final,22 MAR 2014,single,1-6,Judge 4,J4,RIOS Christina
FINA/NVC Diving World Series 2014 - Dubai,dubai_2014_ws,Men's 10m Platform Final,Final,22 MAR 2014,single,1-6,Judge 5,J5,MORNEAU Helene
FINA/NVC Diving World Series 2014 - Dubai,dubai_2014_ws,Men's 10m Platform Final,Final,22 MAR 2014,single,1-6,Judge 6,J6,PEREZ CANASVERAS Angel Luis
FINA/NVC Diving World Series 2014 - Dubai,dubai_2014_ws,Men's 10m Platform Final,Final,22 MAR 2014,single,1-6,Judge 7,J7,REIS Violeta
FINA/NVC Diving World Series 2014 - Dubai,dubai_2014_ws,Women's 3m Springboard Semifinal A,Semifinal,21 MAR 2014,single,1-6,Judge 1,J1,PEREZ CANASVERAS Angel Luis
FINA/NVC Diving World Series 2014 - Dubai,dubai_2014_ws,Women's 3m Springboard Semifinal A,Semifinal,21 MAR 2014,single,1-6,Judge 2,J2,GILDERMEISTER Peter
FINA/NVC Diving World Series 2014 - Dubai,dubai_2014_ws,Women's 3m Springboard Semifinal A,Semifinal,21 MAR 2014,single,1-6,Judge 3,J3,RIOS Christina
FINA/NVC Diving World Series 2014 - Dubai,dubai_2014_ws,Women's 3m Springboard Semifinal A,Semifinal,21 MAR 2014,single,1-6,Judge 4,J4,HASSAN Mohamed
FINA/NVC Diving World Series 2014 - Dubai,dubai_2014_ws,Women's 3m Springboard Semifinal A,Semifinal,21 MAR 2014,single,1-6,Judge 5,J5,TELLERSEN Arne
FINA/NVC Diving World Series 2014 - Dubai,dubai_2014_ws,Women's 3m Springboard Semifinal A,Semifinal,21 MAR 2014,single,1-6,Judge 6,J6,MORNEAU Helene
FINA/NVC Diving World Series 2014 - Dubai,dubai_2014_ws,Women's 3m Springboard Semifinal A,Semifinal,21 MAR 2014,single,1-6,Judge 7,J7,VYAS Mayur
FINA/NVC Diving World Series 2014 - Dubai,dubai_2014_ws,Women's 3m Springboard Semifinal B,Semifinal,21 MAR 2014,single,1-6,Judge 1,J1,PEREZ CANASVERAS Angel Luis
FINA/NVC Diving World Series 2014 - Dubai,dubai_2014_ws,Women's 3m Springboard Semifinal B,Semifinal,21 MAR 2014,single,1-6,Judge 2,J2,GILDERMEISTER Peter
FINA/NVC Diving World Series 2014 - Dubai,dubai_2014_ws,Women's 3m Springboard Semifinal B,Semifinal,21 MAR 2014,single,1-6,Judge 3,J3,RIOS Christina
FINA/NVC Diving World Series 2014 - Dubai,dubai_2014_ws,Women's 3m Springboard Semifinal B,Semifinal,21 MAR 2014,single,1-6,Judge 4,J4,HASSAN Mohamed
FINA/NVC Diving World Series 2014 - Dubai,dubai_2014_ws,Women's 3m Springboard Semifinal B,Semifinal,21 MAR 2014,single,1-6,Judge 5,J5,TELLERSEN Arne
FINA/NVC Diving World Series 2014 - Dubai,dubai_2014_ws,Women's 3m Springboard Semifinal B,Semifinal,21 MAR 2014,single,1-6,Judge 6,J6,MORNEAU Helene
FINA/NVC Diving World Series 2014 - Dubai,dubai_2014_ws,Women's 3m Springboard Semifinal B,Semifinal,21 MAR 2014,single,1-6,Judge 7,J7,VYAS Mayur
FINA/NVC Diving World Series 2014 - Dubai,dubai_2014_ws,Women's 3m Springboard Final,Final,21 MAR 2014,single,1-6,Judge 1,J1,TELLERSEN Arne
FINA/NVC Diving World Series 2014 - Dubai,dubai_2014_ws,Women's 3m Springboard Final,Final,21 MAR 2014,single,1-6,Judge 2,J2,RIOS Christina
FINA/NVC Diving World Series 2014 - Dubai,dubai_2014_ws,Women's 3m Springboard Final,Final,21 MAR 2014,single,1-6,Judge 3,J3,GILDERMEISTER Peter
FINA/NVC Diving World Series 2014 - Dubai,dubai_2014_ws,Women's 3m Springboard Final,Final,21 MAR 2014,single,1-6,Judge 4,J4,MORNEAU Helene
FINA/NVC Diving World Series 2014 - Dubai,dubai_2014_ws,Women's 3m Springboard Final,Final,21 MAR 2014,single,1-6,Judge 5,J5,VYAS Mayur
FINA/NVC Diving World Series 2014 - Dubai,dubai_2014_ws,Women's 3m Springboard Final,Final,21 MAR 2014,single,1-6,Judge 6,J6,PEREZ CANASVERAS Angel Luis
FINA/NVC Diving World Series 2014 - Dubai,dubai_2014_ws,Women's 3m Springboard Final,Final,21 MAR 2014,single,1-6,Judge 7,J7,HASSAN Mohamed
FINA/NVC Diving World Series 2014 - Dubai,dubai_2014_ws,Women's 10m Platform Semifinal A,Semifinal,22 MAR 2014,single,1-6,Judge 1,J1,VYAS Mayur
FINA/NVC Diving World Series 2014 - Dubai,dubai_2014_ws,Women's 10m Platform Semifinal A,Semifinal,22 MAR 2014,single,1-6,Judge 2,J2,GILDERMEISTER Peter
FINA/NVC Diving World Series 2014 - Dubai,dubai_2014_ws,Women's 10m Platform Semifinal A,Semifinal,22 MAR 2014,single,1-6,Judge 3,J3,HASSAN Mohamed
FINA/NVC Diving World Series 2014 - Dubai,dubai_2014_ws,Women's 10m Platform Semifinal A,Semifinal,22 MAR 2014,single,1-6,Judge 4,J4,POLAZZO Valerio
FINA/NVC Diving World Series 2014 - Dubai,dubai_2014_ws,Women's 10m Platform Semifinal A,Semifinal,22 MAR 2014,single,1-6,Judge 5,J5,REIS Violeta
FINA/NVC Diving World Series 2014 - Dubai,dubai_2014_ws,Women's 10m Platform Semifinal A,Semifinal,22 MAR 2014,single,1-6,Judge 6,J6,TELLERSEN Arne
FINA/NVC Diving World Series 2014 - Dubai,dubai_2014_ws,Women's 10m Platform Semifinal A,Semifinal,22 MAR 2014,single,1-6,Judge 7,J7,MORNEAU Helene
FINA/NVC Diving World Series 2014 - Dubai,dubai_2014_ws,Women's 10m Platform Semifinal B,Semifinal,22 MAR 2014,single,1-6,Judge 1,J1,VYAS Mayur
FINA/NVC Diving World Series 2014 - Dubai,dubai_2014_ws,Women's 10m Platform Semifinal B,Semifinal,22 MAR 2014,single,1-6,Judge 2,J2,GILDERMEISTER Peter
FINA/NVC Diving World Series 2014 - Dubai,dubai_2014_ws,Women's 10m Platform Semifinal B,Semifinal,22 MAR 2014,single,1-6,Judge 3,J3,HASSAN Mohamed
FINA/NVC Diving World Series 2014 - Dubai,dubai_2014_ws,Women's 10m Platform Semifinal B,Semifinal,22 MAR 2014,single,1-6,Judge 4,J4,POLAZZO Valerio
FINA/NVC Diving World Series 2014 - Dubai,dubai_2014_ws,Women's 10m Platform Semifinal B,Semifinal,22 MAR 2014,single,1-6,Judge 5,J5,REIS Violeta
FINA/NVC Diving World Series 2014 - Dubai,dubai_2014_ws,Women's 10m Platform Semifinal B,Semifinal,22 MAR 2014,single,1-6,Judge 6,J6,TELLERSEN Arne
FINA/NVC Diving World Series 2014 - Dubai,dubai_2014_ws,Women's 10m Platform Semifinal B,Semifinal,22 MAR 2014,single,1-6,Judge 7,J7,MORNEAU Helene
FINA/NVC Diving World Series 2014 - Dubai,dubai_2014_ws,Women's 10m Platform Final,Final,22 MAR 2014,single,1-6,Judge 1,J1,MORNEAU Helene
FINA/NVC Diving World Series 2014 - Dubai,dubai_2014_ws,Women's 10m Platform Final,Final,22 MAR 2014,single,1-6,Judge 2,J2,TELLERSEN Arne
FINA/NVC Diving World Series 2014 - Dubai,dubai_2014_ws,Women's 10m Platform Final,Final,22 MAR 2014,single,1-6,Judge 3,J3,VYAS Mayur
FINA/NVC Diving World Series 2014 - Dubai,dubai_2014_ws,Women's 10m Platform Final,Final,22 MAR 2014,single,1-6,Judge 4,J4,GILDERMEISTER Peter
FINA/NVC Diving World Series 2014 - Dubai,dubai_2014_ws,Women's 10m Platform Final,Final,22 MAR 2014,single,1-6,Judge 5,J5,HASSAN Mohamed
FINA/NVC Diving World Series 2014 - Dubai,dubai_2014_ws,Women's 10m Platform Final,Final,22 MAR 2014,single,1-6,Judge 6,J6,POLAZZO Valerio
FINA/NVC Diving World Series 2014 - Dubai,dubai_2014_ws,Women's 10m Platform Final,Final,22 MAR 2014,single,1-6,Judge 7,J7,REIS Violeta
FINA/NVC Diving World Series 2014 - London,london_2014_ws,Men's 3m Springboard Semifinal A,Semifinal,26 APR 2014,single,1-6,Judge 1,J1,HUFFMAN Cokey
FINA/NVC Diving World Series 2014 - London,london_2014_ws,Men's 3m Springboard Semifinal A,Semifinal,26 APR 2014,single,1-6,Judge 2,J2,AVASILOAE Florin
FINA/NVC Diving World Series 2014 - London,london_2014_ws,Men's 3m Springboard Semifinal A,Semifinal,26 APR 2014,single,1-6,Judge 3,J3,KOLIC Natasa
FINA/NVC Diving World Series 2014 - London,london_2014_ws,Men's 3m Springboard Semifinal A,Semifinal,26 APR 2014,single,1-6,Judge 4,J4,AXTELIUS Peter
FINA/NVC Diving World Series 2014 - London,london_2014_ws,Men's 3m Springboard Semifinal A,Semifinal,26 APR 2014,single,1-6,Judge 5,J5,BOUSSARD Michel
FINA/NVC Diving World Series 2014 - London,london_2014_ws,Men's 3m Springboard Semifinal A,Semifinal,26 APR 2014,single,1-6,Judge 6,J6,OGDEN Jane
FINA/NVC Diving World Series 2014 - London,london_2014_ws,Men's 3m Springboard Semifinal A,Semifinal,26 APR 2014,single,1-6,Judge 7,J7,SZEKFFY Nora
FINA/NVC Diving World Series 2014 - London,london_2014_ws,Men's 3m Springboard Semifinal A,Semifinal,26 APR 2014,single,1-6,Judge 1,J1,HUFFMAN Cokey
FINA/NVC Diving World Series 2014 - London,london_2014_ws,Men's 3m Springboard Semifinal A,Semifinal,26 APR 2014,single,1-6,Judge 2,J2,AVASILOAE Florin
FINA/NVC Diving World Series 2014 - London,london_2014_ws,Men's 3m Springboard Semifinal A,Semifinal,26 APR 2014,single,1-6,Judge 3,J3,KOLIC Natasa
FINA/NVC Diving World Series 2014 - London,london_2014_ws,Men's 3m Springboard Semifinal A,Semifinal,26 APR 2014,single,1-6,Judge 4,J4,AXTELIUS Peter
FINA/NVC Diving World Series 2014 - London,london_2014_ws,Men's 3m Springboard Semifinal A,Semifinal,26 APR 2014,single,1-6,Judge 5,J5,BOUSSARD Michel
FINA/NVC Diving World Series 2014 - London,london_2014_ws,Men's 3m Springboard Semifinal A,Semifinal,26 APR 2014,single,1-6,Judge 6,J6,OGDEN Jane
FINA/NVC Diving World Series 2014 - London,london_2014_ws,Men's 3m Springboard Semifinal A,Semifinal,26 APR 2014,single,1-6,Judge 7,J7,SZEKFFY Nora
FINA/NVC Diving World Series 2014 - London,london_2014_ws,Men's 3m Springboard Semifinal A,Semifinal,26 APR 2014,single,1-6,Judge 1,J1,HUFFMAN Cokey
FINA/NVC Diving World Series 2014 - London,london_2014_ws,Men's 3m Springboard Semifinal A,Semifinal,26 APR 2014,single,1-6,Judge 2,J2,AVASILOAE Florin
FINA/NVC Diving World Series 2014 - London,london_2014_ws,Men's 3m Springboard Semifinal A,Semifinal,26 APR 2014,single,1-6,Judge 3,J3,KOLIC Natasa
FINA/NVC Diving World Series 2014 - London,london_2014_ws,Men's 3m Springboard Semifinal A,Semifinal,26 APR 2014,single,1-6,Judge 4,J4,AXTELIUS Peter
FINA/NVC Diving World Series 2014 - London,london_2014_ws,Men's 3m Springboard Semifinal A,Semifinal,26 APR 2014,single,1-6,Judge 5,J5,BOUSSARD Michel
FINA/NVC Diving World Series 2014 - London,london_2014_ws,Men's 3m Springboard Semifinal A,Semifinal,26 APR 2014,single,1-6,Judge 6,J6,OGDEN Jane
FINA/NVC Diving World Series 2014 - London,london_2014_ws,Men's 3m Springboard Semifinal A,Semifinal,26 APR 2014,single,1-6,Judge 7,J7,SZEKFFY Nora
FINA/NVC Diving World Series 2014 - London,london_2014_ws,Men's 3m Springboard Semifinal B,Semifinal,26 APR 2014,single,1-6,Judge 1,J1,HUFFMAN Cokey
FINA/NVC Diving World Series 2014 - London,london_2014_ws,Men's 3m Springboard Semifinal B,Semifinal,26 APR 2014,single,1-6,Judge 2,J2,AVASILOAE Florin
FINA/NVC Diving World Series 2014 - London,london_2014_ws,Men's 3m Springboard Semifinal B,Semifinal,26 APR 2014,single,1-6,Judge 3,J3,KOLIC Natasa
FINA/NVC Diving World Series 2014 - London,london_2014_ws,Men's 3m Springboard Semifinal B,Semifinal,26 APR 2014,single,1-6,Judge 4,J4,AXTELIUS Peter
FINA/NVC Diving World Series 2014 - London,london_2014_ws,Men's 3m Springboard Semifinal B,Semifinal,26 APR 2014,single,1-6,Judge 5,J5,BOUSSARD Michel
FINA/NVC Diving World Series 2014 - London,london_2014_ws,Men's 3m Springboard Semifinal B,Semifinal,26 APR 2014,single,1-6,Judge 6,J6,OGDEN Jane
FINA/NVC Diving World Series 2014 - London,london_2014_ws,Men's 3m Springboard Semifinal B,Semifinal,26 APR 2014,single,1-6,Judge 7,J7,SZEKFFY Nora
FINA/NVC Diving World Series 2014 - London,london_2014_ws,Men's 3m Springboard Semifinal B,Semifinal,26 APR 2014,single,1-6,Judge 1,J1,HUFFMAN Cokey
FINA/NVC Diving World Series 2014 - London,london_2014_ws,Men's 3m Springboard Semifinal B,Semifinal,26 APR 2014,single,1-6,Judge 2,J2,AVASILOAE Florin
FINA/NVC Diving World Series 2014 - London,london_2014_ws,Men's 3m Springboard Semifinal B,Semifinal,26 APR 2014,single,1-6,Judge 3,J3,KOLIC Natasa
FINA/NVC Diving World Series 2014 - London,london_2014_ws,Men's 3m Springboard Semifinal B,Semifinal,26 APR 2014,single,1-6,Judge 4,J4,AXTELIUS Peter
FINA/NVC Diving World Series 2014 - London,london_2014_ws,Men's 3m Springboard Semifinal B,Semifinal,26 APR 2014,single,1-6,Judge 5,J5,BOUSSARD Michel
FINA/NVC Diving World Series 2014 - London,london_2014_ws,Men's 3m Springboard Semifinal B,Semifinal,26 APR 2014,single,1-6,Judge 6,J6,OGDEN Jane
FINA/NVC Diving World Series 2014 - London,london_2014_ws,Men's 3m Springboard Semifinal B,Semifinal,26 APR 2014,single,1-6,Judge 7,J7,SZEKFFY Nora
FINA/NVC Diving World Series 2014 - London,london_2014_ws,Men's 3m Springboard Semifinal B,Semifinal,26 APR 2014,single,1-6,Judge 1,J1,HUFFMAN Cokey
FINA/NVC Diving World Series 2014 - London,london_2014_ws,Men's 3m Springboard Semifinal B,Semifinal,26 APR 2014,single,1-6,Judge 2,J2,AVASILOAE Florin
FINA/NVC Diving World Series 2014 - London,london_2014_ws,Men's 3m Springboard Semifinal B,Semifinal,26 APR 2014,single,1-6,Judge 3,J3,KOLIC Natasa
FINA/NVC Diving World Series 2014 - London,london_2014_ws,Men's 3m Springboard Semifinal B,Semifinal,26 APR 2014,single,1-6,Judge 4,J4,AXTELIUS Peter
FINA/NVC Diving World Series 2014 - London,london_2014_ws,Men's 3m Springboard Semifinal B,Semifinal,26 APR 2014,single,1-6,Judge 5,J5,BOUSSARD Michel
FINA/NVC Diving World Series 2014 - London,london_2014_ws,Men's 3m Springboard Semifinal B,Semifinal,26 APR 2014,single,1-6,Judge 6,J6,OGDEN Jane
FINA/NVC Diving World Series 2014 - London,london_2014_ws,Men's 3m Springboard Semifinal B,Semifinal,26 APR 2014,single,1-6,Judge 7,J7,SZEKFFY Nora
FINA/NVC Diving World Series 2014 - London,london_2014_ws,Men's 3m Springboard Final,Final,26 APR 2014,single,1-6,Judge 1,J1,BOUSSARD Michel
FINA/NVC Diving World Series 2014 - London,london_2014_ws,Men's 3m Springboard Final,Final,26 APR 2014,single,1-6,Judge 2,J2,SZEKFFY Nora
FINA/NVC Diving World Series 2014 - London,london_2014_ws,Men's 3m Springboard Final,Final,26 APR 2014,single,1-6,Judge 3,J3,HUFFMAN Cokey
FINA/NVC Diving World Series 2014 - London,london_2014_ws,Men's 3m Springboard Final,Final,26 APR 2014,single,1-6,Judge 4,J4,AVASILOAE Florin
FINA/NVC Diving World Series 2014 - London,london_2014_ws,Men's 3m Springboard Final,Final,26 APR 2014,single,1-6,Judge 5,J5,KOLIC Natasa
FINA/NVC Diving World Series 2014 - London,london_2014_ws,Men's 3m Springboard Final,Final,26 APR 2014,single,1-6,Judge 6,J6,AXTELIUS Peter
FINA/NVC Diving World Series 2014 - London,london_2014_ws,Men's 3m Springboard Final,Final,26 APR 2014,single,1-6,Judge 7,J7,OGDEN Jane
FINA/NVC Diving World Series 2014 - London,london_2014_ws,Men's 3m Springboard Final,Final,26 APR 2014,single,1-6,Judge 1,J1,BOUSSARD Michel
FINA/NVC Diving World Series 2014 - London,london_2014_ws,Men's 3m Springboard Final,Final,26 APR 2014,single,1-6,Judge 2,J2,SZEKFFY Nora
FINA/NVC Diving World Series 2014 - London,london_2014_ws,Men's 3m Springboard Final,Final,26 APR 2014,single,1-6,Judge 3,J3,HUFFMAN Cokey
FINA/NVC Diving World Series 2014 - London,london_2014_ws,Men's 3m Springboard Final,Final,26 APR 2014,single,1-6,Judge 4,J4,AVASILOAE Florin
FINA/NVC Diving World Series 2014 - London,london_2014_ws,Men's 3m Springboard Final,Final,26 APR 2014,single,1-6,Judge 5,J5,KOLIC Natasa
FINA/NVC Diving World Series 2014 - London,london_2014_ws,Men's 3m Springboard Final,Final,26 APR 2014,single,1-6,Judge 6,J6,AXTELIUS Peter
FINA/NVC Diving World Series 2014 - London,london_2014_ws,Men's 3m Springboard Final,Final,26 APR 2014,single,1-6,Judge 7,J7,OGDEN Jane
FINA/NVC Diving World Series 2014 - London,london_2014_ws,Men's 3m Springboard Final,Final,26 APR 2014,single,1-6,Judge 1,J1,BOUSSARD Michel
FINA/NVC Diving World Series 2014 - London,london_2014_ws,Men's 3m Springboard Final,Final,26 APR 2014,single,1-6,Judge 2,J2,SZEKFFY Nora
FINA/NVC Diving World Series 2014 - London,london_2014_ws,Men's 3m Springboard Final,Final,26 APR 2014,single,1-6,Judge 3,J3,HUFFMAN Cokey
FINA/NVC Diving World Series 2014 - London,london_2014_ws,Men's 3m Springboard Final,Final,26 APR 2014,single,1-6,Judge 4,J4,AVASILOAE Florin
FINA/NVC Diving World Series 2014 - London,london_2014_ws,Men's 3m Springboard Final,Final,26 APR 2014,single,1-6,Judge 5,J5,KOLIC Natasa
FINA/NVC Diving World Series 2014 - London,london_2014_ws,Men's 3m Springboard Final,Final,26 APR 2014,single,1-6,Judge 6,J6,AXTELIUS Peter
FINA/NVC Diving World Series 2014 - London,london_2014_ws,Men's 3m Springboard Final,Final,26 APR 2014,single,1-6,Judge 7,J7,OGDEN Jane
FINA/NVC Diving World Series 2014 - London,london_2014_ws,Women's 3m Springboard Semifinal A,Semifinal,26 APR 2014,single,1-6,Judge 1,J1,BOUSSARD Michel
FINA/NVC Diving World Series 2014 - London,london_2014_ws,Women's 3m Springboard Semifinal A,Semifinal,26 APR 2014,single,1-6,Judge 2,J2,OGDEN Jane
FINA/NVC Diving World Series 2014 - London,london_2014_ws,Women's 3m Springboard Semifinal A,Semifinal,26 APR 2014,single,1-6,Judge 3,J3,TOULOUDIS Nikolaos
FINA/NVC Diving World Series 2014 - London,london_2014_ws,Women's 3m Springboard Semifinal A,Semifinal,26 APR 2014,single,1-6,Judge 4,J4,SZEKFFY Nora
FINA/NVC Diving World Series 2014 - London,london_2014_ws,Women's 3m Springboard Semifinal A,Semifinal,26 APR 2014,single,1-6,Judge 5,J5,HUFFMAN Cokey
FINA/NVC Diving World Series 2014 - London,london_2014_ws,Women's 3m Springboard Semifinal A,Semifinal,26 APR 2014,single,1-6,Judge 6,J6,CALDERARA Gianluca
FINA/NVC Diving World Series 2014 - London,london_2014_ws,Women's 3m Springboard Semifinal A,Semifinal,26 APR 2014,single,1-6,Judge 7,J7,AXTELIUS Peter
FINA/NVC Diving World Series 2014 - London,london_2014_ws,Women's 3m Springboard Semifinal A,Semifinal,26 APR 2014,single,1-6,Judge 1,J1,BOUSSARD Michel
FINA/NVC Diving World Series 2014 - London,london_2014_ws,Women's 3m Springboard Semifinal A,Semifinal,26 APR 2014,single,1-6,Judge 2,J2,OGDEN Jane
FINA/NVC Diving World Series 2014 - London,london_2014_ws,Women's 3m Springboard Semifinal A,Semifinal,26 APR 2014,single,1-6,Judge 3,J3,TOULOUDIS Nikolaos
FINA/NVC Diving World Series 2014 - London,london_2014_ws,Women's 3m Springboard Semifinal A,Semifinal,26 APR 2014,single,1-6,Judge 4,J4,SZEKFFY Nora
FINA/NVC Diving World Series 2014 - London,london_2014_ws,Women's 3m Springboard Semifinal A,Semifinal,26 APR 2014,single,1-6,Judge 5,J5,HUFFMAN Cokey
FINA/NVC Diving World Series 2014 - London,london_2014_ws,Women's 3m Springboard Semifinal A,Semifinal,26 APR 2014,single,1-6,Judge 6,J6,CALDERARA Gianluca
FINA/NVC Diving World Series 2014 - London,london_2014_ws,Women's 3m Springboard Semifinal A,Semifinal,26 APR 2014,single,1-6,Judge 7,J7,AXTELIUS Peter
FINA/NVC Diving World Series 2014 - London,london_2014_ws,Women's 3m Springboard Semifinal A,Semifinal,26 APR 2014,single,1-6,Judge 1,J1,BOUSSARD Michel
FINA/NVC Diving World Series 2014 - London,london_2014_ws,Women's 3m Springboard Semifinal A,Semifinal,26 APR 2014,single,1-6,Judge 2,J2,OGDEN Jane
FINA/NVC Diving World Series 2014 - London,london_2014_ws,Women's 3m Springboard Semifinal A,Semifinal,26 APR 2014,single,1-6,Judge 3,J3,TOULOUDIS Nikolaos
FINA/NVC Diving World Series 2014 - London,london_2014_ws,Women's 3m Springboard Semifinal A,Semifinal,26 APR 2014,single,1-6,Judge 4,J4,SZEKFFY Nora
FINA/NVC Diving World Series 2014 - London,london_2014_ws,Women's 3m Springboard Semifinal A,Semifinal,26 APR 2014,single,1-6,Judge 5,J5,HUFFMAN Cokey
FINA/NVC Diving World Series 2014 - London,london_2014_ws,Women's 3m Springboard Semifinal A,Semifinal,26 APR 2014,single,1-6,Judge 6,J6,CALDERARA Gianluca
FINA/NVC Diving World Series 2014 - London,london_2014_ws,Women's 3m Springboard Semifinal A,Semifinal,26 APR 2014,single,1-6,Judge 7,J7,AXTELIUS Peter
FINA/NVC Diving World Series 2014 - London,london_2014_ws,Women's 3m Springboard Semifinal B,Semifinal,26 APR 2014,single,1-6,Judge 1,J1,BOUSSARD Michel
FINA/NVC Diving World Series 2014 - London,london_2014_ws,Women's 3m Springboard Semifinal B,Semifinal,26 APR 2014,single,1-6,Judge 2,J2,OGDEN Jane
FINA/NVC Diving World Series 2014 - London,london_2014_ws,Women's 3m Springboard Semifinal B,Semifinal,26 APR 2014,single,1-6,Judge 3,J3,TOULOUDIS Nikolaos
FINA/NVC Diving World Series 2014 - London,london_2014_ws,Women's 3m Springboard Semifinal B,Semifinal,26 APR 2014,single,1-6,Judge 4,J4,SZEKFFY Nora
FINA/NVC Diving World Series 2014 - London,london_2014_ws,Women's 3m Springboard Semifinal B,Semifinal,26 APR 2014,single,1-6,Judge 5,J5,HUFFMAN Cokey
FINA/NVC Diving World Series 2014 - London,london_2014_ws,Women's 3m Springboard Semifinal B,Semifinal,26 APR 2014,single,1-6,Judge 6,J6,CALDERARA Gianluca
FINA/NVC Diving World Series 2014 - London,london_2014_ws,Women's 3m Springboard Semifinal B,Semifinal,26 APR 2014,single,1-6,Judge 7,J7,AXTELIUS Peter
FINA/NVC Diving World Series 2014 - London,london_2014_ws,Women's 3m Springboard Semifinal B,Semifinal,26 APR 2014,single,1-6,Judge 1,J1,BOUSSARD Michel
FINA/NVC Diving World Series 2014 - London,london_2014_ws,Women's 3m Springboard Semifinal B,Semifinal,26 APR 2014,single,1-6,Judge 2,J2,OGDEN Jane
FINA/NVC Diving World Series 2014 - London,london_2014_ws,Women's 3m Springboard Semifinal B,Semifinal,26 APR 2014,single,1-6,Judge 3,J3,TOULOUDIS Nikolaos
FINA/NVC Diving World Series 2014 - London,london_2014_ws,Women's 3m Springboard Semifinal B,Semifinal,26 APR 2014,single,1-6,Judge 4,J4,SZEKFFY Nora
FINA/NVC Diving World Series 2014 - London,london_2014_ws,Women's 3m Springboard Semifinal B,Semifinal,26 APR 2014,single,1-6,Judge 5,J5,HUFFMAN Cokey
FINA/NVC Diving World Series 2014 - London,london_2014_ws,Women's 3m Springboard Semifinal B,Semifinal,26 APR 2014,single,1-6,Judge 6,J6,CALDERARA Gianluca
FINA/NVC Diving World Series 2014 - London,london_2014_ws,Women's 3m Springboard Semifinal B,Semifinal,26 APR 2014,single,1-6,Judge 7,J7,AXTELIUS Peter
FINA/NVC Diving World Series 2014 - London,london_2014_ws,Women's 3m Springboard Semifinal B,Semifinal,26 APR 2014,single,1-6,Judge 1,J1,BOUSSARD Michel
FINA/NVC Diving World Series 2014 - London,london_2014_ws,Women's 3m Springboard Semifinal B,Semifinal,26 APR 2014,single,1-6,Judge 2,J2,OGDEN Jane
FINA/NVC Diving World Series 2014 - London,london_2014_ws,Women's 3m Springboard Semifinal B,Semifinal,26 APR 2014,single,1-6,Judge 3,J3,TOULOUDIS Nikolaos
FINA/NVC Diving World Series 2014 - London,london_2014_ws,Women's 3m Springboard Semifinal B,Semifinal,26 APR 2014,single,1-6,Judge 4,J4,SZEKFFY Nora
FINA/NVC Diving World Series 2014 - London,london_2014_ws,Women's 3m Springboard Semifinal B,Semifinal,26 APR 2014,single,1-6,Judge 5,J5,HUFFMAN Cokey
FINA/NVC Diving World Series 2014 - London,london_2014_ws,Women's 3m Springboard Semifinal B,Semifinal,26 APR 2014,single,1-6,Judge 6,J6,CALDERARA Gianluca
FINA/NVC Diving World Series 2014 - London,london_2014_ws,Women's 3m Springboard Semifinal B,Semifinal,26 APR 2014,single,1-6,Judge 7,J7,AXTELIUS Peter
FINA/NVC Diving World Series 2014 - London,london_2014_ws,Women's 10m Platform Semifinal A,Semifinal,27 APR 2014,single,1-6,Judge 1,J1,CALDERARA Gianluca
FINA/NVC Diving World Series 2014 - London,london_2014_ws,Women's 10m Platform Semifinal A,Semifinal,27 APR 2014,single,1-6,Judge 2,J2,KOLIC Natasa
FINA/NVC Diving World Series 2014 - London,london_2014_ws,Women's 10m Platform Semifinal A,Semifinal,27 APR 2014,single,1-6,Judge 3,J3,OGDEN Jane
FINA/NVC Diving World Series 2014 - London,london_2014_ws,Women's 10m Platform Semifinal A,Semifinal,27 APR 2014,single,1-6,Judge 4,J4,SZEKFFY Nora
FINA/NVC Diving World Series 2014 - London,london_2014_ws,Women's 10m Platform Semifinal A,Semifinal,27 APR 2014,single,1-6,Judge 5,J5,TOULOUDIS Nikolaos
FINA/NVC Diving World Series 2014 - London,london_2014_ws,Women's 10m Platform Semifinal A,Semifinal,27 APR 2014,single,1-6,Judge 6,J6,AVASILOAE Florin
FINA/NVC Diving World Series 2014 - London,london_2014_ws,Women's 10m Platform Semifinal A,Semifinal,27 APR 2014,single,1-6,Judge 7,J7,BOUSSARD Michel
FINA/NVC Diving World Series 2014 - London,london_2014_ws,Women's 10m Platform Semifinal A,Semifinal,27 APR 2014,single,1-6,Judge 1,J1,CALDERARA Gianluca
FINA/NVC Diving World Series 2014 - London,london_2014_ws,Women's 10m Platform Semifinal A,Semifinal,27 APR 2014,single,1-6,Judge 2,J2,KOLIC Natasa
FINA/NVC Diving World Series 2014 - London,london_2014_ws,Women's 10m Platform Semifinal A,Semifinal,27 APR 2014,single,1-6,Judge 3,J3,OGDEN Jane
FINA/NVC Diving World Series 2014 - London,london_2014_ws,Women's 10m Platform Semifinal A,Semifinal,27 APR 2014,single,1-6,Judge 4,J4,SZEKFFY Nora
FINA/NVC Diving World Series 2014 - London,london_2014_ws,Women's 10m Platform Semifinal A,Semifinal,27 APR 2014,single,1-6,Judge 5,J5,TOULOUDIS Nikolaos
FINA/NVC Diving World Series 2014 - London,london_2014_ws,Women's 10m Platform Semifinal A,Semifinal,27 APR 2014,single,1-6,Judge 6,J6,AVASILOAE Florin
FINA/NVC Diving World Series 2014 - London,london_2014_ws,Women's 10m Platform Semifinal A,Semifinal,27 APR 2014,single,1-6,Judge 7,J7,BOUSSARD Michel
FINA/NVC Diving World Series 2014 - London,london_2014_ws,Women's 10m Platform Semifinal A,Semifinal,27 APR 2014,single,1-6,Judge 1,J1,CALDERARA Gianluca
FINA/NVC Diving World Series 2014 - London,london_2014_ws,Women's 10m Platform Semifinal A,Semifinal,27 APR 2014,single,1-6,Judge 2,J2,KOLIC Natasa
FINA/NVC Diving World Series 2014 - London,london_2014_ws,Women's 10m Platform Semifinal A,Semifinal,27 APR 2014,single,1-6,Judge 3,J3,OGDEN Jane
FINA/NVC Diving World Series 2014 - London,london_2014_ws,Women's 10m Platform Semifinal A,Semifinal,27 APR 2014,single,1-6,Judge 4,J4,SZEKFFY Nora
FINA/NVC Diving World Series 2014 - London,london_2014_ws,Women's 10m Platform Semifinal A,Semifinal,27 APR 2014,single,1-6,Judge 5,J5,TOULOUDIS Nikolaos
FINA/NVC Diving World Series 2014 - London,london_2014_ws,Women's 10m Platform Semifinal A,Semifinal,27 APR 2014,single,1-6,Judge 6,J6,AVASILOAE Florin
FINA/NVC Diving World Series 2014 - London,london_2014_ws,Women's 10m Platform Semifinal A,Semifinal,27 APR 2014,single,1-6,Judge 7,J7,BOUSSARD Michel
FINA/NVC Diving World Series 2014 - London,london_2014_ws,Women's 10m Platform Semifinal B,Semifinal,27 APR 2014,single,1-6,Judge 1,J1,CALDERARA Gianluca
FINA/NVC Diving World Series 2014 - London,london_2014_ws,Women's 10m Platform Semifinal B,Semifinal,27 APR 2014,single,1-6,Judge 2,J2,KOLIC Natasa
FINA/NVC Diving World Series 2014 - London,london_2014_ws,Women's 10m Platform Semifinal B,Semifinal,27 APR 2014,single,1-6,Judge 3,J3,OGDEN Jane
FINA/NVC Diving World Series 2014 - London,london_2014_ws,Women's 10m Platform Semifinal B,Semifinal,27 APR 2014,single,1-6,Judge 4,J4,SZEKFFY Nora
FINA/NVC Diving World Series 2014 - London,london_2014_ws,Women's 10m Platform Semifinal B,Semifinal,27 APR 2014,single,1-6,Judge 5,J5,TOULOUDIS Nikolaos
FINA/NVC Diving World Series 2014 - London,london_2014_ws,Women's 10m Platform Semifinal B,Semifinal,27 APR 2014,single,1-6,Judge 6,J6,AVASILOAE Florin
FINA/NVC Diving World Series 2014 - London,london_2014_ws,Women's 10m Platform Semifinal B,Semifinal,27 APR 2014,single,1-6,Judge 7,J7,BOUSSARD Michel
FINA/NVC Diving World Series 2014 - London,london_2014_ws,Women's 10m Platform Semifinal B,Semifinal,27 APR 2014,single,1-6,Judge 1,J1,CALDERARA Gianluca
FINA/NVC Diving World Series 2014 - London,london_2014_ws,Women's 10m Platform Semifinal B,Semifinal,27 APR 2014,single,1-6,Judge 2,J2,KOLIC Natasa
FINA/NVC Diving World Series 2014 - London,london_2014_ws,Women's 10m Platform Semifinal B,Semifinal,27 APR 2014,single,1-6,Judge 3,J3,OGDEN Jane
FINA/NVC Diving World Series 2014 - London,london_2014_ws,Women's 10m Platform Semifinal B,Semifinal,27 APR 2014,single,1-6,Judge 4,J4,SZEKFFY Nora
FINA/NVC Diving World Series 2014 - London,london_2014_ws,Women's 10m Platform Semifinal B,Semifinal,27 APR 2014,single,1-6,Judge 5,J5,TOULOUDIS Nikolaos
FINA/NVC Diving World Series 2014 - London,london_2014_ws,Women's 10m Platform Semifinal B,Semifinal,27 APR 2014,single,1-6,Judge 6,J6,AVASILOAE Florin
FINA/NVC Diving World Series 2014 - London,london_2014_ws,Women's 10m Platform Semifinal B,Semifinal,27 APR 2014,single,1-6,Judge 7,J7,BOUSSARD Michel
FINA/NVC Diving World Series 2014 - London,london_2014_ws,Women's 10m Platform Semifinal B,Semifinal,27 APR 2014,single,1-6,Judge 1,J1,CALDERARA Gianluca
FINA/NVC Diving World Series 2014 - London,london_2014_ws,Women's 10m Platform Semifinal B,Semifinal,27 APR 2014,single,1-6,Judge 2,J2,KOLIC Natasa
FINA/NVC Diving World Series 2014 - London,london_2014_ws,Women's 10m Platform Semifinal B,Semifinal,27 APR 2014,single,1-6,Judge 3,J3,OGDEN Jane
FINA/NVC Diving World Series 2014 - London,london_2014_ws,Women's 10m Platform Semifinal B,Semifinal,27 APR 2014,single,1-6,Judge 4,J4,SZEKFFY Nora
FINA/NVC Diving World Series 2014 - London,london_2014_ws,Women's 10m Platform Semifinal B,Semifinal,27 APR 2014,single,1-6,Judge 5,J5,TOULOUDIS Nikolaos
FINA/NVC Diving World Series 2014 - London,london_2014_ws,Women's 10m Platform Semifinal B,Semifinal,27 APR 2014,single,1-6,Judge 6,J6,AVASILOAE Florin
FINA/NVC Diving World Series 2014 - London,london_2014_ws,Women's 10m Platform Semifinal B,Semifinal,27 APR 2014,single,1-6,Judge 7,J7,BOUSSARD Michel
FINA/NVC Diving World Series 2014 - London,london_2014_ws,Women's 10m Platform Final,Final,27 APR 2014,single,1-6,Judge 1,J1,BOUSSARD Michel
FINA/NVC Diving World Series 2014 - London,london_2014_ws,Women's 10m Platform Final,Final,27 APR 2014,single,1-6,Judge 2,J2,CALDERARA Gianluca
FINA/NVC Diving World Series 2014 - London,london_2014_ws,Women's 10m Platform Final,Final,27 APR 2014,single,1-6,Judge 3,J3,SZEKFFY Nora
FINA/NVC Diving World Series 2014 - London,london_2014_ws,Women's 10m Platform Final,Final,27 APR 2014,single,1-6,Judge 4,J4,TOULOUDIS Nikolaos
FINA/NVC Diving World Series 2014 - London,london_2014_ws,Women's 10m Platform Final,Final,27 APR 2014,single,1-6,Judge 5,J5,AVASILOAE Florin
FINA/NVC Diving World Series 2014 - London,london_2014_ws,Women's 10m Platform Final,Final,27 APR 2014,single,1-6,Judge 6,J6,OGDEN Jane
FINA/NVC Diving World Series 2014 - London,london_2014_ws,Women's 10m Platform Final,Final,27 APR 2014,single,1-6,Judge 7,J7,KOLIC Natasa
FINA/NVC Diving World Series 2014 - London,london_2014_ws,Women's 10m Platform Final,Final,27 APR 2014,single,1-6,Judge 1,J1,BOUSSARD Michel
FINA/NVC Diving World Series 2014 - London,london_2014_ws,Women's 10m Platform Final,Final,27 APR 2014,single,1-6,Judge 2,J2,CALDERARA Gianluca
FINA/NVC Diving World Series 2014 - London,london_2014_ws,Women's 10m Platform Final,Final,27 APR 2014,single,1-6,Judge 3,J3,SZEKFFY Nora
FINA/NVC Diving World Series 2014 - London,london_2014_ws,Women's 10m Platform Final,Final,27 APR 2014,single,1-6,Judge 4,J4,TOULOUDIS Nikolaos
FINA/NVC Diving World Series 2014 - London,london_2014_ws,Women's 10m Platform Final,Final,27 APR 2014,single,1-6,Judge 5,J5,AVASILOAE Florin
FINA/NVC Diving World Series 2014 - London,london_2014_ws,Women's 10m Platform Final,Final,27 APR 2014,single,1-6,Judge 6,J6,OGDEN Jane
FINA/NVC Diving World Series 2014 - London,london_2014_ws,Women's 10m Platform Final,Final,27 APR 2014,single,1-6,Judge 7,J7,KOLIC Natasa
FINA/NVC Diving World Series 2014 - London,london_2014_ws,Women's 10m Platform Final,Final,27 APR 2014,single,1-6,Judge 1,J1,BOUSSARD Michel
FINA/NVC Diving World Series 2014 - London,london_2014_ws,Women's 10m Platform Final,Final,27 APR 2014,single,1-6,Judge 2,J2,CALDERARA Gianluca
FINA/NVC Diving World Series 2014 - London,london_2014_ws,Women's 10m Platform Final,Final,27 APR 2014,single,1-6,Judge 3,J3,SZEKFFY Nora
FINA/NVC Diving World Series 2014 - London,london_2014_ws,Women's 10m Platform Final,Final,27 APR 2014,single,1-6,Judge 4,J4,TOULOUDIS Nikolaos
FINA/NVC Diving World Series 2014 - London,london_2014_ws,Women's 10m Platform Final,Final,27 APR 2014,single,1-6,Judge 5,J5,AVASILOAE Florin
FINA/NVC Diving World Series 2014 - London,london_2014_ws,Women's 10m Platform Final,Final,27 APR 2014,single,1-6,Judge 6,J6,OGDEN Jane
FINA/NVC Diving World Series 2014 - London,london_2014_ws,Women's 10m Platform Final,Final,27 APR 2014,single,1-6,Judge 7,J7,KOLIC Natasa
FINA/NVC Diving World Series 2014 - Moscow,moscow_2014_ws,Men's 3m Springboard Semifinal A,Semifinal,3 MAY 2014,single,1-6,Judge 1,J1,NARYSHKIN Uladzimir
FINA/NVC Diving World Series 2014 - Moscow,moscow_2014_ws,Men's 3m Springboard Semifinal A,Semifinal,3 MAY 2014,single,1-6,Judge 2,J2,STRITT­BURK Carmen
FINA/NVC Diving World Series 2014 - Moscow,moscow_2014_ws,Men's 3m Springboard Semifinal A,Semifinal,3 MAY 2014,single,1-6,Judge 3,J3,BEKETOV Andrei
FINA/NVC Diving World Series 2014 - Moscow,moscow_2014_ws,Men's 3m Springboard Semifinal A,Semifinal,3 MAY 2014,single,1-6,Judge 4,J4,VAN DER VOORT Ronald
FINA/NVC Diving World Series 2014 - Moscow,moscow_2014_ws,Men's 3m Springboard Semifinal A,Semifinal,3 MAY 2014,single,1-6,Judge 5,J5,ZAMPIERI Marco
FINA/NVC Diving World Series 2014 - Moscow,moscow_2014_ws,Men's 3m Springboard Semifinal A,Semifinal,3 MAY 2014,single,1-6,Judge 6,J6,SCHMIDT Wolf­Dieter
FINA/NVC Diving World Series 2014 - Moscow,moscow_2014_ws,Men's 3m Springboard Semifinal A,Semifinal,3 MAY 2014,single,1-6,Judge 7,J7,GOLOVAN Anatoly
FINA/NVC Diving World Series 2014 - Moscow,moscow_2014_ws,Men's 3m Springboard Semifinal B,Semifinal,3 MAY 2014,single,1-6,Judge 1,J1,NARYSHKIN Uladzimir
FINA/NVC Diving World Series 2014 - Moscow,moscow_2014_ws,Men's 3m Springboard Semifinal B,Semifinal,3 MAY 2014,single,1-6,Judge 2,J2,STRITT­BURK Carmen
FINA/NVC Diving World Series 2014 - Moscow,moscow_2014_ws,Men's 3m Springboard Semifinal B,Semifinal,3 MAY 2014,single,1-6,Judge 3,J3,BEKETOV Andrei
FINA/NVC Diving World Series 2014 - Moscow,moscow_2014_ws,Men's 3m Springboard Semifinal B,Semifinal,3 MAY 2014,single,1-6,Judge 4,J4,VAN DER VOORT Ronald
FINA/NVC Diving World Series 2014 - Moscow,moscow_2014_ws,Men's 3m Springboard Semifinal B,Semifinal,3 MAY 2014,single,1-6,Judge 5,J5,ZAMPIERI Marco
FINA/NVC Diving World Series 2014 - Moscow,moscow_2014_ws,Men's 3m Springboard Semifinal B,Semifinal,3 MAY 2014,single,1-6,Judge 6,J6,SCHMIDT Wolf­Dieter
FINA/NVC Diving World Series 2014 - Moscow,moscow_2014_ws,Men's 3m Springboard Semifinal B,Semifinal,3 MAY 2014,single,1-6,Judge 7,J7,GOLOVAN Anatoly
FINA/NVC Diving World Series 2014 - Moscow,moscow_2014_ws,Men's 3m Springboard Final,Final,3 MAY 2014,single,1-6,Judge 1,J1,SCHMIDT Wolf­Dieter
FINA/NVC Diving World Series 2014 - Moscow,moscow_2014_ws,Men's 3m Springboard Final,Final,3 MAY 2014,single,1-6,Judge 2,J2,VAN DER VOORT Ronald
FINA/NVC Diving World Series 2014 - Moscow,moscow_2014_ws,Men's 3m Springboard Final,Final,3 MAY 2014,single,1-6,Judge 3,J3,ZAMPIERI Marco
FINA/NVC Diving World Series 2014 - Moscow,moscow_2014_ws,Men's 3m Springboard Final,Final,3 MAY 2014,single,1-6,Judge 4,J4,GOLOVAN Anatoly
FINA/NVC Diving World Series 2014 - Moscow,moscow_2014_ws,Men's 3m Springboard Final,Final,3 MAY 2014,single,1-6,Judge 5,J5,NARYSHKIN Uladzimir
FINA/NVC Diving World Series 2014 - Moscow,moscow_2014_ws,Men's 3m Springboard Final,Final,3 MAY 2014,single,1-6,Judge 6,J6,STRITT­BURK Carmen
FINA/NVC Diving World Series 2014 - Moscow,moscow_2014_ws,Men's 3m Springboard Final,Final,3 MAY 2014,single,1-6,Judge 7,J7,BEKETOV Andrei
FINA/NVC Diving World Series 2014 - Moscow,moscow_2014_ws,Men's 10m Platform Semifinal A,Semifinal,4 MAY 2014,single,1-6,Judge 1,J1,SCHMIDT Wolf­Dieter
FINA/NVC Diving World Series 2014 - Moscow,moscow_2014_ws,Men's 10m Platform Semifinal A,Semifinal,4 MAY 2014,single,1-6,Judge 2,J2,KRYNICKI Bartlomiej
FINA/NVC Diving World Series 2014 - Moscow,moscow_2014_ws,Men's 10m Platform Semifinal A,Semifinal,4 MAY 2014,single,1-6,Judge 3,J3,ZAMPIERI Marco
FINA/NVC Diving World Series 2014 - Moscow,moscow_2014_ws,Men's 10m Platform Semifinal A,Semifinal,4 MAY 2014,single,1-6,Judge 4,J4,GOLOVAN Anatoly
FINA/NVC Diving World Series 2014 - Moscow,moscow_2014_ws,Men's 10m Platform Semifinal A,Semifinal,4 MAY 2014,single,1-6,Judge 5,J5,VAN DER VOORT Ronald
FINA/NVC Diving World Series 2014 - Moscow,moscow_2014_ws,Men's 10m Platform Semifinal A,Semifinal,4 MAY 2014,single,1-6,Judge 6,J6,BEKETOV Andrei
FINA/NVC Diving World Series 2014 - Moscow,moscow_2014_ws,Men's 10m Platform Semifinal A,Semifinal,4 MAY 2014,single,1-6,Judge 7,J7,NARYSHKIN Uladzimir
FINA/NVC Diving World Series 2014 - Moscow,moscow_2014_ws,Men's 10m Platform Semifinal B,Semifinal,4 MAY 2014,single,1-6,Judge 1,J1,SCHMIDT Wolf­Dieter
FINA/NVC Diving World Series 2014 - Moscow,moscow_2014_ws,Men's 10m Platform Semifinal B,Semifinal,4 MAY 2014,single,1-6,Judge 2,J2,KRYNICKI Bartlomiej
FINA/NVC Diving World Series 2014 - Moscow,moscow_2014_ws,Men's 10m Platform Semifinal B,Semifinal,4 MAY 2014,single,1-6,Judge 3,J3,ZAMPIERI Marco
FINA/NVC Diving World Series 2014 - Moscow,moscow_2014_ws,Men's 10m Platform Semifinal B,Semifinal,4 MAY 2014,single,1-6,Judge 4,J4,GOLOVAN Anatoly
FINA/NVC Diving World Series 2014 - Moscow,moscow_2014_ws,Men's 10m Platform Semifinal B,Semifinal,4 MAY 2014,single,1-6,Judge 5,J5,VAN DER VOORT Ronald
FINA/NVC Diving World Series 2014 - Moscow,moscow_2014_ws,Men's 10m Platform Semifinal B,Semifinal,4 MAY 2014,single,1-6,Judge 6,J6,BEKETOV Andrei
FINA/NVC Diving World Series 2014 - Moscow,moscow_2014_ws,Men's 10m Platform Semifinal B,Semifinal,4 MAY 2014,single,1-6,Judge 7,J7,NARYSHKIN Uladzimir
FINA/NVC Diving World Series 2014 - Moscow,moscow_2014_ws,Men's 10m Platform Final,Final,4 MAY 2014,single,1-6,Judge 1,J1,KRYNICKI Bartlomiej
FINA/NVC Diving World Series 2014 - Moscow,moscow_2014_ws,Men's 10m Platform Final,Final,4 MAY 2014,single,1-6,Judge 2,J2,ZAMPIERI Marco
FINA/NVC Diving World Series 2014 - Moscow,moscow_2014_ws,Men's 10m Platform Final,Final,4 MAY 2014,single,1-6,Judge 3,J3,VAN DER VOORT Ronald
FINA/NVC Diving World Series 2014 - Moscow,moscow_2014_ws,Men's 10m Platform Final,Final,4 MAY 2014,single,1-6,Judge 4,J4,NARYSHKIN Uladzimir
FINA/NVC Diving World Series 2014 - Moscow,moscow_2014_ws,Men's 10m Platform Final,Final,4 MAY 2014,single,1-6,Judge 5,J5,BEKETOV Andrei
FINA/NVC Diving World Series 2014 - Moscow,moscow_2014_ws,Men's 10m Platform Final,Final,4 MAY 2014,single,1-6,Judge 6,J6,GOLOVAN Anatoly
FINA/NVC Diving World Series 2014 - Moscow,moscow_2014_ws,Men's 10m Platform Final,Final,4 MAY 2014,single,1-6,Judge 7,J7,SCHMIDT Wolf­Dieter
FINA/NVC Diving World Series 2014 - Moscow,moscow_2014_ws,Women's 3m Springboard Semifinal A,Semifinal,3 MAY 2014,single,1-6,Judge 1,J1,NARYSHKIN Uladzimir
FINA/NVC Diving World Series 2014 - Moscow,moscow_2014_ws,Women's 3m Springboard Semifinal A,Semifinal,3 MAY 2014,single,1-6,Judge 2,J2,TCIVINCKI Alexander
FINA/NVC Diving World Series 2014 - Moscow,moscow_2014_ws,Women's 3m Springboard Semifinal A,Semifinal,3 MAY 2014,single,1-6,Judge 3,J3,KRYNICKI Bartlomiej
FINA/NVC Diving World Series 2014 - Moscow,moscow_2014_ws,Women's 3m Springboard Semifinal A,Semifinal,3 MAY 2014,single,1-6,Judge 4,J4,ZAMPIERI Marco
FINA/NVC Diving World Series 2014 - Moscow,moscow_2014_ws,Women's 3m Springboard Semifinal A,Semifinal,3 MAY 2014,single,1-6,Judge 5,J5,GOLOVAN Anatoly
FINA/NVC Diving World Series 2014 - Moscow,moscow_2014_ws,Women's 3m Springboard Semifinal A,Semifinal,3 MAY 2014,single,1-6,Judge 6,J6,VAN DER VOORT Ronald
FINA/NVC Diving World Series 2014 - Moscow,moscow_2014_ws,Women's 3m Springboard Semifinal A,Semifinal,3 MAY 2014,single,1-6,Judge 7,J7,STRITT­BURK Carmen
FINA/NVC Diving World Series 2014 - Moscow,moscow_2014_ws,Women's 3m Springboard Semifinal B,Semifinal,3 MAY 2014,single,1-6,Judge 1,J1,NARYSHKIN Uladzimir
FINA/NVC Diving World Series 2014 - Moscow,moscow_2014_ws,Women's 3m Springboard Semifinal B,Semifinal,3 MAY 2014,single,1-6,Judge 2,J2,TCIVINCKI Alexander
FINA/NVC Diving World Series 2014 - Moscow,moscow_2014_ws,Women's 3m Springboard Semifinal B,Semifinal,3 MAY 2014,single,1-6,Judge 3,J3,KRYNICKI Bartlomiej
FINA/NVC Diving World Series 2014 - Moscow,moscow_2014_ws,Women's 3m Springboard Semifinal B,Semifinal,3 MAY 2014,single,1-6,Judge 4,J4,ZAMPIERI Marco
FINA/NVC Diving World Series 2014 - Moscow,moscow_2014_ws,Women's 3m Springboard Semifinal B,Semifinal,3 MAY 2014,single,1-6,Judge 5,J5,GOLOVAN Anatoly
FINA/NVC Diving World Series 2014 - Moscow,moscow_2014_ws,Women's 3m Springboard Semifinal B,Semifinal,3 MAY 2014,single,1-6,Judge 6,J6,VAN DER VOORT Ronald
FINA/NVC Diving World Series 2014 - Moscow,moscow_2014_ws,Women's 3m Springboard Semifinal B,Semifinal,3 MAY 2014,single,1-6,Judge 7,J7,STRITT­BURK Carmen
FINA/NVC Diving World Series 2014 - Moscow,moscow_2014_ws,Women's 3m Springboard Final,Final,3 MAY 2014,single,1-6,Judge 1,J1,STRITT­BURK Carmen
FINA/NVC Diving World Series 2014 - Moscow,moscow_2014_ws,Women's 3m Springboard Final,Final,3 MAY 2014,single,1-6,Judge 2,J2,KRYNICKI Bartlomiej
FINA/NVC Diving World Series 2014 - Moscow,moscow_2014_ws,Women's 3m Springboard Final,Final,3 MAY 2014,single,1-6,Judge 3,J3,GOLOVAN Anatoly
FINA/NVC Diving World Series 2014 - Moscow,moscow_2014_ws,Women's 3m Springboard Final,Final,3 MAY 2014,single,1-6,Judge 4,J4,VAN DER VOORT Ronald
FINA/NVC Diving World Series 2014 - Moscow,moscow_2014_ws,Women's 3m Springboard Final,Final,3 MAY 2014,single,1-6,Judge 5,J5,NARYSHKIN Uladzimir
FINA/NVC Diving World Series 2014 - Moscow,moscow_2014_ws,Women's 3m Springboard Final,Final,3 MAY 2014,single,1-6,Judge 6,J6,TCIVINCKI Alexander
FINA/NVC Diving World Series 2014 - Moscow,moscow_2014_ws,Women's 3m Springboard Final,Final,3 MAY 2014,single,1-6,Judge 7,J7,ZAMPIERI Marco
FINA/NVC Diving World Series 2014 - Moscow,moscow_2014_ws,Women's 10m Platform Semifinal A,Semifinal,4 MAY 2014,single,1-6,Judge 1,J1,TCIVINCKI Alexander
FINA/NVC Diving World Series 2014 - Moscow,moscow_2014_ws,Women's 10m Platform Semifinal A,Semifinal,4 MAY 2014,single,1-6,Judge 2,J2,KRYNICKI Bartlomiej
FINA/NVC Diving World Series 2014 - Moscow,moscow_2014_ws,Women's 10m Platform Semifinal A,Semifinal,4 MAY 2014,single,1-6,Judge 3,J3,VAN DER VOORT Ronald
FINA/NVC Diving World Series 2014 - Moscow,moscow_2014_ws,Women's 10m Platform Semifinal A,Semifinal,4 MAY 2014,single,1-6,Judge 4,J4,STRITT­BURK Carmen
FINA/NVC Diving World Series 2014 - Moscow,moscow_2014_ws,Women's 10m Platform Semifinal A,Semifinal,4 MAY 2014,single,1-6,Judge 5,J5,SCHMIDT Wolf­Dieter
FINA/NVC Diving World Series 2014 - Moscow,moscow_2014_ws,Women's 10m Platform Semifinal A,Semifinal,4 MAY 2014,single,1-6,Judge 6,J6,GOLOVAN Anatoly
FINA/NVC Diving World Series 2014 - Moscow,moscow_2014_ws,Women's 10m Platform Semifinal A,Semifinal,4 MAY 2014,single,1-6,Judge 7,J7,NARYSHKIN Uladzimir
FINA/NVC Diving World Series 2014 - Moscow,moscow_2014_ws,Women's 10m Platform Semifinal B,Semifinal,4 MAY 2014,single,1-6,Judge 1,J1,TCIVINCKI Alexander
FINA/NVC Diving World Series 2014 - Moscow,moscow_2014_ws,Women's 10m Platform Semifinal B,Semifinal,4 MAY 2014,single,1-6,Judge 2,J2,KRYNICKI Bartlomiej
FINA/NVC Diving World Series 2014 - Moscow,moscow_2014_ws,Women's 10m Platform Semifinal B,Semifinal,4 MAY 2014,single,1-6,Judge 3,J3,VAN DER VOORT Ronald
FINA/NVC Diving World Series 2014 - Moscow,moscow_2014_ws,Women's 10m Platform Semifinal B,Semifinal,4 MAY 2014,single,1-6,Judge 4,J4,STRITT­BURK Carmen
FINA/NVC Diving World Series 2014 - Moscow,moscow_2014_ws,Women's 10m Platform Semifinal B,Semifinal,4 MAY 2014,single,1-6,Judge 5,J5,SCHMIDT Wolf­Dieter
FINA/NVC Diving World Series 2014 - Moscow,moscow_2014_ws,Women's 10m Platform Semifinal B,Semifinal,4 MAY 2014,single,1-6,Judge 6,J6,GOLOVAN Anatoly
FINA/NVC Diving World Series 2014 - Moscow,moscow_2014_ws,Women's 10m Platform Semifinal B,Semifinal,4 MAY 2014,single,1-6,Judge 7,J7,NARYSHKIN Uladzimir
FINA/NVC Diving World Series 2014 - Moscow,moscow_2014_ws,Women's 10m Platform Final,Final,4 MAY 2014,single,1-6,Judge 1,J1,SCHMIDT Wolf­Dieter
FINA/NVC Diving World Series 2014 - Moscow,moscow_2014_ws,Women's 10m Platform Final,Final,4 MAY 2014,single,1-6,Judge 2,J2,NARYSHKIN Uladzimir
FINA/NVC Diving World Series 2014 - Moscow,moscow_2014_ws,Women's 10m Platform Final,Final,4 MAY 2014,single,1-6,Judge 3,J3,KRYNICKI Bartlomiej
FINA/NVC Diving World Series 2014 - Moscow,moscow_2014_ws,Women's 10m Platform Final,Final,4 MAY 2014,single,1-6,Judge 4,J4,GOLOVAN Anatoly
FINA/NVC Diving World Series 2014 - Moscow,moscow_2014_ws,Women's 10m Platform Final,Final,4 MAY 2014,single,1-6,Judge 5,J5,TCIVINCKI Alexander
FINA/NVC Diving World Series 2014 - Moscow,moscow_2014_ws,Women's 10m Platform Final,Final,4 MAY 2014,single,1-6,Judge 6,J6,VAN DER VOORT Ronald
FINA/NVC Diving World Series 2014 - Moscow,moscow_2014_ws,Women's 10m Platform Final,Final,4 MAY 2014,single,1-6,Judge 7,J7,STRITT­BURK Carmen
FINA/NVC Diving World Series 2015 - Kazan,kazan_2015_ws,Men's 3m Springboard Semifinal A,Semifinal,25 APR 2015,single,1-6,Judge 1,J1,LIKACHEVA Yulia
FINA/NVC Diving World Series 2015 - Kazan,kazan_2015_ws,Men's 3m Springboard Semifinal A,Semifinal,25 APR 2015,single,1-6,Judge 2,J2,KELEMEN Ildiko
FINA/NVC Diving World Series 2015 - Kazan,kazan_2015_ws,Men's 3m Springboard Semifinal A,Semifinal,25 APR 2015,single,1-6,Judge 3,J3,TSIVINSKI Alexandr
FINA/NVC Diving World Series 2015 - Kazan,kazan_2015_ws,Men's 3m Springboard Semifinal A,Semifinal,25 APR 2015,single,1-6,Judge 4,J4,TELLEFSEN Arne
FINA/NVC Diving World Series 2015 - Kazan,kazan_2015_ws,Men's 3m Springboard Semifinal A,Semifinal,25 APR 2015,single,1-6,Judge 5,J5,PEREZ CANASVERAS Angel Luis
FINA/NVC Diving World Series 2015 - Kazan,kazan_2015_ws,Men's 3m Springboard Semifinal A,Semifinal,25 APR 2015,single,1-6,Judge 6,J6,NARYSHKIN Vladzimir
FINA/NVC Diving World Series 2015 - Kazan,kazan_2015_ws,Men's 3m Springboard Semifinal A,Semifinal,25 APR 2015,single,1-6,Judge 7,J7,BOUSSARD Michel
FINA/NVC Diving World Series 2015 - Kazan,kazan_2015_ws,Men's 3m Springboard Semifinal B,Semifinal,25 APR 2015,single,1-6,Judge 1,J1,LIKACHEVA Yulia
FINA/NVC Diving World Series 2015 - Kazan,kazan_2015_ws,Men's 3m Springboard Semifinal B,Semifinal,25 APR 2015,single,1-6,Judge 2,J2,KELEMEN Ildiko
FINA/NVC Diving World Series 2015 - Kazan,kazan_2015_ws,Men's 3m Springboard Semifinal B,Semifinal,25 APR 2015,single,1-6,Judge 3,J3,TSIVINSKI Alexandr
FINA/NVC Diving World Series 2015 - Kazan,kazan_2015_ws,Men's 3m Springboard Semifinal B,Semifinal,25 APR 2015,single,1-6,Judge 4,J4,TELLEFSEN Arne
FINA/NVC Diving World Series 2015 - Kazan,kazan_2015_ws,Men's 3m Springboard Semifinal B,Semifinal,25 APR 2015,single,1-6,Judge 5,J5,PEREZ CANASVERAS Angel Luis
FINA/NVC Diving World Series 2015 - Kazan,kazan_2015_ws,Men's 3m Springboard Semifinal B,Semifinal,25 APR 2015,single,1-6,Judge 6,J6,NARYSHKIN Vladzimir
FINA/NVC Diving World Series 2015 - Kazan,kazan_2015_ws,Men's 3m Springboard Semifinal B,Semifinal,25 APR 2015,single,1-6,Judge 7,J7,BOUSSARD Michel
FINA/NVC Diving World Series 2015 - Kazan,kazan_2015_ws,Men's 3m Springboard Final,Final,25 APR 2015,single,1-6,Judge 1,J1,NARYSHKIN Vladzimir
FINA/NVC Diving World Series 2015 - Kazan,kazan_2015_ws,Men's 3m Springboard Final,Final,25 APR 2015,single,1-6,Judge 2,J2,TELLEFSEN Arne
FINA/NVC Diving World Series 2015 - Kazan,kazan_2015_ws,Men's 3m Springboard Final,Final,25 APR 2015,single,1-6,Judge 3,J3,PEREZ CANASVERAS Angel Luis
FINA/NVC Diving World Series 2015 - Kazan,kazan_2015_ws,Men's 3m Springboard Final,Final,25 APR 2015,single,1-6,Judge 4,J4,LIKACHEVA Yulia
FINA/NVC Diving World Series 2015 - Kazan,kazan_2015_ws,Men's 3m Springboard Final,Final,25 APR 2015,single,1-6,Judge 5,J5,BOUSSARD Michel
FINA/NVC Diving World Series 2015 - Kazan,kazan_2015_ws,Men's 3m Springboard Final,Final,25 APR 2015,single,1-6,Judge 6,J6,KELEMEN Ildiko
FINA/NVC Diving World Series 2015 - Kazan,kazan_2015_ws,Men's 3m Springboard Final,Final,25 APR 2015,single,1-6,Judge 7,J7,TSIVINSKI Alexandr
FINA/NVC Diving World Series 2015 - Kazan,kazan_2015_ws,Men's 10m Platform Semifinal A,Semifinal,26 APR 2015,single,1-6,Judge 1,J1,BOUSSARD Michel
FINA/NVC Diving World Series 2015 - Kazan,kazan_2015_ws,Men's 10m Platform Semifinal A,Semifinal,26 APR 2015,single,1-6,Judge 2,J2,VYAS Mayur
FINA/NVC Diving World Series 2015 - Kazan,kazan_2015_ws,Men's 10m Platform Semifinal A,Semifinal,26 APR 2015,single,1-6,Judge 3,J3,TSIVINSKI Alexandr
FINA/NVC Diving World Series 2015 - Kazan,kazan_2015_ws,Men's 10m Platform Semifinal A,Semifinal,26 APR 2015,single,1-6,Judge 4,J4,TELLEFSEN Arne
FINA/NVC Diving World Series 2015 - Kazan,kazan_2015_ws,Men's 10m Platform Semifinal A,Semifinal,26 APR 2015,single,1-6,Judge 5,J5,LIKACHEVA Yulia
FINA/NVC Diving World Series 2015 - Kazan,kazan_2015_ws,Men's 10m Platform Semifinal A,Semifinal,26 APR 2015,single,1-6,Judge 6,J6,KELEMEN Ildiko
FINA/NVC Diving World Series 2015 - Kazan,kazan_2015_ws,Men's 10m Platform Semifinal A,Semifinal,26 APR 2015,single,1-6,Judge 7,J7,NARYSHKIN Vladzimir
FINA/NVC Diving World Series 2015 - Kazan,kazan_2015_ws,Men's 10m Platform Semifinal B,Semifinal,26 APR 2015,single,1-6,Judge 1,J1,BOUSSARD Michel
FINA/NVC Diving World Series 2015 - Kazan,kazan_2015_ws,Men's 10m Platform Semifinal B,Semifinal,26 APR 2015,single,1-6,Judge 2,J2,VYAS Mayur
FINA/NVC Diving World Series 2015 - Kazan,kazan_2015_ws,Men's 10m Platform Semifinal B,Semifinal,26 APR 2015,single,1-6,Judge 3,J3,TSIVINSKI Alexandr
FINA/NVC Diving World Series 2015 - Kazan,kazan_2015_ws,Men's 10m Platform Semifinal B,Semifinal,26 APR 2015,single,1-6,Judge 4,J4,TELLEFSEN Arne
FINA/NVC Diving World Series 2015 - Kazan,kazan_2015_ws,Men's 10m Platform Semifinal B,Semifinal,26 APR 2015,single,1-6,Judge 5,J5,LIKACHEVA Yulia
FINA/NVC Diving World Series 2015 - Kazan,kazan_2015_ws,Men's 10m Platform Semifinal B,Semifinal,26 APR 2015,single,1-6,Judge 6,J6,KELEMEN Ildiko
FINA/NVC Diving World Series 2015 - Kazan,kazan_2015_ws,Men's 10m Platform Semifinal B,Semifinal,26 APR 2015,single,1-6,Judge 7,J7,NARYSHKIN Vladzimir
FINA/NVC Diving World Series 2015 - Kazan,kazan_2015_ws,Men's 10m Platform Final,Final,26 APR 2015,single,1-6,Judge 1,J1,VYAS Mayur
FINA/NVC Diving World Series 2015 - Kazan,kazan_2015_ws,Men's 10m Platform Final,Final,26 APR 2015,single,1-6,Judge 2,J2,TSIVINSKI Alexandr
FINA/NVC Diving World Series 2015 - Kazan,kazan_2015_ws,Men's 10m Platform Final,Final,26 APR 2015,single,1-6,Judge 3,J3,LIKACHEVA Yulia
FINA/NVC Diving World Series 2015 - Kazan,kazan_2015_ws,Men's 10m Platform Final,Final,26 APR 2015,single,1-6,Judge 4,J4,NARYSHKIN Vladzimir
FINA/NVC Diving World Series 2015 - Kazan,kazan_2015_ws,Men's 10m Platform Final,Final,26 APR 2015,single,1-6,Judge 5,J5,KELEMEN Ildiko
FINA/NVC Diving World Series 2015 - Kazan,kazan_2015_ws,Men's 10m Platform Final,Final,26 APR 2015,single,1-6,Judge 6,J6,TELLEFSEN Arne
FINA/NVC Diving World Series 2015 - Kazan,kazan_2015_ws,Men's 10m Platform Final,Final,26 APR 2015,single,1-6,Judge 7,J7,BOUSSARD Michel
FINA/NVC Diving World Series 2015 - Kazan,kazan_2015_ws,Women's 3m Springboard Semifinal A,Semifinal,25 APR 2015,single,1-6,Judge 1,J1,BEKETOV Andrey
FINA/NVC Diving World Series 2015 - Kazan,kazan_2015_ws,Women's 3m Springboard Semifinal A,Semifinal,25 APR 2015,single,1-6,Judge 2,J2,VYAS Mayur
FINA/NVC Diving World Series 2015 - Kazan,kazan_2015_ws,Women's 3m Springboard Semifinal A,Semifinal,25 APR 2015,single,1-6,Judge 3,J3,TELLEFSEN Arne
FINA/NVC Diving World Series 2015 - Kazan,kazan_2015_ws,Women's 3m Springboard Semifinal A,Semifinal,25 APR 2015,single,1-6,Judge 4,J4,LIKACHEVA Yulia
FINA/NVC Diving World Series 2015 - Kazan,kazan_2015_ws,Women's 3m Springboard Semifinal A,Semifinal,25 APR 2015,single,1-6,Judge 5,J5,KELEMEN Ildiko
FINA/NVC Diving World Series 2015 - Kazan,kazan_2015_ws,Women's 3m Springboard Semifinal A,Semifinal,25 APR 2015,single,1-6,Judge 6,J6,PEREZ CANASVERAS Angel Luis
FINA/NVC Diving World Series 2015 - Kazan,kazan_2015_ws,Women's 3m Springboard Semifinal A,Semifinal,25 APR 2015,single,1-6,Judge 7,J7,NARYSHKIN Vladzimir
FINA/NVC Diving World Series 2015 - Kazan,kazan_2015_ws,Women's 3m Springboard Semifinal B,Semifinal,25 APR 2015,single,1-6,Judge 1,J1,BEKETOV Andrey
FINA/NVC Diving World Series 2015 - Kazan,kazan_2015_ws,Women's 3m Springboard Semifinal B,Semifinal,25 APR 2015,single,1-6,Judge 2,J2,VYAS Mayur
FINA/NVC Diving World Series 2015 - Kazan,kazan_2015_ws,Women's 3m Springboard Semifinal B,Semifinal,25 APR 2015,single,1-6,Judge 3,J3,TELLEFSEN Arne
FINA/NVC Diving World Series 2015 - Kazan,kazan_2015_ws,Women's 3m Springboard Semifinal B,Semifinal,25 APR 2015,single,1-6,Judge 4,J4,LIKACHEVA Yulia
FINA/NVC Diving World Series 2015 - Kazan,kazan_2015_ws,Women's 3m Springboard Semifinal B,Semifinal,25 APR 2015,single,1-6,Judge 5,J5,KELEMEN Ildiko
FINA/NVC Diving World Series 2015 - Kazan,kazan_2015_ws,Women's 3m Springboard Semifinal B,Semifinal,25 APR 2015,single,1-6,Judge 6,J6,PEREZ CANASVERAS Angel Luis
FINA/NVC Diving World Series 2015 - Kazan,kazan_2015_ws,Women's 3m Springboard Semifinal B,Semifinal,25 APR 2015,single,1-6,Judge 7,J7,NARYSHKIN Vladzimir
FINA/NVC Diving World Series 2015 - Kazan,kazan_2015_ws,Women's 3m Springboard Final,Final,25 APR 2015,single,1-6,Judge 1,J1,NARYSHKIN Vladzimir
FINA/NVC Diving World Series 2015 - Kazan,kazan_2015_ws,Women's 3m Springboard Final,Final,25 APR 2015,single,1-6,Judge 2,J2,TELLEFSEN Arne
FINA/NVC Diving World Series 2015 - Kazan,kazan_2015_ws,Women's 3m Springboard Final,Final,25 APR 2015,single,1-6,Judge 3,J3,KELEMEN Ildiko
FINA/NVC Diving World Series 2015 - Kazan,kazan_2015_ws,Women's 3m Springboard Final,Final,25 APR 2015,single,1-6,Judge 4,J4,PEREZ CANASVERAS Angel Luis
FINA/NVC Diving World Series 2015 - Kazan,kazan_2015_ws,Women's 3m Springboard Final,Final,25 APR 2015,single,1-6,Judge 5,J5,BEKETOV Andrey
FINA/NVC Diving World Series 2015 - Kazan,kazan_2015_ws,Women's 3m Springboard Final,Final,25 APR 2015,single,1-6,Judge 6,J6,VYAS Mayur
FINA/NVC Diving World Series 2015 - Kazan,kazan_2015_ws,Women's 3m Springboard Final,Final,25 APR 2015,single,1-6,Judge 7,J7,LIKACHEVA Yulia
FINA/NVC Diving World Series 2015 - Kazan,kazan_2015_ws,Women's 10m Platform Semifinal A,Semifinal,26 APR 2015,single,1-6,Judge 1,J1,BEKETOV Andrey
FINA/NVC Diving World Series 2015 - Kazan,kazan_2015_ws,Women's 10m Platform Semifinal A,Semifinal,26 APR 2015,single,1-6,Judge 2,J2,PEREZ CANASVERAS Angel Luis
FINA/NVC Diving World Series 2015 - Kazan,kazan_2015_ws,Women's 10m Platform Semifinal A,Semifinal,26 APR 2015,single,1-6,Judge 3,J3,NARYSHKIN Vladzimir
FINA/NVC Diving World Series 2015 - Kazan,kazan_2015_ws,Women's 10m Platform Semifinal A,Semifinal,26 APR 2015,single,1-6,Judge 4,J4,TELLEFSEN Arne
FINA/NVC Diving World Series 2015 - Kazan,kazan_2015_ws,Women's 10m Platform Semifinal A,Semifinal,26 APR 2015,single,1-6,Judge 5,J5,KELEMEN Ildiko
FINA/NVC Diving World Series 2015 - Kazan,kazan_2015_ws,Women's 10m Platform Semifinal A,Semifinal,26 APR 2015,single,1-6,Judge 6,J6,BOUSSARD Michel
FINA/NVC Diving World Series 2015 - Kazan,kazan_2015_ws,Women's 10m Platform Semifinal A,Semifinal,26 APR 2015,single,1-6,Judge 7,J7,VYAS Mayur
FINA/NVC Diving World Series 2015 - Kazan,kazan_2015_ws,Women's 10m Platform Semifinal B,Semifinal,26 APR 2015,single,1-6,Judge 1,J1,BEKETOV Andrey
FINA/NVC Diving World Series 2015 - Kazan,kazan_2015_ws,Women's 10m Platform Semifinal B,Semifinal,26 APR 2015,single,1-6,Judge 2,J2,PEREZ CANASVERAS Angel Luis
FINA/NVC Diving World Series 2015 - Kazan,kazan_2015_ws,Women's 10m Platform Semifinal B,Semifinal,26 APR 2015,single,1-6,Judge 3,J3,NARYSHKIN Vladzimir
FINA/NVC Diving World Series 2015 - Kazan,kazan_2015_ws,Women's 10m Platform Semifinal B,Semifinal,26 APR 2015,single,1-6,Judge 4,J4,TELLEFSEN Arne
FINA/NVC Diving World Series 2015 - Kazan,kazan_2015_ws,Women's 10m Platform Semifinal B,Semifinal,26 APR 2015,single,1-6,Judge 5,J5,KELEMEN Ildiko
FINA/NVC Diving World Series 2015 - Kazan,kazan_2015_ws,Women's 10m Platform Semifinal B,Semifinal,26 APR 2015,single,1-6,Judge 6,J6,BOUSSARD Michel
FINA/NVC Diving World Series 2015 - Kazan,kazan_2015_ws,Women's 10m Platform Semifinal B,Semifinal,26 APR 2015,single,1-6,Judge 7,J7,VYAS Mayur
FINA/NVC Diving World Series 2015 - Kazan,kazan_2015_ws,Women's 10m Platform Final,Final,26 APR 2015,single,1-6,Judge 1,J1,KELEMEN Ildiko
FINA/NVC Diving World Series 2015 - Kazan,kazan_2015_ws,Women's 10m Platform Final,Final,26 APR 2015,single,1-6,Judge 2,J2,VYAS Mayur
FINA/NVC Diving World Series 2015 - Kazan,kazan_2015_ws,Women's 10m Platform Final,Final,26 APR 2015,single,1-6,Judge 3,J3,PEREZ CANASVERAS Angel Luis
FINA/NVC Diving World Series 2015 - Kazan,kazan_2015_ws,Women's 10m Platform Final,Final,26 APR 2015,single,1-6,Judge 4,J4,BOUSSARD Michel
FINA/NVC Diving World Series 2015 - Kazan,kazan_2015_ws,Women's 10m Platform Final,Final,26 APR 2015,single,1-6,Judge 5,J5,BEKETOV Andrey
FINA/NVC Diving World Series 2015 - Kazan,kazan_2015_ws,Women's 10m Platform Final,Final,26 APR 2015,single,1-6,Judge 6,J6,NARYSHKIN Vladzimir
FINA/NVC Diving World Series 2015 - Kazan,kazan_2015_ws,Women's 10m Platform Final,Final,26 APR 2015,single,1-6,Judge 7,J7,TELLEFSEN Arne
FINA/NVC Diving World Series 2015 - Windsor,windsor_2015_ws,Men's 3m Springboard Semifinal A,Semifinal,23 MAY 2015,single,1-6,Judge 1,J1,REIS Violeta
FINA/NVC Diving World Series 2015 - Windsor,windsor_2015_ws,Men's 3m Springboard Semifinal A,Semifinal,23 MAY 2015,single,1-6,Judge 2,J2,LATIMER Simon
FINA/NVC Diving World Series 2015 - Windsor,windsor_2015_ws,Men's 3m Springboard Semifinal A,Semifinal,23 MAY 2015,single,1-6,Judge 3,J3,BUSH Barb
FINA/NVC Diving World Series 2015 - Windsor,windsor_2015_ws,Men's 3m Springboard Semifinal A,Semifinal,23 MAY 2015,single,1-6,Judge 4,J4,HUFFMAN Coleen
FINA/NVC Diving World Series 2015 - Windsor,windsor_2015_ws,Men's 3m Springboard Semifinal A,Semifinal,23 MAY 2015,single,1-6,Judge 5,J5,BEDDOE Valerie
FINA/NVC Diving World Series 2015 - Windsor,windsor_2015_ws,Men's 3m Springboard Semifinal A,Semifinal,23 MAY 2015,single,1-6,Judge 6,J6,POLAZZO Valerio
FINA/NVC Diving World Series 2015 - Windsor,windsor_2015_ws,Men's 3m Springboard Semifinal A,Semifinal,23 MAY 2015,single,1-6,Judge 7,J7,GOLOVAN Anatoliy
FINA/NVC Diving World Series 2015 - Windsor,windsor_2015_ws,Men's 3m Springboard Semifinal B,Semifinal,23 MAY 2015,single,1-6,Judge 1,J1,REIS Violeta
FINA/NVC Diving World Series 2015 - Windsor,windsor_2015_ws,Men's 3m Springboard Semifinal B,Semifinal,23 MAY 2015,single,1-6,Judge 2,J2,LATIMER Simon
FINA/NVC Diving World Series 2015 - Windsor,windsor_2015_ws,Men's 3m Springboard Semifinal B,Semifinal,23 MAY 2015,single,1-6,Judge 3,J3,BUSH Barb
FINA/NVC Diving World Series 2015 - Windsor,windsor_2015_ws,Men's 3m Springboard Semifinal B,Semifinal,23 MAY 2015,single,1-6,Judge 4,J4,HUFFMAN Coleen
FINA/NVC Diving World Series 2015 - Windsor,windsor_2015_ws,Men's 3m Springboard Semifinal B,Semifinal,23 MAY 2015,single,1-6,Judge 5,J5,BEDDOE Valerie
FINA/NVC Diving World Series 2015 - Windsor,windsor_2015_ws,Men's 3m Springboard Semifinal B,Semifinal,23 MAY 2015,single,1-6,Judge 6,J6,POLAZZO Valerio
FINA/NVC Diving World Series 2015 - Windsor,windsor_2015_ws,Men's 3m Springboard Semifinal B,Semifinal,23 MAY 2015,single,1-6,Judge 7,J7,GOLOVAN Anatoliy
FINA/NVC Diving World Series 2015 - Windsor,windsor_2015_ws,Men's 3m Springboard Final,Final,23 MAY 2015,single,1-6,Judge 1,J1,POLAZZO Valerio
FINA/NVC Diving World Series 2015 - Windsor,windsor_2015_ws,Men's 3m Springboard Final,Final,23 MAY 2015,single,1-6,Judge 2,J2,HUFFMAN Coleen
FINA/NVC Diving World Series 2015 - Windsor,windsor_2015_ws,Men's 3m Springboard Final,Final,23 MAY 2015,single,1-6,Judge 3,J3,BEDDOE Valerie
FINA/NVC Diving World Series 2015 - Windsor,windsor_2015_ws,Men's 3m Springboard Final,Final,23 MAY 2015,single,1-6,Judge 4,J4,REIS Violeta
FINA/NVC Diving World Series 2015 - Windsor,windsor_2015_ws,Men's 3m Springboard Final,Final,23 MAY 2015,single,1-6,Judge 5,J5,GOLOVAN Anatoliy
FINA/NVC Diving World Series 2015 - Windsor,windsor_2015_ws,Men's 3m Springboard Final,Final,23 MAY 2015,single,1-6,Judge 6,J6,LATIMER Simon
FINA/NVC Diving World Series 2015 - Windsor,windsor_2015_ws,Men's 3m Springboard Final,Final,23 MAY 2015,single,1-6,Judge 7,J7,BUSH Barb
FINA/NVC Diving World Series 2015 - Windsor,windsor_2015_ws,Men's 10m Platform Semifinal A,Semifinal,24 MAY 2015,single,1-6,Judge 1,J1,GOLOVAN Anatoliy
FINA/NVC Diving World Series 2015 - Windsor,windsor_2015_ws,Men's 10m Platform Semifinal A,Semifinal,24 MAY 2015,single,1-6,Judge 2,J2,HUFFMAN Coleen
FINA/NVC Diving World Series 2015 - Windsor,windsor_2015_ws,Men's 10m Platform Semifinal A,Semifinal,24 MAY 2015,single,1-6,Judge 3,J3,BUSH Barb
FINA/NVC Diving World Series 2015 - Windsor,windsor_2015_ws,Men's 10m Platform Semifinal A,Semifinal,24 MAY 2015,single,1-6,Judge 4,J4,AYALA MUNOZ Carlos
FINA/NVC Diving World Series 2015 - Windsor,windsor_2015_ws,Men's 10m Platform Semifinal A,Semifinal,24 MAY 2015,single,1-6,Judge 5,J5,REIS Violeta
FINA/NVC Diving World Series 2015 - Windsor,windsor_2015_ws,Men's 10m Platform Semifinal A,Semifinal,24 MAY 2015,single,1-6,Judge 6,J6,LATIMER Simon
FINA/NVC Diving World Series 2015 - Windsor,windsor_2015_ws,Men's 10m Platform Semifinal A,Semifinal,24 MAY 2015,single,1-6,Judge 7,J7,POLAZZO Valerio
FINA/NVC Diving World Series 2015 - Windsor,windsor_2015_ws,Men's 10m Platform Semifinal B,Semifinal,24 MAY 2015,single,1-6,Judge 1,J1,GOLOVAN Anatoliy
FINA/NVC Diving World Series 2015 - Windsor,windsor_2015_ws,Men's 10m Platform Semifinal B,Semifinal,24 MAY 2015,single,1-6,Judge 2,J2,HUFFMAN Coleen
FINA/NVC Diving World Series 2015 - Windsor,windsor_2015_ws,Men's 10m Platform Semifinal B,Semifinal,24 MAY 2015,single,1-6,Judge 3,J3,BUSH Barb
FINA/NVC Diving World Series 2015 - Windsor,windsor_2015_ws,Men's 10m Platform Semifinal B,Semifinal,24 MAY 2015,single,1-6,Judge 4,J4,AYALA MUNOZ Carlos
FINA/NVC Diving World Series 2015 - Windsor,windsor_2015_ws,Men's 10m Platform Semifinal B,Semifinal,24 MAY 2015,single,1-6,Judge 5,J5,REIS Violeta
FINA/NVC Diving World Series 2015 - Windsor,windsor_2015_ws,Men's 10m Platform Semifinal B,Semifinal,24 MAY 2015,single,1-6,Judge 6,J6,LATIMER Simon
FINA/NVC Diving World Series 2015 - Windsor,windsor_2015_ws,Men's 10m Platform Semifinal B,Semifinal,24 MAY 2015,single,1-6,Judge 7,J7,POLAZZO Valerio
FINA/NVC Diving World Series 2015 - Windsor,windsor_2015_ws,Men's 10m Platform Final,Final,24 MAY 2015,single,1-6,Judge 1,J1,HUFFMAN Coleen
FINA/NVC Diving World Series 2015 - Windsor,windsor_2015_ws,Men's 10m Platform Final,Final,24 MAY 2015,single,1-6,Judge 2,J2,BUSH Barb
FINA/NVC Diving World Series 2015 - Windsor,windsor_2015_ws,Men's 10m Platform Final,Final,24 MAY 2015,single,1-6,Judge 3,J3,REIS Violeta
FINA/NVC Diving World Series 2015 - Windsor,windsor_2015_ws,Men's 10m Platform Final,Final,24 MAY 2015,single,1-6,Judge 4,J4,POLAZZO Valerio
FINA/NVC Diving World Series 2015 - Windsor,windsor_2015_ws,Men's 10m Platform Final,Final,24 MAY 2015,single,1-6,Judge 5,J5,LATIMER Simon
FINA/NVC Diving World Series 2015 - Windsor,windsor_2015_ws,Men's 10m Platform Final,Final,24 MAY 2015,single,1-6,Judge 6,J6,AYALA MUNOZ Carlos
FINA/NVC Diving World Series 2015 - Windsor,windsor_2015_ws,Men's 10m Platform Final,Final,24 MAY 2015,single,1-6,Judge 7,J7,GOLOVAN Anatoliy
FINA/NVC Diving World Series 2015 - Windsor,windsor_2015_ws,Women's 3m Springboard Semifinal A,Semifinal,23 MAY 2015,single,1-6,Judge 1,J1,PETERSON Gord
FINA/NVC Diving World Series 2015 - Windsor,windsor_2015_ws,Women's 3m Springboard Semifinal A,Semifinal,23 MAY 2015,single,1-6,Judge 2,J2,HUFFMAN Coleen
FINA/NVC Diving World Series 2015 - Windsor,windsor_2015_ws,Women's 3m Springboard Semifinal A,Semifinal,23 MAY 2015,single,1-6,Judge 3,J3,AYALA MUNOZ Carlos
FINA/NVC Diving World Series 2015 - Windsor,windsor_2015_ws,Women's 3m Springboard Semifinal A,Semifinal,23 MAY 2015,single,1-6,Judge 4,J4,REIS Violeta
FINA/NVC Diving World Series 2015 - Windsor,windsor_2015_ws,Women's 3m Springboard Semifinal A,Semifinal,23 MAY 2015,single,1-6,Judge 5,J5,LATIMER Simon
FINA/NVC Diving World Series 2015 - Windsor,windsor_2015_ws,Women's 3m Springboard Semifinal A,Semifinal,23 MAY 2015,single,1-6,Judge 6,J6,BEDDOE Valerie
FINA/NVC Diving World Series 2015 - Windsor,windsor_2015_ws,Women's 3m Springboard Semifinal A,Semifinal,23 MAY 2015,single,1-6,Judge 7,J7,GOLOVAN Anatoliy
FINA/NVC Diving World Series 2015 - Windsor,windsor_2015_ws,Women's 3m Springboard Semifinal B,Semifinal,23 MAY 2015,single,1-6,Judge 1,J1,PETERSON Gord
FINA/NVC Diving World Series 2015 - Windsor,windsor_2015_ws,Women's 3m Springboard Semifinal B,Semifinal,23 MAY 2015,single,1-6,Judge 2,J2,HUFFMAN Coleen
FINA/NVC Diving World Series 2015 - Windsor,windsor_2015_ws,Women's 3m Springboard Semifinal B,Semifinal,23 MAY 2015,single,1-6,Judge 3,J3,AYALA MUNOZ Carlos
FINA/NVC Diving World Series 2015 - Windsor,windsor_2015_ws,Women's 3m Springboard Semifinal B,Semifinal,23 MAY 2015,single,1-6,Judge 4,J4,REIS Violeta
FINA/NVC Diving World Series 2015 - Windsor,windsor_2015_ws,Women's 3m Springboard Semifinal B,Semifinal,23 MAY 2015,single,1-6,Judge 5,J5,LATIMER Simon
FINA/NVC Diving World Series 2015 - Windsor,windsor_2015_ws,Women's 3m Springboard Semifinal B,Semifinal,23 MAY 2015,single,1-6,Judge 6,J6,BEDDOE Valerie
FINA/NVC Diving World Series 2015 - Windsor,windsor_2015_ws,Women's 3m Springboard Semifinal B,Semifinal,23 MAY 2015,single,1-6,Judge 7,J7,GOLOVAN Anatoliy
FINA/NVC Diving World Series 2015 - Windsor,windsor_2015_ws,Women's 3m Springboard Final,Final,23 MAY 2015,single,1-6,Judge 1,J1,GOLOVAN Anatoliy
FINA/NVC Diving World Series 2015 - Windsor,windsor_2015_ws,Women's 3m Springboard Final,Final,23 MAY 2015,single,1-6,Judge 2,J2,AYALA MUNOZ Carlos
FINA/NVC Diving World Series 2015 - Windsor,windsor_2015_ws,Women's 3m Springboard Final,Final,23 MAY 2015,single,1-6,Judge 3,J3,LATIMER Simon
FINA/NVC Diving World Series 2015 - Windsor,windsor_2015_ws,Women's 3m Springboard Final,Final,23 MAY 2015,single,1-6,Judge 4,J4,BEDDOE Valerie
FINA/NVC Diving World Series 2015 - Windsor,windsor_2015_ws,Women's 3m Springboard Final,Final,23 MAY 2015,single,1-6,Judge 5,J5,PETERSON Gord
FINA/NVC Diving World Series 2015 - Windsor,windsor_2015_ws,Women's 3m Springboard Final,Final,23 MAY 2015,single,1-6,Judge 6,J6,HUFFMAN Coleen
FINA/NVC Diving World Series 2015 - Windsor,windsor_2015_ws,Women's 3m Springboard Final,Final,23 MAY 2015,single,1-6,Judge 7,J7,REIS Violeta
FINA/NVC Diving World Series 2015 - Windsor,windsor_2015_ws,Women's 10m Platform Semifinal A,Semifinal,24 MAY 2015,single,1-6,Judge 1,J1,PETERSON Gord
FINA/NVC Diving World Series 2015 - Windsor,windsor_2015_ws,Women's 10m Platform Semifinal A,Semifinal,24 MAY 2015,single,1-6,Judge 2,J2,BEDDOE Valerie
FINA/NVC Diving World Series 2015 - Windsor,windsor_2015_ws,Women's 10m Platform Semifinal A,Semifinal,24 MAY 2015,single,1-6,Judge 3,J3,POLAZZO Valerio
FINA/NVC Diving World Series 2015 - Windsor,windsor_2015_ws,Women's 10m Platform Semifinal A,Semifinal,24 MAY 2015,single,1-6,Judge 4,J4,AYALA MUNOZ Carlos
FINA/NVC Diving World Series 2015 - Windsor,windsor_2015_ws,Women's 10m Platform Semifinal A,Semifinal,24 MAY 2015,single,1-6,Judge 5,J5,LATIMER Simon
FINA/NVC Diving World Series 2015 - Windsor,windsor_2015_ws,Women's 10m Platform Semifinal A,Semifinal,24 MAY 2015,single,1-6,Judge 6,J6,GOLOVAN Anatoliy
FINA/NVC Diving World Series 2015 - Windsor,windsor_2015_ws,Women's 10m Platform Semifinal A,Semifinal,24 MAY 2015,single,1-6,Judge 7,J7,HUFFMAN Coleen
FINA/NVC Diving World Series 2015 - Windsor,windsor_2015_ws,Women's 10m Platform Semifinal B,Semifinal,24 MAY 2015,single,1-6,Judge 1,J1,PETERSON Gord
FINA/NVC Diving World Series 2015 - Windsor,windsor_2015_ws,Women's 10m Platform Semifinal B,Semifinal,24 MAY 2015,single,1-6,Judge 2,J2,BEDDOE Valerie
FINA/NVC Diving World Series 2015 - Windsor,windsor_2015_ws,Women's 10m Platform Semifinal B,Semifinal,24 MAY 2015,single,1-6,Judge 3,J3,POLAZZO Valerio
FINA/NVC Diving World Series 2015 - Windsor,windsor_2015_ws,Women's 10m Platform Semifinal B,Semifinal,24 MAY 2015,single,1-6,Judge 4,J4,AYALA MUNOZ Carlos
FINA/NVC Diving World Series 2015 - Windsor,windsor_2015_ws,Women's 10m Platform Semifinal B,Semifinal,24 MAY 2015,single,1-6,Judge 5,J5,LATIMER Simon
FINA/NVC Diving World Series 2015 - Windsor,windsor_2015_ws,Women's 10m Platform Semifinal B,Semifinal,24 MAY 2015,single,1-6,Judge 6,J6,GOLOVAN Anatoliy
FINA/NVC Diving World Series 2015 - Windsor,windsor_2015_ws,Women's 10m Platform Semifinal B,Semifinal,24 MAY 2015,single,1-6,Judge 7,J7,HUFFMAN Coleen
FINA/NVC Diving World Series 2015 - Windsor,windsor_2015_ws,Women's 10m Platform Final,Final,24 MAY 2015,single,1-6,Judge 1,J1,LATIMER Simon
FINA/NVC Diving World Series 2015 - Windsor,windsor_2015_ws,Women's 10m Platform Final,Final,24 MAY 2015,single,1-6,Judge 2,J2,HUFFMAN Coleen
FINA/NVC Diving World Series 2015 - Windsor,windsor_2015_ws,Women's 10m Platform Final,Final,24 MAY 2015,single,1-6,Judge 3,J3,BEDDOE Valerie
FINA/NVC Diving World Series 2015 - Windsor,windsor_2015_ws,Women's 10m Platform Final,Final,24 MAY 2015,single,1-6,Judge 4,J4,GOLOVAN Anatoliy
FINA/NVC Diving World Series 2015 - Windsor,windsor_2015_ws,Women's 10m Platform Final,Final,24 MAY 2015,single,1-6,Judge 5,J5,PETERSON Gord
FINA/NVC Diving World Series 2015 - Windsor,windsor_2015_ws,Women's 10m Platform Final,Final,24 MAY 2015,single,1-6,Judge 6,J6,POLAZZO Valerio
FINA/NVC Diving World Series 2015 - Windsor,windsor_2015_ws,Women's 10m Platform Final,Final,24 MAY 2015,single,1-6,Judge 7,J7,AYALA MUNOZ Carlos
FINA/NVC Diving World Series 2015 - Merida,merida_2015_ws,Men's 3m Springboard Semifinal A,Semifinal,30 MAY 2015,single,1-6,Judge 1,J1,PETERSON Gordon
FINA/NVC Diving World Series 2015 - Merida,merida_2015_ws,Men's 3m Springboard Semifinal A,Semifinal,30 MAY 2015,single,1-6,Judge 2,J2,RIOS Cristina
FINA/NVC Diving World Series 2015 - Merida,merida_2015_ws,Men's 3m Springboard Semifinal A,Semifinal,30 MAY 2015,single,1-6,Judge 3,J3,BANUELOS Ricardo
FINA/NVC Diving World Series 2015 - Merida,merida_2015_ws,Men's 3m Springboard Semifinal A,Semifinal,30 MAY 2015,single,1-6,Judge 4,J4,AHLERING Julie
FINA/NVC Diving World Series 2015 - Merida,merida_2015_ws,Men's 3m Springboard Semifinal A,Semifinal,30 MAY 2015,single,1-6,Judge 5,J5,RUIZ PEDREGUERA Rolando
FINA/NVC Diving World Series 2015 - Merida,merida_2015_ws,Men's 3m Springboard Semifinal A,Semifinal,30 MAY 2015,single,1-6,Judge 6,J6,YU Jian
FINA/NVC Diving World Series 2015 - Merida,merida_2015_ws,Men's 3m Springboard Semifinal A,Semifinal,30 MAY 2015,single,1-6,Judge 7,J7,BARBOSA Ana Virginia
FINA/NVC Diving World Series 2015 - Merida,merida_2015_ws,Men's 3m Springboard Semifinal B,Semifinal,30 MAY 2015,single,1-6,Judge 1,J1,PETERSON Gordon
FINA/NVC Diving World Series 2015 - Merida,merida_2015_ws,Men's 3m Springboard Semifinal B,Semifinal,30 MAY 2015,single,1-6,Judge 2,J2,RIOS Cristina
FINA/NVC Diving World Series 2015 - Merida,merida_2015_ws,Men's 3m Springboard Semifinal B,Semifinal,30 MAY 2015,single,1-6,Judge 3,J3,BANUELOS Ricardo
FINA/NVC Diving World Series 2015 - Merida,merida_2015_ws,Men's 3m Springboard Semifinal B,Semifinal,30 MAY 2015,single,1-6,Judge 4,J4,AHLERING Julie
FINA/NVC Diving World Series 2015 - Merida,merida_2015_ws,Men's 3m Springboard Semifinal B,Semifinal,30 MAY 2015,single,1-6,Judge 5,J5,RUIZ PEDREGUERA Rolando
FINA/NVC Diving World Series 2015 - Merida,merida_2015_ws,Men's 3m Springboard Semifinal B,Semifinal,30 MAY 2015,single,1-6,Judge 6,J6,YU Jian
FINA/NVC Diving World Series 2015 - Merida,merida_2015_ws,Men's 3m Springboard Semifinal B,Semifinal,30 MAY 2015,single,1-6,Judge 7,J7,BARBOSA Ana Virginia
FINA/NVC Diving World Series 2015 - Merida,merida_2015_ws,Men's 3m Springboard Final,Final,30 MAY 2015,single,1-6,Judge 1,J1,YU Jian
FINA/NVC Diving World Series 2015 - Merida,merida_2015_ws,Men's 3m Springboard Final,Final,30 MAY 2015,single,1-6,Judge 2,J2,AHLERING Julie
FINA/NVC Diving World Series 2015 - Merida,merida_2015_ws,Men's 3m Springboard Final,Final,30 MAY 2015,single,1-6,Judge 3,J3,RUIZ PEDREGUERA Rolando
FINA/NVC Diving World Series 2015 - Merida,merida_2015_ws,Men's 3m Springboard Final,Final,30 MAY 2015,single,1-6,Judge 4,J4,PETERSON Gordon
FINA/NVC Diving World Series 2015 - Merida,merida_2015_ws,Men's 3m Springboard Final,Final,30 MAY 2015,single,1-6,Judge 5,J5,BARBOSA Ana Virginia
FINA/NVC Diving World Series 2015 - Merida,merida_2015_ws,Men's 3m Springboard Final,Final,30 MAY 2015,single,1-6,Judge 6,J6,RIOS Cristina
FINA/NVC Diving World Series 2015 - Merida,merida_2015_ws,Men's 3m Springboard Final,Final,30 MAY 2015,single,1-6,Judge 7,J7,BANUELOS Ricardo
FINA/NVC Diving World Series 2015 - Merida,merida_2015_ws,Men's 10m Platform Semifinal A,Semifinal,31 MAY 2015,single,1-6,Judge 1,J1,RUIZ PEDREGUERA Rolando
FINA/NVC Diving World Series 2015 - Merida,merida_2015_ws,Men's 10m Platform Semifinal A,Semifinal,31 MAY 2015,single,1-6,Judge 2,J2,AHLERING Julie
FINA/NVC Diving World Series 2015 - Merida,merida_2015_ws,Men's 10m Platform Semifinal A,Semifinal,31 MAY 2015,single,1-6,Judge 3,J3,BANUELOS Ricardo
FINA/NVC Diving World Series 2015 - Merida,merida_2015_ws,Men's 10m Platform Semifinal A,Semifinal,31 MAY 2015,single,1-6,Judge 4,J4,BROOKER Gillian
FINA/NVC Diving World Series 2015 - Merida,merida_2015_ws,Men's 10m Platform Semifinal A,Semifinal,31 MAY 2015,single,1-6,Judge 5,J5,PETERSON Gordon
FINA/NVC Diving World Series 2015 - Merida,merida_2015_ws,Men's 10m Platform Semifinal A,Semifinal,31 MAY 2015,single,1-6,Judge 6,J6,RIOS Cristina
FINA/NVC Diving World Series 2015 - Merida,merida_2015_ws,Men's 10m Platform Semifinal A,Semifinal,31 MAY 2015,single,1-6,Judge 7,J7,YU Jian
FINA/NVC Diving World Series 2015 - Merida,merida_2015_ws,Men's 10m Platform Semifinal B,Semifinal,31 MAY 2015,single,1-6,Judge 1,J1,RUIZ PEDREGUERA Rolando
FINA/NVC Diving World Series 2015 - Merida,merida_2015_ws,Men's 10m Platform Semifinal B,Semifinal,31 MAY 2015,single,1-6,Judge 2,J2,AHLERING Julie
FINA/NVC Diving World Series 2015 - Merida,merida_2015_ws,Men's 10m Platform Semifinal B,Semifinal,31 MAY 2015,single,1-6,Judge 3,J3,BANUELOS Ricardo
FINA/NVC Diving World Series 2015 - Merida,merida_2015_ws,Men's 10m Platform Semifinal B,Semifinal,31 MAY 2015,single,1-6,Judge 4,J4,BROOKER Gillian
FINA/NVC Diving World Series 2015 - Merida,merida_2015_ws,Men's 10m Platform Semifinal B,Semifinal,31 MAY 2015,single,1-6,Judge 5,J5,PETERSON Gordon
FINA/NVC Diving World Series 2015 - Merida,merida_2015_ws,Men's 10m Platform Semifinal B,Semifinal,31 MAY 2015,single,1-6,Judge 6,J6,RIOS Cristina
FINA/NVC Diving World Series 2015 - Merida,merida_2015_ws,Men's 10m Platform Semifinal B,Semifinal,31 MAY 2015,single,1-6,Judge 7,J7,YU Jian
FINA/NVC Diving World Series 2015 - Merida,merida_2015_ws,Men's 10m Platform Final,Final,31 MAY 2015,single,1-6,Judge 1,J1,AHLERING Julie
FINA/NVC Diving World Series 2015 - Merida,merida_2015_ws,Men's 10m Platform Final,Final,31 MAY 2015,single,1-6,Judge 2,J2,BANUELOS Ricardo
FINA/NVC Diving World Series 2015 - Merida,merida_2015_ws,Men's 10m Platform Final,Final,31 MAY 2015,single,1-6,Judge 3,J3,PETERSON Gordon
FINA/NVC Diving World Series 2015 - Merida,merida_2015_ws,Men's 10m Platform Final,Final,31 MAY 2015,single,1-6,Judge 4,J4,YU Jian
FINA/NVC Diving World Series 2015 - Merida,merida_2015_ws,Men's 10m Platform Final,Final,31 MAY 2015,single,1-6,Judge 5,J5,RIOS Cristina
FINA/NVC Diving World Series 2015 - Merida,merida_2015_ws,Men's 10m Platform Final,Final,31 MAY 2015,single,1-6,Judge 6,J6,BROOKER Gillian
FINA/NVC Diving World Series 2015 - Merida,merida_2015_ws,Men's 10m Platform Final,Final,31 MAY 2015,single,1-6,Judge 7,J7,RUIZ PEDREGUERA Rolando
FINA/NVC Diving World Series 2015 - Merida,merida_2015_ws,Women's 3m Springboard Semifinal A,Semifinal,30 MAY 2015,single,1-6,Judge 1,J1,AYALA MUNOZ Carlos
FINA/NVC Diving World Series 2015 - Merida,merida_2015_ws,Women's 3m Springboard Semifinal A,Semifinal,30 MAY 2015,single,1-6,Judge 2,J2,YU Jian
FINA/NVC Diving World Series 2015 - Merida,merida_2015_ws,Women's 3m Springboard Semifinal A,Semifinal,30 MAY 2015,single,1-6,Judge 3,J3,BROOKER Gillian
FINA/NVC Diving World Series 2015 - Merida,merida_2015_ws,Women's 3m Springboard Semifinal A,Semifinal,30 MAY 2015,single,1-6,Judge 4,J4,PETERSON Gordon
FINA/NVC Diving World Series 2015 - Merida,merida_2015_ws,Women's 3m Springboard Semifinal A,Semifinal,30 MAY 2015,single,1-6,Judge 5,J5,RIOS Cristina
FINA/NVC Diving World Series 2015 - Merida,merida_2015_ws,Women's 3m Springboard Semifinal A,Semifinal,30 MAY 2015,single,1-6,Judge 6,J6,RUIZ PEDREGUERA Rolando
FINA/NVC Diving World Series 2015 - Merida,merida_2015_ws,Women's 3m Springboard Semifinal A,Semifinal,30 MAY 2015,single,1-6,Judge 7,J7,BARBOSA Ana Virginia
FINA/NVC Diving World Series 2015 - Merida,merida_2015_ws,Women's 3m Springboard Semifinal B,Semifinal,30 MAY 2015,single,1-6,Judge 1,J1,AYALA MUNOZ Carlos
FINA/NVC Diving World Series 2015 - Merida,merida_2015_ws,Women's 3m Springboard Semifinal B,Semifinal,30 MAY 2015,single,1-6,Judge 2,J2,YU Jian
FINA/NVC Diving World Series 2015 - Merida,merida_2015_ws,Women's 3m Springboard Semifinal B,Semifinal,30 MAY 2015,single,1-6,Judge 3,J3,BROOKER Gillian
FINA/NVC Diving World Series 2015 - Merida,merida_2015_ws,Women's 3m Springboard Semifinal B,Semifinal,30 MAY 2015,single,1-6,Judge 4,J4,PETERSON Gordon
FINA/NVC Diving World Series 2015 - Merida,merida_2015_ws,Women's 3m Springboard Semifinal B,Semifinal,30 MAY 2015,single,1-6,Judge 5,J5,RIOS Cristina
FINA/NVC Diving World Series 2015 - Merida,merida_2015_ws,Women's 3m Springboard Semifinal B,Semifinal,30 MAY 2015,single,1-6,Judge 6,J6,RUIZ PEDREGUERA Rolando
FINA/NVC Diving World Series 2015 - Merida,merida_2015_ws,Women's 3m Springboard Semifinal B,Semifinal,30 MAY 2015,single,1-6,Judge 7,J7,BARBOSA Ana Virginia
FINA/NVC Diving World Series 2015 - Merida,merida_2015_ws,Women's 3m Springboard Final,Final,30 MAY 2015,single,1-6,Judge 1,J1,BARBOSA Ana Virginia
FINA/NVC Diving World Series 2015 - Merida,merida_2015_ws,Women's 3m Springboard Final,Final,30 MAY 2015,single,1-6,Judge 2,J2,BROOKER Gillian
FINA/NVC Diving World Series 2015 - Merida,merida_2015_ws,Women's 3m Springboard Final,Final,30 MAY 2015,single,1-6,Judge 3,J3,RIOS Cristina
FINA/NVC Diving World Series 2015 - Merida,merida_2015_ws,Women's 3m Springboard Final,Final,30 MAY 2015,single,1-6,Judge 4,J4,RUIZ PEDREGUERA Rolando
FINA/NVC Diving World Series 2015 - Merida,merida_2015_ws,Women's 3m Springboard Final,Final,30 MAY 2015,single,1-6,Judge 5,J5,AYALA MUNOZ Carlos
FINA/NVC Diving World Series 2015 - Merida,merida_2015_ws,Women's 3m Springboard Final,Final,30 MAY 2015,single,1-6,Judge 6,J6,YU Jian
FINA/NVC Diving World Series 2015 - Merida,merida_2015_ws,Women's 3m Springboard Final,Final,30 MAY 2015,single,1-6,Judge 7,J7,PETERSON Gordon
FINA/NVC Diving World Series 2015 - Merida,merida_2015_ws,Women's 10m Platform Semifinal A,Semifinal,31 MAY 2015,single,1-6,Judge 1,J1,AYALA MUNOZ Carlos
FINA/NVC Diving World Series 2015 - Merida,merida_2015_ws,Women's 10m Platform Semifinal A,Semifinal,31 MAY 2015,single,1-6,Judge 2,J2,RUIZ PEDREGUERA Rolando
FINA/NVC Diving World Series 2015 - Merida,merida_2015_ws,Women's 10m Platform Semifinal A,Semifinal,31 MAY 2015,single,1-6,Judge 3,J3,YU Jian
FINA/NVC Diving World Series 2015 - Merida,merida_2015_ws,Women's 10m Platform Semifinal A,Semifinal,31 MAY 2015,single,1-6,Judge 4,J4,BROOKER Gillian
FINA/NVC Diving World Series 2015 - Merida,merida_2015_ws,Women's 10m Platform Semifinal A,Semifinal,31 MAY 2015,single,1-6,Judge 5,J5,PETERSON Gordon
FINA/NVC Diving World Series 2015 - Merida,merida_2015_ws,Women's 10m Platform Semifinal A,Semifinal,31 MAY 2015,single,1-6,Judge 6,J6,BARBOSA Ana Virginia
FINA/NVC Diving World Series 2015 - Merida,merida_2015_ws,Women's 10m Platform Semifinal A,Semifinal,31 MAY 2015,single,1-6,Judge 7,J7,AHLERING Julie
FINA/NVC Diving World Series 2015 - Merida,merida_2015_ws,Women's 10m Platform Semifinal B,Semifinal,31 MAY 2015,single,1-6,Judge 1,J1,AYALA MUNOZ Carlos
FINA/NVC Diving World Series 2015 - Merida,merida_2015_ws,Women's 10m Platform Semifinal B,Semifinal,31 MAY 2015,single,1-6,Judge 2,J2,RUIZ PEDREGUERA Rolando
FINA/NVC Diving World Series 2015 - Merida,merida_2015_ws,Women's 10m Platform Semifinal B,Semifinal,31 MAY 2015,single,1-6,Judge 3,J3,YU Jian
FINA/NVC Diving World Series 2015 - Merida,merida_2015_ws,Women's 10m Platform Semifinal B,Semifinal,31 MAY 2015,single,1-6,Judge 4,J4,BROOKER Gillian
FINA/NVC Diving World Series 2015 - Merida,merida_2015_ws,Women's 10m Platform Semifinal B,Semifinal,31 MAY 2015,single,1-6,Judge 5,J5,PETERSON Gordon
FINA/NVC Diving World Series 2015 - Merida,merida_2015_ws,Women's 10m Platform Semifinal B,Semifinal,31 MAY 2015,single,1-6,Judge 6,J6,BARBOSA Ana Virginia
FINA/NVC Diving World Series 2015 - Merida,merida_2015_ws,Women's 10m Platform Semifinal B,Semifinal,31 MAY 2015,single,1-6,Judge 7,J7,AHLERING Julie
FINA/NVC Diving World Series 2015 - Merida,merida_2015_ws,Women's 10m Platform Final,Final,31 MAY 2015,single,1-6,Judge 1,J1,PETERSON Gordon
FINA/NVC Diving World Series 2015 - Merida,merida_2015_ws,Women's 10m Platform Final,Final,31 MAY 2015,single,1-6,Judge 2,J2,AHLERING Julie
FINA/NVC Diving World Series 2015 - Merida,merida_2015_ws,Women's 10m Platform Final,Final,31 MAY 2015,single,1-6,Judge 3,J3,RUIZ PEDREGUERA Rolando
FINA/NVC Diving World Series 2015 - Merida,merida_2015_ws,Women's 10m Platform Final,Final,31 MAY 2015,single,1-6,Judge 4,J4,BARBOSA Ana Virginia
FINA/NVC Diving World Series 2015 - Merida,merida_2015_ws,Women's 10m Platform Final,Final,31 MAY 2015,single,1-6,Judge 5,J5,AYALA MUNOZ Carlos
FINA/NVC Diving World Series 2015 - Merida,merida_2015_ws,Women's 10m Platform Final,Final,31 MAY 2015,single,1-6,Judge 6,J6,YU Jian
FINA/NVC Diving World Series 2015 - Merida,merida_2015_ws,Women's 10m Platform Final,Final,31 MAY 2015,single,1-6,Judge 7,J7,BROOKER Gillian
FINA/NVC Diving World Series 2016 - Beijing (CHN),beijing_2016_ws,Men's 3m Springboard Semifinal A,Semifinal,12 MAR 2016,single,1-6,Judge 1,J1,HASSAN Mohamed
FINA/NVC Diving World Series 2016 - Beijing (CHN),beijing_2016_ws,Men's 3m Springboard Semifinal A,Semifinal,12 MAR 2016,single,1-6,Judge 2,J2,KOLIC Natasha
FINA/NVC Diving World Series 2016 - Beijing (CHN),beijing_2016_ws,Men's 3m Springboard Semifinal A,Semifinal,12 MAR 2016,single,1-6,Judge 3,J3,RAO Lang
FINA/NVC Diving World Series 2016 - Beijing (CHN),beijing_2016_ws,Men's 3m Springboard Semifinal A,Semifinal,12 MAR 2016,single,1-6,Judge 4,J4,BIMIS Thomas
FINA/NVC Diving World Series 2016 - Beijing (CHN),beijing_2016_ws,Men's 3m Springboard Semifinal A,Semifinal,12 MAR 2016,single,1-6,Judge 5,J5,AVASILOAE Florin
FINA/NVC Diving World Series 2016 - Beijing (CHN),beijing_2016_ws,Men's 3m Springboard Semifinal A,Semifinal,12 MAR 2016,single,1-6,Judge 6,J6,SEUFERT-SHOLTIS Chris
FINA/NVC Diving World Series 2016 - Beijing (CHN),beijing_2016_ws,Men's 3m Springboard Semifinal A,Semifinal,12 MAR 2016,single,1-6,Judge 7,J7,LATIMER Simon
FINA/NVC Diving World Series 2016 - Beijing (CHN),beijing_2016_ws,Men's 3m Springboard Semifinal B,Semifinal,12 MAR 2016,single,1-6,Judge 1,J1,HASSAN Mohamed
FINA/NVC Diving World Series 2016 - Beijing (CHN),beijing_2016_ws,Men's 3m Springboard Semifinal B,Semifinal,12 MAR 2016,single,1-6,Judge 2,J2,KOLIC Natasha
FINA/NVC Diving World Series 2016 - Beijing (CHN),beijing_2016_ws,Men's 3m Springboard Semifinal B,Semifinal,12 MAR 2016,single,1-6,Judge 3,J3,RAO Lang
FINA/NVC Diving World Series 2016 - Beijing (CHN),beijing_2016_ws,Men's 3m Springboard Semifinal B,Semifinal,12 MAR 2016,single,1-6,Judge 4,J4,BIMIS Thomas
FINA/NVC Diving World Series 2016 - Beijing (CHN),beijing_2016_ws,Men's 3m Springboard Semifinal B,Semifinal,12 MAR 2016,single,1-6,Judge 5,J5,AVASILOAE Florin
FINA/NVC Diving World Series 2016 - Beijing (CHN),beijing_2016_ws,Men's 3m Springboard Semifinal B,Semifinal,12 MAR 2016,single,1-6,Judge 6,J6,SEUFERT-SHOLTIS Chris
FINA/NVC Diving World Series 2016 - Beijing (CHN),beijing_2016_ws,Men's 3m Springboard Semifinal B,Semifinal,12 MAR 2016,single,1-6,Judge 7,J7,LATIMER Simon
FINA/NVC Diving World Series 2016 - Beijing (CHN),beijing_2016_ws,Men's 3m Springboard Final,Final,12 MAR 2016,single,1-6,Judge 1,J1,SEUFERT-SHOLTIS Chris
FINA/NVC Diving World Series 2016 - Beijing (CHN),beijing_2016_ws,Men's 3m Springboard Final,Final,12 MAR 2016,single,1-6,Judge 2,J2,BIMIS Thomas
FINA/NVC Diving World Series 2016 - Beijing (CHN),beijing_2016_ws,Men's 3m Springboard Final,Final,12 MAR 2016,single,1-6,Judge 3,J3,AVASILOAE Florin
FINA/NVC Diving World Series 2016 - Beijing (CHN),beijing_2016_ws,Men's 3m Springboard Final,Final,12 MAR 2016,single,1-6,Judge 4,J4,HASSAN Mohamed
FINA/NVC Diving World Series 2016 - Beijing (CHN),beijing_2016_ws,Men's 3m Springboard Final,Final,12 MAR 2016,single,1-6,Judge 5,J5,LATIMER Simon
FINA/NVC Diving World Series 2016 - Beijing (CHN),beijing_2016_ws,Men's 3m Springboard Final,Final,12 MAR 2016,single,1-6,Judge 6,J6,KOLIC Natasha
FINA/NVC Diving World Series 2016 - Beijing (CHN),beijing_2016_ws,Men's 3m Springboard Final,Final,12 MAR 2016,single,1-6,Judge 7,J7,RAO Lang
FINA/NVC Diving World Series 2016 - Beijing (CHN),beijing_2016_ws,Men's 10m Platform Semifinal A,Semifinal,13 MAR 2016,single,1-6,Judge 1,J1,HASSAN Mohamed
FINA/NVC Diving World Series 2016 - Beijing (CHN),beijing_2016_ws,Men's 10m Platform Semifinal A,Semifinal,13 MAR 2016,single,1-6,Judge 2,J2,XIUREN Wu
FINA/NVC Diving World Series 2016 - Beijing (CHN),beijing_2016_ws,Men's 10m Platform Semifinal A,Semifinal,13 MAR 2016,single,1-6,Judge 3,J3,LATIMER Simon
FINA/NVC Diving World Series 2016 - Beijing (CHN),beijing_2016_ws,Men's 10m Platform Semifinal A,Semifinal,13 MAR 2016,single,1-6,Judge 4,J4,KELEMEN Ildiko
FINA/NVC Diving World Series 2016 - Beijing (CHN),beijing_2016_ws,Men's 10m Platform Semifinal A,Semifinal,13 MAR 2016,single,1-6,Judge 5,J5,BIMIS Thomas
FINA/NVC Diving World Series 2016 - Beijing (CHN),beijing_2016_ws,Men's 10m Platform Semifinal A,Semifinal,13 MAR 2016,single,1-6,Judge 6,J6,KOLIC Natasha
FINA/NVC Diving World Series 2016 - Beijing (CHN),beijing_2016_ws,Men's 10m Platform Semifinal A,Semifinal,13 MAR 2016,single,1-6,Judge 7,J7,SEUFERT-SHOLTIS Chris
FINA/NVC Diving World Series 2016 - Beijing (CHN),beijing_2016_ws,Men's 10m Platform Semifinal B,Semifinal,13 MAR 2016,single,1-6,Judge 1,J1,HASSAN Mohamed
FINA/NVC Diving World Series 2016 - Beijing (CHN),beijing_2016_ws,Men's 10m Platform Semifinal B,Semifinal,13 MAR 2016,single,1-6,Judge 2,J2,XIUREN Wu
FINA/NVC Diving World Series 2016 - Beijing (CHN),beijing_2016_ws,Men's 10m Platform Semifinal B,Semifinal,13 MAR 2016,single,1-6,Judge 3,J3,LATIMER Simon
FINA/NVC Diving World Series 2016 - Beijing (CHN),beijing_2016_ws,Men's 10m Platform Semifinal B,Semifinal,13 MAR 2016,single,1-6,Judge 4,J4,KELEMEN Ildiko
FINA/NVC Diving World Series 2016 - Beijing (CHN),beijing_2016_ws,Men's 10m Platform Semifinal B,Semifinal,13 MAR 2016,single,1-6,Judge 5,J5,BIMIS Thomas
FINA/NVC Diving World Series 2016 - Beijing (CHN),beijing_2016_ws,Men's 10m Platform Semifinal B,Semifinal,13 MAR 2016,single,1-6,Judge 6,J6,KOLIC Natasha
FINA/NVC Diving World Series 2016 - Beijing (CHN),beijing_2016_ws,Men's 10m Platform Semifinal B,Semifinal,13 MAR 2016,single,1-6,Judge 7,J7,SEUFERT-SHOLTIS Chris
FINA/NVC Diving World Series 2016 - Beijing (CHN),beijing_2016_ws,Men's 10m Platform Final,Final,13 MAR 2016,single,1-6,Judge 1,J1,XIUREN Wu
FINA/NVC Diving World Series 2016 - Beijing (CHN),beijing_2016_ws,Men's 10m Platform Final,Final,13 MAR 2016,single,1-6,Judge 2,J2,LATIMER Simon
FINA/NVC Diving World Series 2016 - Beijing (CHN),beijing_2016_ws,Men's 10m Platform Final,Final,13 MAR 2016,single,1-6,Judge 3,J3,BIMIS Thomas
FINA/NVC Diving World Series 2016 - Beijing (CHN),beijing_2016_ws,Men's 10m Platform Final,Final,13 MAR 2016,single,1-6,Judge 4,J4,SEUFERT-SHOLTIS Chris
FINA/NVC Diving World Series 2016 - Beijing (CHN),beijing_2016_ws,Men's 10m Platform Final,Final,13 MAR 2016,single,1-6,Judge 5,J5,KOLIC Natasha
FINA/NVC Diving World Series 2016 - Beijing (CHN),beijing_2016_ws,Men's 10m Platform Final,Final,13 MAR 2016,single,1-6,Judge 6,J6,KELEMEN Ildiko
FINA/NVC Diving World Series 2016 - Beijing (CHN),beijing_2016_ws,Men's 10m Platform Final,Final,13 MAR 2016,single,1-6,Judge 7,J7,HASSAN Mohamed
FINA/NVC Diving World Series 2016 - Beijing (CHN),beijing_2016_ws,Women's 3m Springboard Semifinal A,Semifinal,12 MAR 2016,single,1-6,Judge 1,J1,KELEMEN Ildiko
FINA/NVC Diving World Series 2016 - Beijing (CHN),beijing_2016_ws,Women's 3m Springboard Semifinal A,Semifinal,12 MAR 2016,single,1-6,Judge 2,J2,XIUREN Wu
FINA/NVC Diving World Series 2016 - Beijing (CHN),beijing_2016_ws,Women's 3m Springboard Semifinal A,Semifinal,12 MAR 2016,single,1-6,Judge 3,J3,HASSAN Mohamed
FINA/NVC Diving World Series 2016 - Beijing (CHN),beijing_2016_ws,Women's 3m Springboard Semifinal A,Semifinal,12 MAR 2016,single,1-6,Judge 4,J4,BIMIS Thomas
FINA/NVC Diving World Series 2016 - Beijing (CHN),beijing_2016_ws,Women's 3m Springboard Semifinal A,Semifinal,12 MAR 2016,single,1-6,Judge 5,J5,LATIMER Simon
FINA/NVC Diving World Series 2016 - Beijing (CHN),beijing_2016_ws,Women's 3m Springboard Semifinal A,Semifinal,12 MAR 2016,single,1-6,Judge 6,J6,AVASILOAE Florin
FINA/NVC Diving World Series 2016 - Beijing (CHN),beijing_2016_ws,Women's 3m Springboard Semifinal A,Semifinal,12 MAR 2016,single,1-6,Judge 7,J7,SEUFERT-SHOLTIS Chris
FINA/NVC Diving World Series 2016 - Beijing (CHN),beijing_2016_ws,Women's 3m Springboard Semifinal B,Semifinal,12 MAR 2016,single,1-6,Judge 1,J1,KELEMEN Ildiko
FINA/NVC Diving World Series 2016 - Beijing (CHN),beijing_2016_ws,Women's 3m Springboard Semifinal B,Semifinal,12 MAR 2016,single,1-6,Judge 2,J2,XIUREN Wu
FINA/NVC Diving World Series 2016 - Beijing (CHN),beijing_2016_ws,Women's 3m Springboard Semifinal B,Semifinal,12 MAR 2016,single,1-6,Judge 3,J3,HASSAN Mohamed
FINA/NVC Diving World Series 2016 - Beijing (CHN),beijing_2016_ws,Women's 3m Springboard Semifinal B,Semifinal,12 MAR 2016,single,1-6,Judge 4,J4,BIMIS Thomas
FINA/NVC Diving World Series 2016 - Beijing (CHN),beijing_2016_ws,Women's 3m Springboard Semifinal B,Semifinal,12 MAR 2016,single,1-6,Judge 5,J5,LATIMER Simon
FINA/NVC Diving World Series 2016 - Beijing (CHN),beijing_2016_ws,Women's 3m Springboard Semifinal B,Semifinal,12 MAR 2016,single,1-6,Judge 6,J6,AVASILOAE Florin
FINA/NVC Diving World Series 2016 - Beijing (CHN),beijing_2016_ws,Women's 3m Springboard Semifinal B,Semifinal,12 MAR 2016,single,1-6,Judge 7,J7,SEUFERT-SHOLTIS Chris
FINA/NVC Diving World Series 2016 - Beijing (CHN),beijing_2016_ws,Women's 3m Springboard Final,Final,12 MAR 2016,single,1-6,Judge 1,J1,SEUFERT-SHOLTIS Chris
FINA/NVC Diving World Series 2016 - Beijing (CHN),beijing_2016_ws,Women's 3m Springboard Final,Final,12 MAR 2016,single,1-6,Judge 2,J2,HASSAN Mohamed
FINA/NVC Diving World Series 2016 - Beijing (CHN),beijing_2016_ws,Women's 3m Springboard Final,Final,12 MAR 2016,single,1-6,Judge 3,J3,LATIMER Simon
FINA/NVC Diving World Series 2016 - Beijing (CHN),beijing_2016_ws,Women's 3m Springboard Final,Final,12 MAR 2016,single,1-6,Judge 4,J4,AVASILOAE Florin
FINA/NVC Diving World Series 2016 - Beijing (CHN),beijing_2016_ws,Women's 3m Springboard Final,Final,12 MAR 2016,single,1-6,Judge 5,J5,KELEMEN Ildiko
FINA/NVC Diving World Series 2016 - Beijing (CHN),beijing_2016_ws,Women's 3m Springboard Final,Final,12 MAR 2016,single,1-6,Judge 6,J6,XIUREN Wu
FINA/NVC Diving World Series 2016 - Beijing (CHN),beijing_2016_ws,Women's 3m Springboard Final,Final,12 MAR 2016,single,1-6,Judge 7,J7,BIMIS Thomas
FINA/NVC Diving World Series 2016 - Beijing (CHN),beijing_2016_ws,Women's 10m Platform Semifinal A,Semifinal,13 MAR 2016,single,1-6,Judge 1,J1,RAO Lang
FINA/NVC Diving World Series 2016 - Beijing (CHN),beijing_2016_ws,Women's 10m Platform Semifinal A,Semifinal,13 MAR 2016,single,1-6,Judge 2,J2,AVASILOAE Florin
FINA/NVC Diving World Series 2016 - Beijing (CHN),beijing_2016_ws,Women's 10m Platform Semifinal A,Semifinal,13 MAR 2016,single,1-6,Judge 3,J3,SEUFERT-SHOLTIS Chris
FINA/NVC Diving World Series 2016 - Beijing (CHN),beijing_2016_ws,Women's 10m Platform Semifinal A,Semifinal,13 MAR 2016,single,1-6,Judge 4,J4,HASSAN Mohamed
FINA/NVC Diving World Series 2016 - Beijing (CHN),beijing_2016_ws,Women's 10m Platform Semifinal A,Semifinal,13 MAR 2016,single,1-6,Judge 5,J5,KOLIC Natasha
FINA/NVC Diving World Series 2016 - Beijing (CHN),beijing_2016_ws,Women's 10m Platform Semifinal A,Semifinal,13 MAR 2016,single,1-6,Judge 6,J6,LATIMER Simon
FINA/NVC Diving World Series 2016 - Beijing (CHN),beijing_2016_ws,Women's 10m Platform Semifinal A,Semifinal,13 MAR 2016,single,1-6,Judge 7,J7,KELEMEN Ildiko
FINA/NVC Diving World Series 2016 - Beijing (CHN),beijing_2016_ws,Women's 10m Platform Semifinal B,Semifinal,13 MAR 2016,single,1-6,Judge 1,J1,RAO Lang
FINA/NVC Diving World Series 2016 - Beijing (CHN),beijing_2016_ws,Women's 10m Platform Semifinal B,Semifinal,13 MAR 2016,single,1-6,Judge 2,J2,AVASILOAE Florin
FINA/NVC Diving World Series 2016 - Beijing (CHN),beijing_2016_ws,Women's 10m Platform Semifinal B,Semifinal,13 MAR 2016,single,1-6,Judge 3,J3,SEUFERT-SHOLTIS Chris
FINA/NVC Diving World Series 2016 - Beijing (CHN),beijing_2016_ws,Women's 10m Platform Semifinal B,Semifinal,13 MAR 2016,single,1-6,Judge 4,J4,HASSAN Mohamed
FINA/NVC Diving World Series 2016 - Beijing (CHN),beijing_2016_ws,Women's 10m Platform Semifinal B,Semifinal,13 MAR 2016,single,1-6,Judge 5,J5,KOLIC Natasha
FINA/NVC Diving World Series 2016 - Beijing (CHN),beijing_2016_ws,Women's 10m Platform Semifinal B,Semifinal,13 MAR 2016,single,1-6,Judge 6,J6,LATIMER Simon
FINA/NVC Diving World Series 2016 - Beijing (CHN),beijing_2016_ws,Women's 10m Platform Semifinal B,Semifinal,13 MAR 2016,single,1-6,Judge 7,J7,KELEMEN Ildiko
FINA/NVC Diving World Series 2016 - Beijing (CHN),beijing_2016_ws,Women's 10m Platform Final,Final,13 MAR 2016,single,1-6,Judge 1,J1,KOLIC Natasha
FINA/NVC Diving World Series 2016 - Beijing (CHN),beijing_2016_ws,Women's 10m Platform Final,Final,13 MAR 2016,single,1-6,Judge 2,J2,KELEMEN Ildiko
FINA/NVC Diving World Series 2016 - Beijing (CHN),beijing_2016_ws,Women's 10m Platform Final,Final,13 MAR 2016,single,1-6,Judge 3,J3,AVASILOAE Florin
FINA/NVC Diving World Series 2016 - Beijing (CHN),beijing_2016_ws,Women's 10m Platform Final,Final,13 MAR 2016,single,1-6,Judge 4,J4,LATIMER Simon
FINA/NVC Diving World Series 2016 - Beijing (CHN),beijing_2016_ws,Women's 10m Platform Final,Final,13 MAR 2016,single,1-6,Judge 5,J5,RAO Lang
FINA/NVC Diving World Series 2016 - Beijing (CHN),beijing_2016_ws,Women's 10m Platform Final,Final,13 MAR 2016,single,1-6,Judge 6,J6,SEUFERT-SHOLTIS Chris
FINA/NVC Diving World Series 2016 - Beijing (CHN),beijing_2016_ws,Women's 10m Platform Final,Final,13 MAR 2016,single,1-6,Judge 7,J7,HASSAN Mohamed
FINA/NVC Diving World Series 2016 - Dubai (UAE),dubai_2016_ws,Men's 3m Springboard Semifinal A,Semifinal,18 MAR 2016,single,1-6,Judge 1,J1,GILDEMEISTER Peter
FINA/NVC Diving World Series 2016 - Dubai (UAE),dubai_2016_ws,Men's 3m Springboard Semifinal A,Semifinal,18 MAR 2016,single,1-6,Judge 2,J2,LER Damien Soon Tien
FINA/NVC Diving World Series 2016 - Dubai (UAE),dubai_2016_ws,Men's 3m Springboard Semifinal A,Semifinal,18 MAR 2016,single,1-6,Judge 3,J3,GOLOVAN Anatoly
FINA/NVC Diving World Series 2016 - Dubai (UAE),dubai_2016_ws,Men's 3m Springboard Semifinal A,Semifinal,18 MAR 2016,single,1-6,Judge 4,J4,RIOS Cristina
FINA/NVC Diving World Series 2016 - Dubai (UAE),dubai_2016_ws,Men's 3m Springboard Semifinal A,Semifinal,18 MAR 2016,single,1-6,Judge 5,J5,ITO Masaki
FINA/NVC Diving World Series 2016 - Dubai (UAE),dubai_2016_ws,Men's 3m Springboard Semifinal A,Semifinal,18 MAR 2016,single,1-6,Judge 6,J6,TOULOUDIS Nikolaos
FINA/NVC Diving World Series 2016 - Dubai (UAE),dubai_2016_ws,Men's 3m Springboard Semifinal A,Semifinal,18 MAR 2016,single,1-6,Judge 7,J7,VYAS Mayur
FINA/NVC Diving World Series 2016 - Dubai (UAE),dubai_2016_ws,Men's 3m Springboard Semifinal B,Semifinal,18 MAR 2016,single,1-6,Judge 1,J1,GILDEMEISTER Peter
FINA/NVC Diving World Series 2016 - Dubai (UAE),dubai_2016_ws,Men's 3m Springboard Semifinal B,Semifinal,18 MAR 2016,single,1-6,Judge 2,J2,LER Damien Soon Tien
FINA/NVC Diving World Series 2016 - Dubai (UAE),dubai_2016_ws,Men's 3m Springboard Semifinal B,Semifinal,18 MAR 2016,single,1-6,Judge 3,J3,GOLOVAN Anatoly
FINA/NVC Diving World Series 2016 - Dubai (UAE),dubai_2016_ws,Men's 3m Springboard Semifinal B,Semifinal,18 MAR 2016,single,1-6,Judge 4,J4,RIOS Cristina
FINA/NVC Diving World Series 2016 - Dubai (UAE),dubai_2016_ws,Men's 3m Springboard Semifinal B,Semifinal,18 MAR 2016,single,1-6,Judge 5,J5,ITO Masaki
FINA/NVC Diving World Series 2016 - Dubai (UAE),dubai_2016_ws,Men's 3m Springboard Semifinal B,Semifinal,18 MAR 2016,single,1-6,Judge 6,J6,TOULOUDIS Nikolaos
FINA/NVC Diving World Series 2016 - Dubai (UAE),dubai_2016_ws,Men's 3m Springboard Semifinal B,Semifinal,18 MAR 2016,single,1-6,Judge 7,J7,VYAS Mayur
FINA/NVC Diving World Series 2016 - Dubai (UAE),dubai_2016_ws,Men's 3m Springboard Final,Final,18 MAR 2016,single,1-6,Judge 1,J1,TOULOUDIS Nikolaos
FINA/NVC Diving World Series 2016 - Dubai (UAE),dubai_2016_ws,Men's 3m Springboard Final,Final,18 MAR 2016,single,1-6,Judge 2,J2,RIOS Cristina
FINA/NVC Diving World Series 2016 - Dubai (UAE),dubai_2016_ws,Men's 3m Springboard Final,Final,18 MAR 2016,single,1-6,Judge 3,J3,ITO Masaki
FINA/NVC Diving World Series 2016 - Dubai (UAE),dubai_2016_ws,Men's 3m Springboard Final,Final,18 MAR 2016,single,1-6,Judge 4,J4,GILDEMEISTER Peter
FINA/NVC Diving World Series 2016 - Dubai (UAE),dubai_2016_ws,Men's 3m Springboard Final,Final,18 MAR 2016,single,1-6,Judge 5,J5,VYAS Mayur
FINA/NVC Diving World Series 2016 - Dubai (UAE),dubai_2016_ws,Men's 3m Springboard Final,Final,18 MAR 2016,single,1-6,Judge 6,J6,LER Damien Soon Tien
FINA/NVC Diving World Series 2016 - Dubai (UAE),dubai_2016_ws,Men's 3m Springboard Final,Final,18 MAR 2016,single,1-6,Judge 7,J7,GOLOVAN Anatoly
FINA/NVC Diving World Series 2016 - Dubai (UAE),dubai_2016_ws,Men's 10m Platform Semifinal A,Semifinal,19 MAR 2016,single,1-6,Judge 1,J1,POLAZZO Valerio
FINA/NVC Diving World Series 2016 - Dubai (UAE),dubai_2016_ws,Men's 10m Platform Semifinal A,Semifinal,19 MAR 2016,single,1-6,Judge 2,J2,VYAS Mayur
FINA/NVC Diving World Series 2016 - Dubai (UAE),dubai_2016_ws,Men's 10m Platform Semifinal A,Semifinal,19 MAR 2016,single,1-6,Judge 3,J3,GOLOVAN Anatoly
FINA/NVC Diving World Series 2016 - Dubai (UAE),dubai_2016_ws,Men's 10m Platform Semifinal A,Semifinal,19 MAR 2016,single,1-6,Judge 4,J4,GILDEMEISTER Peter
FINA/NVC Diving World Series 2016 - Dubai (UAE),dubai_2016_ws,Men's 10m Platform Semifinal A,Semifinal,19 MAR 2016,single,1-6,Judge 5,J5,TELLEFSEN Arne
FINA/NVC Diving World Series 2016 - Dubai (UAE),dubai_2016_ws,Men's 10m Platform Semifinal A,Semifinal,19 MAR 2016,single,1-6,Judge 6,J6,ITO Masaki
FINA/NVC Diving World Series 2016 - Dubai (UAE),dubai_2016_ws,Men's 10m Platform Semifinal A,Semifinal,19 MAR 2016,single,1-6,Judge 7,J7,TOULOUDIS Nikolaos
FINA/NVC Diving World Series 2016 - Dubai (UAE),dubai_2016_ws,Men's 10m Platform Semifinal B,Semifinal,19 MAR 2016,single,1-6,Judge 1,J1,POLAZZO Valerio
FINA/NVC Diving World Series 2016 - Dubai (UAE),dubai_2016_ws,Men's 10m Platform Semifinal B,Semifinal,19 MAR 2016,single,1-6,Judge 2,J2,VYAS Mayur
FINA/NVC Diving World Series 2016 - Dubai (UAE),dubai_2016_ws,Men's 10m Platform Semifinal B,Semifinal,19 MAR 2016,single,1-6,Judge 3,J3,GOLOVAN Anatoly
FINA/NVC Diving World Series 2016 - Dubai (UAE),dubai_2016_ws,Men's 10m Platform Semifinal B,Semifinal,19 MAR 2016,single,1-6,Judge 4,J4,GILDEMEISTER Peter
FINA/NVC Diving World Series 2016 - Dubai (UAE),dubai_2016_ws,Men's 10m Platform Semifinal B,Semifinal,19 MAR 2016,single,1-6,Judge 5,J5,TELLEFSEN Arne
FINA/NVC Diving World Series 2016 - Dubai (UAE),dubai_2016_ws,Men's 10m Platform Semifinal B,Semifinal,19 MAR 2016,single,1-6,Judge 6,J6,ITO Masaki
FINA/NVC Diving World Series 2016 - Dubai (UAE),dubai_2016_ws,Men's 10m Platform Semifinal B,Semifinal,19 MAR 2016,single,1-6,Judge 7,J7,TOULOUDIS Nikolaos
FINA/NVC Diving World Series 2016 - Dubai (UAE),dubai_2016_ws,Men's 10m Platform Final,Final,19 MAR 2016,single,1-6,Judge 1,J1,VYAS Mayur
FINA/NVC Diving World Series 2016 - Dubai (UAE),dubai_2016_ws,Men's 10m Platform Final,Final,19 MAR 2016,single,1-6,Judge 2,J2,GOLOVAN Anatoly
FINA/NVC Diving World Series 2016 - Dubai (UAE),dubai_2016_ws,Men's 10m Platform Final,Final,19 MAR 2016,single,1-6,Judge 3,J3,TELLEFSEN Arne
FINA/NVC Diving World Series 2016 - Dubai (UAE),dubai_2016_ws,Men's 10m Platform Final,Final,19 MAR 2016,single,1-6,Judge 4,J4,TOULOUDIS Nikolaos
FINA/NVC Diving World Series 2016 - Dubai (UAE),dubai_2016_ws,Men's 10m Platform Final,Final,19 MAR 2016,single,1-6,Judge 5,J5,ITO Masaki
FINA/NVC Diving World Series 2016 - Dubai (UAE),dubai_2016_ws,Men's 10m Platform Final,Final,19 MAR 2016,single,1-6,Judge 6,J6,GILDEMEISTER Peter
FINA/NVC Diving World Series 2016 - Dubai (UAE),dubai_2016_ws,Men's 10m Platform Final,Final,19 MAR 2016,single,1-6,Judge 7,J7,POLAZZO Valerio
FINA/NVC Diving World Series 2016 - Dubai (UAE),dubai_2016_ws,Women's 3m Springboard Semifinal A,Semifinal,19 MAR 2016,single,1-6,Judge 1,J1,GOLOVAN Anatoly
FINA/NVC Diving World Series 2016 - Dubai (UAE),dubai_2016_ws,Women's 3m Springboard Semifinal A,Semifinal,19 MAR 2016,single,1-6,Judge 2,J2,VYAS Mayur
FINA/NVC Diving World Series 2016 - Dubai (UAE),dubai_2016_ws,Women's 3m Springboard Semifinal A,Semifinal,19 MAR 2016,single,1-6,Judge 3,J3,RIOS Cristina
FINA/NVC Diving World Series 2016 - Dubai (UAE),dubai_2016_ws,Women's 3m Springboard Semifinal A,Semifinal,19 MAR 2016,single,1-6,Judge 4,J4,TELLEFSEN Arne
FINA/NVC Diving World Series 2016 - Dubai (UAE),dubai_2016_ws,Women's 3m Springboard Semifinal A,Semifinal,19 MAR 2016,single,1-6,Judge 5,J5,POLAZZO Valerio
FINA/NVC Diving World Series 2016 - Dubai (UAE),dubai_2016_ws,Women's 3m Springboard Semifinal A,Semifinal,19 MAR 2016,single,1-6,Judge 6,J6,LER Damien Soon Tien
FINA/NVC Diving World Series 2016 - Dubai (UAE),dubai_2016_ws,Women's 3m Springboard Semifinal A,Semifinal,19 MAR 2016,single,1-6,Judge 7,J7,TOULOUDIS Nikolaos
FINA/NVC Diving World Series 2016 - Dubai (UAE),dubai_2016_ws,Women's 3m Springboard Semifinal B,Semifinal,19 MAR 2016,single,1-6,Judge 1,J1,GOLOVAN Anatoly
FINA/NVC Diving World Series 2016 - Dubai (UAE),dubai_2016_ws,Women's 3m Springboard Semifinal B,Semifinal,19 MAR 2016,single,1-6,Judge 2,J2,VYAS Mayur
FINA/NVC Diving World Series 2016 - Dubai (UAE),dubai_2016_ws,Women's 3m Springboard Semifinal B,Semifinal,19 MAR 2016,single,1-6,Judge 3,J3,RIOS Cristina
FINA/NVC Diving World Series 2016 - Dubai (UAE),dubai_2016_ws,Women's 3m Springboard Semifinal B,Semifinal,19 MAR 2016,single,1-6,Judge 4,J4,TELLEFSEN Arne
FINA/NVC Diving World Series 2016 - Dubai (UAE),dubai_2016_ws,Women's 3m Springboard Semifinal B,Semifinal,19 MAR 2016,single,1-6,Judge 5,J5,POLAZZO Valerio
FINA/NVC Diving World Series 2016 - Dubai (UAE),dubai_2016_ws,Women's 3m Springboard Semifinal B,Semifinal,19 MAR 2016,single,1-6,Judge 6,J6,LER Damien Soon Tien
FINA/NVC Diving World Series 2016 - Dubai (UAE),dubai_2016_ws,Women's 3m Springboard Semifinal B,Semifinal,19 MAR 2016,single,1-6,Judge 7,J7,TOULOUDIS Nikolaos
FINA/NVC Diving World Series 2016 - Dubai (UAE),dubai_2016_ws,Women's 3m Springboard Final,Final,19 MAR 2016,single,1-6,Judge 1,J1,TOULOUDIS Nikolaos
FINA/NVC Diving World Series 2016 - Dubai (UAE),dubai_2016_ws,Women's 3m Springboard Final,Final,19 MAR 2016,single,1-6,Judge 2,J2,RIOS Cristina
FINA/NVC Diving World Series 2016 - Dubai (UAE),dubai_2016_ws,Women's 3m Springboard Final,Final,19 MAR 2016,single,1-6,Judge 3,J3,POLAZZO Valerio
FINA/NVC Diving World Series 2016 - Dubai (UAE),dubai_2016_ws,Women's 3m Springboard Final,Final,19 MAR 2016,single,1-6,Judge 4,J4,LER Damien Soon Tien
FINA/NVC Diving World Series 2016 - Dubai (UAE),dubai_2016_ws,Women's 3m Springboard Final,Final,19 MAR 2016,single,1-6,Judge 5,J5,GOLOVAN Anatoly
FINA/NVC Diving World Series 2016 - Dubai (UAE),dubai_2016_ws,Women's 3m Springboard Final,Final,19 MAR 2016,single,1-6,Judge 6,J6,VYAS Mayur
FINA/NVC Diving World Series 2016 - Dubai (UAE),dubai_2016_ws,Women's 3m Springboard Final,Final,19 MAR 2016,single,1-6,Judge 7,J7,TELLEFSEN Arne
FINA/NVC Diving World Series 2016 - Dubai (UAE),dubai_2016_ws,Women's 10m Platform Semifinal A,Semifinal,18 MAR 2016,single,1-6,Judge 1,J1,GOLOVAN Anatoly
FINA/NVC Diving World Series 2016 - Dubai (UAE),dubai_2016_ws,Women's 10m Platform Semifinal A,Semifinal,18 MAR 2016,single,1-6,Judge 2,J2,ITO Masaki
FINA/NVC Diving World Series 2016 - Dubai (UAE),dubai_2016_ws,Women's 10m Platform Semifinal A,Semifinal,18 MAR 2016,single,1-6,Judge 3,J3,GILDEMEISTER Peter
FINA/NVC Diving World Series 2016 - Dubai (UAE),dubai_2016_ws,Women's 10m Platform Semifinal A,Semifinal,18 MAR 2016,single,1-6,Judge 4,J4,RIOS Cristina
FINA/NVC Diving World Series 2016 - Dubai (UAE),dubai_2016_ws,Women's 10m Platform Semifinal A,Semifinal,18 MAR 2016,single,1-6,Judge 5,J5,LER Damien Soon Tien
FINA/NVC Diving World Series 2016 - Dubai (UAE),dubai_2016_ws,Women's 10m Platform Semifinal A,Semifinal,18 MAR 2016,single,1-6,Judge 6,J6,POLLAZZO Valerio
FINA/NVC Diving World Series 2016 - Dubai (UAE),dubai_2016_ws,Women's 10m Platform Semifinal A,Semifinal,18 MAR 2016,single,1-6,Judge 7,J7,TELLEFSEN Arne
FINA/NVC Diving World Series 2016 - Dubai (UAE),dubai_2016_ws,Women's 10m Platform Semifinal B,Semifinal,18 MAR 2016,single,1-6,Judge 1,J1,GOLOVAN Anatoly
FINA/NVC Diving World Series 2016 - Dubai (UAE),dubai_2016_ws,Women's 10m Platform Semifinal B,Semifinal,18 MAR 2016,single,1-6,Judge 2,J2,ITO Masaki
FINA/NVC Diving World Series 2016 - Dubai (UAE),dubai_2016_ws,Women's 10m Platform Semifinal B,Semifinal,18 MAR 2016,single,1-6,Judge 3,J3,GILDEMEISTER Peter
FINA/NVC Diving World Series 2016 - Dubai (UAE),dubai_2016_ws,Women's 10m Platform Semifinal B,Semifinal,18 MAR 2016,single,1-6,Judge 4,J4,RIOS Cristina
FINA/NVC Diving World Series 2016 - Dubai (UAE),dubai_2016_ws,Women's 10m Platform Semifinal B,Semifinal,18 MAR 2016,single,1-6,Judge 5,J5,LER Damien Soon Tien
FINA/NVC Diving World Series 2016 - Dubai (UAE),dubai_2016_ws,Women's 10m Platform Semifinal B,Semifinal,18 MAR 2016,single,1-6,Judge 6,J6,POLLAZZO Valerio
FINA/NVC Diving World Series 2016 - Dubai (UAE),dubai_2016_ws,Women's 10m Platform Semifinal B,Semifinal,18 MAR 2016,single,1-6,Judge 7,J7,TELLEFSEN Arne
FINA/NVC Diving World Series 2016 - Dubai (UAE),dubai_2016_ws,Women's 10m Platform Final,Final,18 MAR 2016,single,1-6,Judge 1,J1,LER Damien Soon Tien
FINA/NVC Diving World Series 2016 - Dubai (UAE),dubai_2016_ws,Women's 10m Platform Final,Final,18 MAR 2016,single,1-6,Judge 2,J2,TELLEFSEN Arne
FINA/NVC Diving World Series 2016 - Dubai (UAE),dubai_2016_ws,Women's 10m Platform Final,Final,18 MAR 2016,single,1-6,Judge 3,J3,ITO Masaki
FINA/NVC Diving World Series 2016 - Dubai (UAE),dubai_2016_ws,Women's 10m Platform Final,Final,18 MAR 2016,single,1-6,Judge 4,J4,POLLAZZO Valerio
FINA/NVC Diving World Series 2016 - Dubai (UAE),dubai_2016_ws,Women's 10m Platform Final,Final,18 MAR 2016,single,1-6,Judge 5,J5,GOLOVAN Anatoly
FINA/NVC Diving World Series 2016 - Dubai (UAE),dubai_2016_ws,Women's 10m Platform Final,Final,18 MAR 2016,single,1-6,Judge 6,J6,GILDEMEISTER Peter
FINA/NVC Diving World Series 2016 - Dubai (UAE),dubai_2016_ws,Women's 10m Platform Final,Final,18 MAR 2016,single,1-6,Judge 7,J7,RIOS Cristina
FINA/NVC Diving World Series 2016 - Windsor (CAN),windsor_2016_ws,Men's 3m Springboard Semifinal A,Semifinal,16 APR 2016,single,1-6,Judge 1,J1,BARBOSA Ana Virginia
FINA/NVC Diving World Series 2016 - Windsor (CAN),windsor_2016_ws,Men's 3m Springboard Semifinal A,Semifinal,16 APR 2016,single,1-6,Judge 2,J2,BROOKER Gilian
FINA/NVC Diving World Series 2016 - Windsor (CAN),windsor_2016_ws,Men's 3m Springboard Semifinal A,Semifinal,16 APR 2016,single,1-6,Judge 3,J3,MORNEAU Helene
FINA/NVC Diving World Series 2016 - Windsor (CAN),windsor_2016_ws,Men's 3m Springboard Semifinal A,Semifinal,16 APR 2016,single,1-6,Judge 4,J4,AXTELIUS Peter
FINA/NVC Diving World Series 2016 - Windsor (CAN),windsor_2016_ws,Men's 3m Springboard Semifinal A,Semifinal,16 APR 2016,single,1-6,Judge 5,J5,RUIZ PEDREGUERA Rolando
FINA/NVC Diving World Series 2016 - Windsor (CAN),windsor_2016_ws,Men's 3m Springboard Semifinal A,Semifinal,16 APR 2016,single,1-6,Judge 6,J6,MIN Suck Hong
FINA/NVC Diving World Series 2016 - Windsor (CAN),windsor_2016_ws,Men's 3m Springboard Semifinal A,Semifinal,16 APR 2016,single,1-6,Judge 7,J7,HUFFMAN Coleen
FINA/NVC Diving World Series 2016 - Windsor (CAN),windsor_2016_ws,Men's 3m Springboard Semifinal B,Semifinal,16 APR 2016,single,1-6,Judge 1,J1,BARBOSA Ana Virginia
FINA/NVC Diving World Series 2016 - Windsor (CAN),windsor_2016_ws,Men's 3m Springboard Semifinal B,Semifinal,16 APR 2016,single,1-6,Judge 2,J2,BROOKER Gilian
FINA/NVC Diving World Series 2016 - Windsor (CAN),windsor_2016_ws,Men's 3m Springboard Semifinal B,Semifinal,16 APR 2016,single,1-6,Judge 3,J3,MORNEAU Helene
FINA/NVC Diving World Series 2016 - Windsor (CAN),windsor_2016_ws,Men's 3m Springboard Semifinal B,Semifinal,16 APR 2016,single,1-6,Judge 4,J4,AXTELIUS Peter
FINA/NVC Diving World Series 2016 - Windsor (CAN),windsor_2016_ws,Men's 3m Springboard Semifinal B,Semifinal,16 APR 2016,single,1-6,Judge 5,J5,RUIZ PEDREGUERA Rolando
FINA/NVC Diving World Series 2016 - Windsor (CAN),windsor_2016_ws,Men's 3m Springboard Semifinal B,Semifinal,16 APR 2016,single,1-6,Judge 6,J6,MIN Suck Hong
FINA/NVC Diving World Series 2016 - Windsor (CAN),windsor_2016_ws,Men's 3m Springboard Semifinal B,Semifinal,16 APR 2016,single,1-6,Judge 7,J7,HUFFMAN Coleen
FINA/NVC Diving World Series 2016 - Windsor (CAN),windsor_2016_ws,Men's 3m Springboard Final,Final,16 APR 2016,single,1-6,Judge 1,J1,MIN Suck Hong
FINA/NVC Diving World Series 2016 - Windsor (CAN),windsor_2016_ws,Men's 3m Springboard Final,Final,16 APR 2016,single,1-6,Judge 2,J2,AXTELIUS Peter
FINA/NVC Diving World Series 2016 - Windsor (CAN),windsor_2016_ws,Men's 3m Springboard Final,Final,16 APR 2016,single,1-6,Judge 3,J3,RUIZ PEDREGUERA Rolando
FINA/NVC Diving World Series 2016 - Windsor (CAN),windsor_2016_ws,Men's 3m Springboard Final,Final,16 APR 2016,single,1-6,Judge 4,J4,BARBOSA Ana Virginia
FINA/NVC Diving World Series 2016 - Windsor (CAN),windsor_2016_ws,Men's 3m Springboard Final,Final,16 APR 2016,single,1-6,Judge 5,J5,HUFFMAN Coleen
FINA/NVC Diving World Series 2016 - Windsor (CAN),windsor_2016_ws,Men's 3m Springboard Final,Final,16 APR 2016,single,1-6,Judge 6,J6,BROOKER Gilian
FINA/NVC Diving World Series 2016 - Windsor (CAN),windsor_2016_ws,Men's 3m Springboard Final,Final,16 APR 2016,single,1-6,Judge 7,J7,MORNEAU Helene
FINA/NVC Diving World Series 2016 - Windsor (CAN),windsor_2016_ws,Men's 10m Platform Semifinal A,Semifinal,17 APR 2016,single,1-6,Judge 1,J1,RUIZ PEDREGUERA Rolando
FINA/NVC Diving World Series 2016 - Windsor (CAN),windsor_2016_ws,Men's 10m Platform Semifinal A,Semifinal,17 APR 2016,single,1-6,Judge 2,J2,BUSH-DAUPHINAIS Barb
FINA/NVC Diving World Series 2016 - Windsor (CAN),windsor_2016_ws,Men's 10m Platform Semifinal A,Semifinal,17 APR 2016,single,1-6,Judge 3,J3,HUFFMAN Coleen
FINA/NVC Diving World Series 2016 - Windsor (CAN),windsor_2016_ws,Men's 10m Platform Semifinal A,Semifinal,17 APR 2016,single,1-6,Judge 4,J4,AXTELIUS Peter
FINA/NVC Diving World Series 2016 - Windsor (CAN),windsor_2016_ws,Men's 10m Platform Semifinal A,Semifinal,17 APR 2016,single,1-6,Judge 5,J5,FABER Marc
FINA/NVC Diving World Series 2016 - Windsor (CAN),windsor_2016_ws,Men's 10m Platform Semifinal A,Semifinal,17 APR 2016,single,1-6,Judge 6,J6,BROOKER Gilian
FINA/NVC Diving World Series 2016 - Windsor (CAN),windsor_2016_ws,Men's 10m Platform Semifinal A,Semifinal,17 APR 2016,single,1-6,Judge 7,J7,MIN Suck Hong
FINA/NVC Diving World Series 2016 - Windsor (CAN),windsor_2016_ws,Men's 10m Platform Semifinal B,Semifinal,17 APR 2016,single,1-6,Judge 1,J1,RUIZ PEDREGUERA Rolando
FINA/NVC Diving World Series 2016 - Windsor (CAN),windsor_2016_ws,Men's 10m Platform Semifinal B,Semifinal,17 APR 2016,single,1-6,Judge 2,J2,BUSH-DAUPHINAIS Barb
FINA/NVC Diving World Series 2016 - Windsor (CAN),windsor_2016_ws,Men's 10m Platform Semifinal B,Semifinal,17 APR 2016,single,1-6,Judge 3,J3,HUFFMAN Coleen
FINA/NVC Diving World Series 2016 - Windsor (CAN),windsor_2016_ws,Men's 10m Platform Semifinal B,Semifinal,17 APR 2016,single,1-6,Judge 4,J4,AXTELIUS Peter
FINA/NVC Diving World Series 2016 - Windsor (CAN),windsor_2016_ws,Men's 10m Platform Semifinal B,Semifinal,17 APR 2016,single,1-6,Judge 5,J5,FABER Marc
FINA/NVC Diving World Series 2016 - Windsor (CAN),windsor_2016_ws,Men's 10m Platform Semifinal B,Semifinal,17 APR 2016,single,1-6,Judge 6,J6,BROOKER Gilian
FINA/NVC Diving World Series 2016 - Windsor (CAN),windsor_2016_ws,Men's 10m Platform Semifinal B,Semifinal,17 APR 2016,single,1-6,Judge 7,J7,MIN Suck Hong
FINA/NVC Diving World Series 2016 - Windsor (CAN),windsor_2016_ws,Men's 10m Platform Final,Final,17 APR 2016,single,1-6,Judge 1,J1,BUSH-DAUPHINAIS Barb
FINA/NVC Diving World Series 2016 - Windsor (CAN),windsor_2016_ws,Men's 10m Platform Final,Final,17 APR 2016,single,1-6,Judge 2,J2,HUFFMAN Coleen
FINA/NVC Diving World Series 2016 - Windsor (CAN),windsor_2016_ws,Men's 10m Platform Final,Final,17 APR 2016,single,1-6,Judge 3,J3,FABER Marc
FINA/NVC Diving World Series 2016 - Windsor (CAN),windsor_2016_ws,Men's 10m Platform Final,Final,17 APR 2016,single,1-6,Judge 4,J4,MIN Suck Hong
FINA/NVC Diving World Series 2016 - Windsor (CAN),windsor_2016_ws,Men's 10m Platform Final,Final,17 APR 2016,single,1-6,Judge 5,J5,BROOKER Gilian
FINA/NVC Diving World Series 2016 - Windsor (CAN),windsor_2016_ws,Men's 10m Platform Final,Final,17 APR 2016,single,1-6,Judge 6,J6,AXTELIUS Peter
FINA/NVC Diving World Series 2016 - Windsor (CAN),windsor_2016_ws,Men's 10m Platform Final,Final,17 APR 2016,single,1-6,Judge 7,J7,RUIZ PEDREGUERA Rolando
FINA/NVC Diving World Series 2016 - Windsor (CAN),windsor_2016_ws,Women's 3m Springboard Semifinal A,Semifinal,17 APR 2016,single,1-6,Judge 1,J1,MORNEAU Helene
FINA/NVC Diving World Series 2016 - Windsor (CAN),windsor_2016_ws,Women's 3m Springboard Semifinal A,Semifinal,17 APR 2016,single,1-6,Judge 2,J2,RUIZ PEDREGUERA Rolando
FINA/NVC Diving World Series 2016 - Windsor (CAN),windsor_2016_ws,Women's 3m Springboard Semifinal A,Semifinal,17 APR 2016,single,1-6,Judge 3,J3,MIN Suck Hong
FINA/NVC Diving World Series 2016 - Windsor (CAN),windsor_2016_ws,Women's 3m Springboard Semifinal A,Semifinal,17 APR 2016,single,1-6,Judge 4,J4,BARBOSA Ana Virginia
FINA/NVC Diving World Series 2016 - Windsor (CAN),windsor_2016_ws,Women's 3m Springboard Semifinal A,Semifinal,17 APR 2016,single,1-6,Judge 5,J5,BROOKER Gilian
FINA/NVC Diving World Series 2016 - Windsor (CAN),windsor_2016_ws,Women's 3m Springboard Semifinal A,Semifinal,17 APR 2016,single,1-6,Judge 6,J6,FABER Marc
FINA/NVC Diving World Series 2016 - Windsor (CAN),windsor_2016_ws,Women's 3m Springboard Semifinal A,Semifinal,17 APR 2016,single,1-6,Judge 7,J7,AXTELIUS Peter
FINA/NVC Diving World Series 2016 - Windsor (CAN),windsor_2016_ws,Women's 3m Springboard Semifinal B,Semifinal,17 APR 2016,single,1-6,Judge 1,J1,MORNEAU Helene
FINA/NVC Diving World Series 2016 - Windsor (CAN),windsor_2016_ws,Women's 3m Springboard Semifinal B,Semifinal,17 APR 2016,single,1-6,Judge 2,J2,RUIZ PEDREGUERA Rolando
FINA/NVC Diving World Series 2016 - Windsor (CAN),windsor_2016_ws,Women's 3m Springboard Semifinal B,Semifinal,17 APR 2016,single,1-6,Judge 3,J3,MIN Suck Hong
FINA/NVC Diving World Series 2016 - Windsor (CAN),windsor_2016_ws,Women's 3m Springboard Semifinal B,Semifinal,17 APR 2016,single,1-6,Judge 4,J4,BARBOSA Ana Virginia
FINA/NVC Diving World Series 2016 - Windsor (CAN),windsor_2016_ws,Women's 3m Springboard Semifinal B,Semifinal,17 APR 2016,single,1-6,Judge 5,J5,BROOKER Gilian
FINA/NVC Diving World Series 2016 - Windsor (CAN),windsor_2016_ws,Women's 3m Springboard Semifinal B,Semifinal,17 APR 2016,single,1-6,Judge 6,J6,FABER Marc
FINA/NVC Diving World Series 2016 - Windsor (CAN),windsor_2016_ws,Women's 3m Springboard Semifinal B,Semifinal,17 APR 2016,single,1-6,Judge 7,J7,AXTELIUS Peter
FINA/NVC Diving World Series 2016 - Windsor (CAN),windsor_2016_ws,Women's 3m Springboard Final,Final,17 APR 2016,single,1-6,Judge 1,J1,BROOKER Gilian
FINA/NVC Diving World Series 2016 - Windsor (CAN),windsor_2016_ws,Women's 3m Springboard Final,Final,17 APR 2016,single,1-6,Judge 2,J2,AXTELIUS Peter
FINA/NVC Diving World Series 2016 - Windsor (CAN),windsor_2016_ws,Women's 3m Springboard Final,Final,17 APR 2016,single,1-6,Judge 3,J3,RUIZ PEDREGUERA Rolando
FINA/NVC Diving World Series 2016 - Windsor (CAN),windsor_2016_ws,Women's 3m Springboard Final,Final,17 APR 2016,single,1-6,Judge 4,J4,FABER Marc
FINA/NVC Diving World Series 2016 - Windsor (CAN),windsor_2016_ws,Women's 3m Springboard Final,Final,17 APR 2016,single,1-6,Judge 5,J5,MORNEAU Helene
FINA/NVC Diving World Series 2016 - Windsor (CAN),windsor_2016_ws,Women's 3m Springboard Final,Final,17 APR 2016,single,1-6,Judge 6,J6,MIN Suck Hong
FINA/NVC Diving World Series 2016 - Windsor (CAN),windsor_2016_ws,Women's 3m Springboard Final,Final,17 APR 2016,single,1-6,Judge 7,J7,BARBOSA Ana Virginia
FINA/NVC Diving World Series 2016 - Windsor (CAN),windsor_2016_ws,Women's 10m Platform Semifinal A,Semifinal,16 APR 2016,single,1-6,Judge 1,J1,AXTELIUS Peter
FINA/NVC Diving World Series 2016 - Windsor (CAN),windsor_2016_ws,Women's 10m Platform Semifinal A,Semifinal,16 APR 2016,single,1-6,Judge 2,J2,BUSH-DAUPHINAIS Barb
FINA/NVC Diving World Series 2016 - Windsor (CAN),windsor_2016_ws,Women's 10m Platform Semifinal A,Semifinal,16 APR 2016,single,1-6,Judge 3,J3,BARBOSA Ana Virginia
FINA/NVC Diving World Series 2016 - Windsor (CAN),windsor_2016_ws,Women's 10m Platform Semifinal A,Semifinal,16 APR 2016,single,1-6,Judge 4,J4,FABER Marc
FINA/NVC Diving World Series 2016 - Windsor (CAN),windsor_2016_ws,Women's 10m Platform Semifinal A,Semifinal,16 APR 2016,single,1-6,Judge 5,J5,HUFFMAN Coleen
FINA/NVC Diving World Series 2016 - Windsor (CAN),windsor_2016_ws,Women's 10m Platform Semifinal A,Semifinal,16 APR 2016,single,1-6,Judge 6,J6,RUIZ PEDREGUERA Rolando
FINA/NVC Diving World Series 2016 - Windsor (CAN),windsor_2016_ws,Women's 10m Platform Semifinal A,Semifinal,16 APR 2016,single,1-6,Judge 7,J7,MIN Suck Hong
FINA/NVC Diving World Series 2016 - Windsor (CAN),windsor_2016_ws,Women's 10m Platform Semifinal B,Semifinal,16 APR 2016,single,1-6,Judge 1,J1,AXTELIUS Peter
FINA/NVC Diving World Series 2016 - Windsor (CAN),windsor_2016_ws,Women's 10m Platform Semifinal B,Semifinal,16 APR 2016,single,1-6,Judge 2,J2,BUSH-DAUPHINAIS Barb
FINA/NVC Diving World Series 2016 - Windsor (CAN),windsor_2016_ws,Women's 10m Platform Semifinal B,Semifinal,16 APR 2016,single,1-6,Judge 3,J3,BARBOSA Ana Virginia
FINA/NVC Diving World Series 2016 - Windsor (CAN),windsor_2016_ws,Women's 10m Platform Semifinal B,Semifinal,16 APR 2016,single,1-6,Judge 4,J4,FABER Marc
FINA/NVC Diving World Series 2016 - Windsor (CAN),windsor_2016_ws,Women's 10m Platform Semifinal B,Semifinal,16 APR 2016,single,1-6,Judge 5,J5,HUFFMAN Coleen
FINA/NVC Diving World Series 2016 - Windsor (CAN),windsor_2016_ws,Women's 10m Platform Semifinal B,Semifinal,16 APR 2016,single,1-6,Judge 6,J6,RUIZ PEDREGUERA Rolando
FINA/NVC Diving World Series 2016 - Windsor (CAN),windsor_2016_ws,Women's 10m Platform Semifinal B,Semifinal,16 APR 2016,single,1-6,Judge 7,J7,MIN Suck Hong
FINA/NVC Diving World Series 2016 - Windsor (CAN),windsor_2016_ws,Women's 10m Platform Final,Final,16 APR 2016,single,1-6,Judge 1,J1,MIN Suck Hong
FINA/NVC Diving World Series 2016 - Windsor (CAN),windsor_2016_ws,Women's 10m Platform Final,Final,16 APR 2016,single,1-6,Judge 2,J2,BARBOSA Ana Virginia
FINA/NVC Diving World Series 2016 - Windsor (CAN),windsor_2016_ws,Women's 10m Platform Final,Final,16 APR 2016,single,1-6,Judge 3,J3,HUFFMAN Coleen
FINA/NVC Diving World Series 2016 - Windsor (CAN),windsor_2016_ws,Women's 10m Platform Final,Final,16 APR 2016,single,1-6,Judge 4,J4,RUIZ PEDREGUERA Rolando
FINA/NVC Diving World Series 2016 - Windsor (CAN),windsor_2016_ws,Women's 10m Platform Final,Final,16 APR 2016,single,1-6,Judge 5,J5,AXTELIUS Peter
FINA/NVC Diving World Series 2016 - Windsor (CAN),windsor_2016_ws,Women's 10m Platform Final,Final,16 APR 2016,single,1-6,Judge 6,J6,BUSH-DAUPHINAIS Barb
FINA/NVC Diving World Series 2016 - Windsor (CAN),windsor_2016_ws,Women's 10m Platform Final,Final,16 APR 2016,single,1-6,Judge 7,J7,FABER Marc
FINA/NVC Diving World Series 2016 Kazan (RUS),kazan_2016_ws,Men's 3m Springboard Semifinal A,Semifinal,23 APR 2016,single,1-6,Judge 1,J1,NOVOTNA Hana
FINA/NVC Diving World Series 2016 Kazan (RUS),kazan_2016_ws,Men's 3m Springboard Semifinal A,Semifinal,23 APR 2016,single,1-6,Judge 2,J2,PETERSON Gordon
FINA/NVC Diving World Series 2016 Kazan (RUS),kazan_2016_ws,Men's 3m Springboard Semifinal A,Semifinal,23 APR 2016,single,1-6,Judge 3,J3,TCIVINSKII Alexander
FINA/NVC Diving World Series 2016 Kazan (RUS),kazan_2016_ws,Men's 3m Springboard Semifinal A,Semifinal,23 APR 2016,single,1-6,Judge 4,J4,PEREZ CANASVERAS Angel Luis
FINA/NVC Diving World Series 2016 Kazan (RUS),kazan_2016_ws,Men's 3m Springboard Semifinal A,Semifinal,23 APR 2016,single,1-6,Judge 5,J5,ZAMPIERI Marco
FINA/NVC Diving World Series 2016 Kazan (RUS),kazan_2016_ws,Men's 3m Springboard Semifinal A,Semifinal,23 APR 2016,single,1-6,Judge 6,J6,KRYNICKI Bartlomiej
FINA/NVC Diving World Series 2016 Kazan (RUS),kazan_2016_ws,Men's 3m Springboard Semifinal A,Semifinal,23 APR 2016,single,1-6,Judge 7,J7,CALDERON Felix
FINA/NVC Diving World Series 2016 Kazan (RUS),kazan_2016_ws,Men's 3m Springboard Semifinal B,Semifinal,23 APR 2016,single,1-6,Judge 1,J1,NOVOTNA Hana
FINA/NVC Diving World Series 2016 Kazan (RUS),kazan_2016_ws,Men's 3m Springboard Semifinal B,Semifinal,23 APR 2016,single,1-6,Judge 2,J2,PETERSON Gordon
FINA/NVC Diving World Series 2016 Kazan (RUS),kazan_2016_ws,Men's 3m Springboard Semifinal B,Semifinal,23 APR 2016,single,1-6,Judge 3,J3,TCIVINSKII Alexander
FINA/NVC Diving World Series 2016 Kazan (RUS),kazan_2016_ws,Men's 3m Springboard Semifinal B,Semifinal,23 APR 2016,single,1-6,Judge 4,J4,PEREZ CANASVERAS Angel Luis
FINA/NVC Diving World Series 2016 Kazan (RUS),kazan_2016_ws,Men's 3m Springboard Semifinal B,Semifinal,23 APR 2016,single,1-6,Judge 5,J5,ZAMPIERI Marco
FINA/NVC Diving World Series 2016 Kazan (RUS),kazan_2016_ws,Men's 3m Springboard Semifinal B,Semifinal,23 APR 2016,single,1-6,Judge 6,J6,KRYNICKI Bartlomiej
FINA/NVC Diving World Series 2016 Kazan (RUS),kazan_2016_ws,Men's 3m Springboard Semifinal B,Semifinal,23 APR 2016,single,1-6,Judge 7,J7,CALDERON Felix
FINA/NVC Diving World Series 2016 Kazan (RUS),kazan_2016_ws,Men's 3m Springboard Final,Final,23 APR 2016,single,1-6,Judge 1,J1,KRYNICKI Bartlomiej
FINA/NVC Diving World Series 2016 Kazan (RUS),kazan_2016_ws,Men's 3m Springboard Final,Final,23 APR 2016,single,1-6,Judge 2,J2,PEREZ CANASVERAS Angel Luis
FINA/NVC Diving World Series 2016 Kazan (RUS),kazan_2016_ws,Men's 3m Springboard Final,Final,23 APR 2016,single,1-6,Judge 3,J3,ZAMPIERI Marco
FINA/NVC Diving World Series 2016 Kazan (RUS),kazan_2016_ws,Men's 3m Springboard Final,Final,23 APR 2016,single,1-6,Judge 4,J4,NOVOTNA Hana
FINA/NVC Diving World Series 2016 Kazan (RUS),kazan_2016_ws,Men's 3m Springboard Final,Final,23 APR 2016,single,1-6,Judge 5,J5,CALDERON Felix
FINA/NVC Diving World Series 2016 Kazan (RUS),kazan_2016_ws,Men's 3m Springboard Final,Final,23 APR 2016,single,1-6,Judge 6,J6,PETERSON Gordon
FINA/NVC Diving World Series 2016 Kazan (RUS),kazan_2016_ws,Men's 3m Springboard Final,Final,23 APR 2016,single,1-6,Judge 7,J7,TCIVINSKII Alexander
FINA/NVC Diving World Series 2016 Kazan (RUS),kazan_2016_ws,Women's 3m Springboard Semifinal A,Semifinal,24 APR 2016,single,1-6,Judge 1,J1,TCIVINSKII Alexander
FINA/NVC Diving World Series 2016 Kazan (RUS),kazan_2016_ws,Women's 3m Springboard Semifinal A,Semifinal,24 APR 2016,single,1-6,Judge 2,J2,ZAMPIERI Marco
FINA/NVC Diving World Series 2016 Kazan (RUS),kazan_2016_ws,Women's 3m Springboard Semifinal A,Semifinal,24 APR 2016,single,1-6,Judge 3,J3,KRYNICKI Bartlomiej
FINA/NVC Diving World Series 2016 Kazan (RUS),kazan_2016_ws,Women's 3m Springboard Semifinal A,Semifinal,24 APR 2016,single,1-6,Judge 4,J4,CALDERON Felix
FINA/NVC Diving World Series 2016 Kazan (RUS),kazan_2016_ws,Women's 3m Springboard Semifinal A,Semifinal,24 APR 2016,single,1-6,Judge 5,J5,PETERSON Gordon
FINA/NVC Diving World Series 2016 Kazan (RUS),kazan_2016_ws,Women's 3m Springboard Semifinal A,Semifinal,24 APR 2016,single,1-6,Judge 6,J6,LEE William
FINA/NVC Diving World Series 2016 Kazan (RUS),kazan_2016_ws,Women's 3m Springboard Semifinal A,Semifinal,24 APR 2016,single,1-6,Judge 7,J7,PEREZ CANASVERAS Angel Luis
FINA/NVC Diving World Series 2016 Kazan (RUS),kazan_2016_ws,Women's 3m Springboard Semifinal B,Semifinal,24 APR 2016,single,1-6,Judge 1,J1,TCIVINSKII Alexander
FINA/NVC Diving World Series 2016 Kazan (RUS),kazan_2016_ws,Women's 3m Springboard Semifinal B,Semifinal,24 APR 2016,single,1-6,Judge 2,J2,ZAMPIERI Marco
FINA/NVC Diving World Series 2016 Kazan (RUS),kazan_2016_ws,Women's 3m Springboard Semifinal B,Semifinal,24 APR 2016,single,1-6,Judge 3,J3,KRYNICKI Bartlomiej
FINA/NVC Diving World Series 2016 Kazan (RUS),kazan_2016_ws,Women's 3m Springboard Semifinal B,Semifinal,24 APR 2016,single,1-6,Judge 4,J4,CALDERON Felix
FINA/NVC Diving World Series 2016 Kazan (RUS),kazan_2016_ws,Women's 3m Springboard Semifinal B,Semifinal,24 APR 2016,single,1-6,Judge 5,J5,PETERSON Gordon
FINA/NVC Diving World Series 2016 Kazan (RUS),kazan_2016_ws,Women's 3m Springboard Semifinal B,Semifinal,24 APR 2016,single,1-6,Judge 6,J6,LEE William
FINA/NVC Diving World Series 2016 Kazan (RUS),kazan_2016_ws,Women's 3m Springboard Semifinal B,Semifinal,24 APR 2016,single,1-6,Judge 7,J7,PEREZ CANASVERAS Angel Luis
FINA/NVC Diving World Series 2016 Kazan (RUS),kazan_2016_ws,Women's 3m Springboard Final,Final,24 APR 2016,single,1-6,Judge 1,J1,PETERSON Gordon
FINA/NVC Diving World Series 2016 Kazan (RUS),kazan_2016_ws,Women's 3m Springboard Final,Final,24 APR 2016,single,1-6,Judge 2,J2,PEREZ CANASVERAS Angel Luis
FINA/NVC Diving World Series 2016 Kazan (RUS),kazan_2016_ws,Women's 3m Springboard Final,Final,24 APR 2016,single,1-6,Judge 3,J3,ZAMPIERI Marco
FINA/NVC Diving World Series 2016 Kazan (RUS),kazan_2016_ws,Women's 3m Springboard Final,Final,24 APR 2016,single,1-6,Judge 4,J4,LEE William
FINA/NVC Diving World Series 2016 Kazan (RUS),kazan_2016_ws,Women's 3m Springboard Final,Final,24 APR 2016,single,1-6,Judge 5,J5,TCIVINSKII Alexander
FINA/NVC Diving World Series 2016 Kazan (RUS),kazan_2016_ws,Women's 3m Springboard Final,Final,24 APR 2016,single,1-6,Judge 6,J6,KRYNICKI Bartlomiej
FINA/NVC Diving World Series 2016 Kazan (RUS),kazan_2016_ws,Women's 3m Springboard Final,Final,24 APR 2016,single,1-6,Judge 7,J7,CALDERON Felix
FINA/NVC Diving World Series 2016 Kazan (RUS),kazan_2016_ws,Women's 10m Platform Semifinal A,Semifinal,23 APR 2016,single,1-6,Judge 1,J1,PEREZ CANASVERAS Angel Luis
FINA/NVC Diving World Series 2016 Kazan (RUS),kazan_2016_ws,Women's 10m Platform Semifinal A,Semifinal,23 APR 2016,single,1-6,Judge 2,J2,BEKETOV Andrei
FINA/NVC Diving World Series 2016 Kazan (RUS),kazan_2016_ws,Women's 10m Platform Semifinal A,Semifinal,23 APR 2016,single,1-6,Judge 3,J3,NOVOTNA Hana
FINA/NVC Diving World Series 2016 Kazan (RUS),kazan_2016_ws,Women's 10m Platform Semifinal A,Semifinal,23 APR 2016,single,1-6,Judge 4,J4,LEE William
FINA/NVC Diving World Series 2016 Kazan (RUS),kazan_2016_ws,Women's 10m Platform Semifinal A,Semifinal,23 APR 2016,single,1-6,Judge 5,J5,PETERSON Gordon
FINA/NVC Diving World Series 2016 Kazan (RUS),kazan_2016_ws,Women's 10m Platform Semifinal A,Semifinal,23 APR 2016,single,1-6,Judge 6,J6,ZAMPIERI Marco
FINA/NVC Diving World Series 2016 Kazan (RUS),kazan_2016_ws,Women's 10m Platform Semifinal A,Semifinal,23 APR 2016,single,1-6,Judge 7,J7,KRYNICKI Bartlomiej
FINA/NVC Diving World Series 2016 Kazan (RUS),kazan_2016_ws,Women's 10m Platform Semifinal B,Semifinal,23 APR 2016,single,1-6,Judge 1,J1,PEREZ CANASVERAS Angel Luis
FINA/NVC Diving World Series 2016 Kazan (RUS),kazan_2016_ws,Women's 10m Platform Semifinal B,Semifinal,23 APR 2016,single,1-6,Judge 2,J2,BEKETOV Andrei
FINA/NVC Diving World Series 2016 Kazan (RUS),kazan_2016_ws,Women's 10m Platform Semifinal B,Semifinal,23 APR 2016,single,1-6,Judge 3,J3,NOVOTNA Hana
FINA/NVC Diving World Series 2016 Kazan (RUS),kazan_2016_ws,Women's 10m Platform Semifinal B,Semifinal,23 APR 2016,single,1-6,Judge 4,J4,LEE William
FINA/NVC Diving World Series 2016 Kazan (RUS),kazan_2016_ws,Women's 10m Platform Semifinal B,Semifinal,23 APR 2016,single,1-6,Judge 5,J5,PETERSON Gordon
FINA/NVC Diving World Series 2016 Kazan (RUS),kazan_2016_ws,Women's 10m Platform Semifinal B,Semifinal,23 APR 2016,single,1-6,Judge 6,J6,ZAMPIERI Marco
FINA/NVC Diving World Series 2016 Kazan (RUS),kazan_2016_ws,Women's 10m Platform Semifinal B,Semifinal,23 APR 2016,single,1-6,Judge 7,J7,KRYNICKI Bartlomiej
FINA/NVC Diving World Series 2016 Kazan (RUS),kazan_2016_ws,Women's 10m Platform Final,Final,23 APR 2016,single,1-6,Judge 1,J1,KRYNICKI Bartlomiej
FINA/NVC Diving World Series 2016 Kazan (RUS),kazan_2016_ws,Women's 10m Platform Final,Final,23 APR 2016,single,1-6,Judge 2,J2,NOVOTNA Hana
FINA/NVC Diving World Series 2016 Kazan (RUS),kazan_2016_ws,Women's 10m Platform Final,Final,23 APR 2016,single,1-6,Judge 3,J3,PETERSON Gordon
FINA/NVC Diving World Series 2016 Kazan (RUS),kazan_2016_ws,Women's 10m Platform Final,Final,23 APR 2016,single,1-6,Judge 4,J4,ZAMPIERI Marco
FINA/NVC Diving World Series 2016 Kazan (RUS),kazan_2016_ws,Women's 10m Platform Final,Final,23 APR 2016,single,1-6,Judge 5,J5,PEREZ CANASVERAS Angel Luis
FINA/NVC Diving World Series 2016 Kazan (RUS),kazan_2016_ws,Women's 10m Platform Final,Final,23 APR 2016,single,1-6,Judge 6,J6,BEKETOV Andrei
FINA/NVC Diving World Series 2016 Kazan (RUS),kazan_2016_ws,Women's 10m Platform Final,Final,23 APR 2016,single,1-6,Judge 7,J7,LEE William
FINA/NVC Diving World Series 2017,kazan_2017_ws,Men's 3m Springboard Semifinal A,Semifinal,1 APR 2017,single,1-6,Judge 1,J1,LATIMER Simon
FINA/NVC Diving World Series 2017,kazan_2017_ws,Men's 3m Springboard Semifinal A,Semifinal,1 APR 2017,single,1-6,Judge 2,J2,VYAS Mayur
FINA/NVC Diving World Series 2017,kazan_2017_ws,Men's 3m Springboard Semifinal A,Semifinal,1 APR 2017,single,1-6,Judge 3,J3,AXTELIUS Peter
FINA/NVC Diving World Series 2017,kazan_2017_ws,Men's 3m Springboard Semifinal A,Semifinal,1 APR 2017,single,1-6,Judge 4,J4,HUFFMAN Colleen
FINA/NVC Diving World Series 2017,kazan_2017_ws,Men's 3m Springboard Semifinal A,Semifinal,1 APR 2017,single,1-6,Judge 5,J5,TCIVINSKII Alexander
FINA/NVC Diving World Series 2017,kazan_2017_ws,Men's 3m Springboard Semifinal A,Semifinal,1 APR 2017,single,1-6,Judge 6,J6,GILDEMEISTER Peter
FINA/NVC Diving World Series 2017,kazan_2017_ws,Men's 3m Springboard Semifinal A,Semifinal,1 APR 2017,single,1-6,Judge 7,J7,ALVARADO Ulises
FINA/NVC Diving World Series 2017,kazan_2017_ws,Men's 3m Springboard Semifinal B,Semifinal,1 APR 2017,single,1-6,Judge 1,J1,LATIMER Simon
FINA/NVC Diving World Series 2017,kazan_2017_ws,Men's 3m Springboard Semifinal B,Semifinal,1 APR 2017,single,1-6,Judge 2,J2,VYAS Mayur
FINA/NVC Diving World Series 2017,kazan_2017_ws,Men's 3m Springboard Semifinal B,Semifinal,1 APR 2017,single,1-6,Judge 3,J3,AXTELIUS Peter
FINA/NVC Diving World Series 2017,kazan_2017_ws,Men's 3m Springboard Semifinal B,Semifinal,1 APR 2017,single,1-6,Judge 4,J4,HUFFMAN Colleen
FINA/NVC Diving World Series 2017,kazan_2017_ws,Men's 3m Springboard Semifinal B,Semifinal,1 APR 2017,single,1-6,Judge 5,J5,TCIVINSKII Alexander
FINA/NVC Diving World Series 2017,kazan_2017_ws,Men's 3m Springboard Semifinal B,Semifinal,1 APR 2017,single,1-6,Judge 6,J6,GILDEMEISTER Peter
FINA/NVC Diving World Series 2017,kazan_2017_ws,Men's 3m Springboard Semifinal B,Semifinal,1 APR 2017,single,1-6,Judge 7,J7,ALVARADO Ulises
FINA/NVC Diving World Series 2017,kazan_2017_ws,Men's 3m Springboard Final,Final,1 APR 2017,single,1-6,Judge 1,J1,ALVARADO Ulises
FINA/NVC Diving World Series 2017,kazan_2017_ws,Men's 3m Springboard Final,Final,1 APR 2017,single,1-6,Judge 2,J2,HUFFMAN Colleen
FINA/NVC Diving World Series 2017,kazan_2017_ws,Men's 3m Springboard Final,Final,1 APR 2017,single,1-6,Judge 3,J3,LATIMER Simon
FINA/NVC Diving World Series 2017,kazan_2017_ws,Men's 3m Springboard Final,Final,1 APR 2017,single,1-6,Judge 4,J4,AXTELIUS Peter
FINA/NVC Diving World Series 2017,kazan_2017_ws,Men's 3m Springboard Final,Final,1 APR 2017,single,1-6,Judge 5,J5,GILDEMEISTER Peter
FINA/NVC Diving World Series 2017,kazan_2017_ws,Men's 3m Springboard Final,Final,1 APR 2017,single,1-6,Judge 6,J6,VYAS Mayur
FINA/NVC Diving World Series 2017,kazan_2017_ws,Men's 3m Springboard Final,Final,1 APR 2017,single,1-6,Judge 7,J7,TCIVINSKII Alexander
FINA/NVC Diving World Series 2017,kazan_2017_ws,Men's 10m Platform Semifinal A,Semifinal,2 APR 2017,single,1-6,Judge 1,J1,AXTELIUS Peter
FINA/NVC Diving World Series 2017,kazan_2017_ws,Men's 10m Platform Semifinal A,Semifinal,2 APR 2017,single,1-6,Judge 2,J2,VYAS Mayur
FINA/NVC Diving World Series 2017,kazan_2017_ws,Men's 10m Platform Semifinal A,Semifinal,2 APR 2017,single,1-6,Judge 3,J3,GILDEMEISTER Peter
FINA/NVC Diving World Series 2017,kazan_2017_ws,Men's 10m Platform Semifinal A,Semifinal,2 APR 2017,single,1-6,Judge 4,J4,HUFFMAN Colleen
FINA/NVC Diving World Series 2017,kazan_2017_ws,Men's 10m Platform Semifinal A,Semifinal,2 APR 2017,single,1-6,Judge 5,J5,VAN DER VOORT Ronald
FINA/NVC Diving World Series 2017,kazan_2017_ws,Men's 10m Platform Semifinal A,Semifinal,2 APR 2017,single,1-6,Judge 6,J6,ITO Masaaki
FINA/NVC Diving World Series 2017,kazan_2017_ws,Men's 10m Platform Semifinal A,Semifinal,2 APR 2017,single,1-6,Judge 7,J7,TCIVINSKII Alexander
FINA/NVC Diving World Series 2017,kazan_2017_ws,Men's 10m Platform Semifinal B,Semifinal,2 APR 2017,single,1-6,Judge 1,J1,AXTELIUS Peter
FINA/NVC Diving World Series 2017,kazan_2017_ws,Men's 10m Platform Semifinal B,Semifinal,2 APR 2017,single,1-6,Judge 2,J2,VYAS Mayur
FINA/NVC Diving World Series 2017,kazan_2017_ws,Men's 10m Platform Semifinal B,Semifinal,2 APR 2017,single,1-6,Judge 3,J3,GILDEMEISTER Peter
FINA/NVC Diving World Series 2017,kazan_2017_ws,Men's 10m Platform Semifinal B,Semifinal,2 APR 2017,single,1-6,Judge 4,J4,HUFFMAN Colleen
FINA/NVC Diving World Series 2017,kazan_2017_ws,Men's 10m Platform Semifinal B,Semifinal,2 APR 2017,single,1-6,Judge 5,J5,VAN DER VOORT Ronald
FINA/NVC Diving World Series 2017,kazan_2017_ws,Men's 10m Platform Semifinal B,Semifinal,2 APR 2017,single,1-6,Judge 6,J6,ITO Masaaki
FINA/NVC Diving World Series 2017,kazan_2017_ws,Men's 10m Platform Semifinal B,Semifinal,2 APR 2017,single,1-6,Judge 7,J7,TCIVINSKII Alexander
FINA/NVC Diving World Series 2017,kazan_2017_ws,Men's 10m Platform Final,Final,2 APR 2017,single,1-6,Judge 1,J1,VYAS Mayur
FINA/NVC Diving World Series 2017,kazan_2017_ws,Men's 10m Platform Final,Final,2 APR 2017,single,1-6,Judge 2,J2,GILDEMEISTER Peter
FINA/NVC Diving World Series 2017,kazan_2017_ws,Men's 10m Platform Final,Final,2 APR 2017,single,1-6,Judge 3,J3,ITO Masaaki
FINA/NVC Diving World Series 2017,kazan_2017_ws,Men's 10m Platform Final,Final,2 APR 2017,single,1-6,Judge 4,J4,VAN DER VOORT Ronald
FINA/NVC Diving World Series 2017,kazan_2017_ws,Men's 10m Platform Final,Final,2 APR 2017,single,1-6,Judge 5,J5,TCIVINSKII Alexander
FINA/NVC Diving World Series 2017,kazan_2017_ws,Men's 10m Platform Final,Final,2 APR 2017,single,1-6,Judge 6,J6,HUFFMAN Colleen
FINA/NVC Diving World Series 2017,kazan_2017_ws,Men's 10m Platform Final,Final,2 APR 2017,single,1-6,Judge 7,J7,AXTELIUS Peter
FINA/NVC Diving World Series 2017,kazan_2017_ws,Women's 3m Springboard Semifinal A,Semifinal,2 APR 2017,single,1-6,Judge 1,J1,VYAS Mayur
FINA/NVC Diving World Series 2017,kazan_2017_ws,Women's 3m Springboard Semifinal A,Semifinal,2 APR 2017,single,1-6,Judge 2,J2,ALVARADO Ulises
FINA/NVC Diving World Series 2017,kazan_2017_ws,Women's 3m Springboard Semifinal A,Semifinal,2 APR 2017,single,1-6,Judge 3,J3,TCIVINSKII Alexander
FINA/NVC Diving World Series 2017,kazan_2017_ws,Women's 3m Springboard Semifinal A,Semifinal,2 APR 2017,single,1-6,Judge 4,J4,LATIMER Simon
FINA/NVC Diving World Series 2017,kazan_2017_ws,Women's 3m Springboard Semifinal A,Semifinal,2 APR 2017,single,1-6,Judge 5,J5,ITO Masaaki
FINA/NVC Diving World Series 2017,kazan_2017_ws,Women's 3m Springboard Semifinal A,Semifinal,2 APR 2017,single,1-6,Judge 6,J6,VAN DER VOORT Ronald
FINA/NVC Diving World Series 2017,kazan_2017_ws,Women's 3m Springboard Semifinal A,Semifinal,2 APR 2017,single,1-6,Judge 7,J7,HUFFMAN Colleen
FINA/NVC Diving World Series 2017,kazan_2017_ws,Women's 3m Springboard Semifinal B,Semifinal,2 APR 2017,single,1-6,Judge 1,J1,VYAS Mayur
FINA/NVC Diving World Series 2017,kazan_2017_ws,Women's 3m Springboard Semifinal B,Semifinal,2 APR 2017,single,1-6,Judge 2,J2,ALVARADO Ulises
FINA/NVC Diving World Series 2017,kazan_2017_ws,Women's 3m Springboard Semifinal B,Semifinal,2 APR 2017,single,1-6,Judge 3,J3,TCIVINSKII Alexander
FINA/NVC Diving World Series 2017,kazan_2017_ws,Women's 3m Springboard Semifinal B,Semifinal,2 APR 2017,single,1-6,Judge 4,J4,LATIMER Simon
FINA/NVC Diving World Series 2017,kazan_2017_ws,Women's 3m Springboard Semifinal B,Semifinal,2 APR 2017,single,1-6,Judge 5,J5,ITO Masaaki
FINA/NVC Diving World Series 2017,kazan_2017_ws,Women's 3m Springboard Semifinal B,Semifinal,2 APR 2017,single,1-6,Judge 6,J6,VAN DER VOORT Ronald
FINA/NVC Diving World Series 2017,kazan_2017_ws,Women's 3m Springboard Semifinal B,Semifinal,2 APR 2017,single,1-6,Judge 7,J7,HUFFMAN Colleen
FINA/NVC Diving World Series 2017,kazan_2017_ws,Women's 3m Springboard Final,Final,2 APR 2017,single,1-6,Judge 1,J1,HUFFMAN Colleen
FINA/NVC Diving World Series 2017,kazan_2017_ws,Women's 3m Springboard Final,Final,2 APR 2017,single,1-6,Judge 2,J2,VYAS Mayur
FINA/NVC Diving World Series 2017,kazan_2017_ws,Women's 3m Springboard Final,Final,2 APR 2017,single,1-6,Judge 3,J3,ITO Masaaki
FINA/NVC Diving World Series 2017,kazan_2017_ws,Women's 3m Springboard Final,Final,2 APR 2017,single,1-6,Judge 4,J4,VAN DER VOORT Ronald
FINA/NVC Diving World Series 2017,kazan_2017_ws,Women's 3m Springboard Final,Final,2 APR 2017,single,1-6,Judge 5,J5,TCIVINSKII Alexander
FINA/NVC Diving World Series 2017,kazan_2017_ws,Women's 3m Springboard Final,Final,2 APR 2017,single,1-6,Judge 6,J6,ALVARADO Ulises
FINA/NVC Diving World Series 2017,kazan_2017_ws,Women's 3m Springboard Final,Final,2 APR 2017,single,1-6,Judge 7,J7,LATIMER Simon
FINA/NVC Diving World Series 2017,kazan_2017_ws,Women's 10m Platform Semifinal A,Semifinal,1 APR 2017,single,1-6,Judge 1,J1,TCIVINSKII Alexander
FINA/NVC Diving World Series 2017,kazan_2017_ws,Women's 10m Platform Semifinal A,Semifinal,1 APR 2017,single,1-6,Judge 2,J2,GILDEMEISTER Peter
FINA/NVC Diving World Series 2017,kazan_2017_ws,Women's 10m Platform Semifinal A,Semifinal,1 APR 2017,single,1-6,Judge 3,J3,VAN DER VOORT Ronald
FINA/NVC Diving World Series 2017,kazan_2017_ws,Women's 10m Platform Semifinal A,Semifinal,1 APR 2017,single,1-6,Judge 4,J4,ALVARADO Ulises
FINA/NVC Diving World Series 2017,kazan_2017_ws,Women's 10m Platform Semifinal A,Semifinal,1 APR 2017,single,1-6,Judge 5,J5,ITO Masaaki
FINA/NVC Diving World Series 2017,kazan_2017_ws,Women's 10m Platform Semifinal A,Semifinal,1 APR 2017,single,1-6,Judge 6,J6,AXTELIUS Peter
FINA/NVC Diving World Series 2017,kazan_2017_ws,Women's 10m Platform Semifinal A,Semifinal,1 APR 2017,single,1-6,Judge 7,J7,LATIMER Simon
FINA/NVC Diving World Series 2017,kazan_2017_ws,Women's 10m Platform Semifinal B,Semifinal,1 APR 2017,single,1-6,Judge 1,J1,TCIVINSKII Alexander
FINA/NVC Diving World Series 2017,kazan_2017_ws,Women's 10m Platform Semifinal B,Semifinal,1 APR 2017,single,1-6,Judge 2,J2,GILDEMEISTER Peter
FINA/NVC Diving World Series 2017,kazan_2017_ws,Women's 10m Platform Semifinal B,Semifinal,1 APR 2017,single,1-6,Judge 3,J3,VAN DER VOORT Ronald
FINA/NVC Diving World Series 2017,kazan_2017_ws,Women's 10m Platform Semifinal B,Semifinal,1 APR 2017,single,1-6,Judge 4,J4,ALVARADO Ulises
FINA/NVC Diving World Series 2017,kazan_2017_ws,Women's 10m Platform Semifinal B,Semifinal,1 APR 2017,single,1-6,Judge 5,J5,ITO Masaaki
FINA/NVC Diving World Series 2017,kazan_2017_ws,Women's 10m Platform Semifinal B,Semifinal,1 APR 2017,single,1-6,Judge 6,J6,AXTELIUS Peter
FINA/NVC Diving World Series 2017,kazan_2017_ws,Women's 10m Platform Semifinal B,Semifinal,1 APR 2017,single,1-6,Judge 7,J7,LATIMER Simon
FINA/NVC Diving World Series 2017,kazan_2017_ws,Women's 10m Platform Final,Final,1 APR 2017,single,1-6,Judge 1,J1,ITO Masaaki
FINA/NVC Diving World Series 2017,kazan_2017_ws,Women's 10m Platform Final,Final,1 APR 2017,single,1-6,Judge 2,J2,VAN DER VOORT Ronald
FINA/NVC Diving World Series 2017,kazan_2017_ws,Women's 10m Platform Final,Final,1 APR 2017,single,1-6,Judge 3,J3,GILDEMEISTER Peter
FINA/NVC Diving World Series 2017,kazan_2017_ws,Women's 10m Platform Final,Final,1 APR 2017,single,1-6,Judge 4,J4,AXTELIUS Peter
FINA/NVC Diving World Series 2017,kazan_2017_ws,Women's 10m Platform Final,Final,1 APR 2017,single,1-6,Judge 5,J5,LATIMER Simon
FINA/NVC Diving World Series 2017,kazan_2017_ws,Women's 10m Platform Final,Final,1 APR 2017,single,1-6,Judge 6,J6,TCIVINSKII Alexander
FINA/NVC Diving World Series 2017,kazan_2017_ws,Women's 10m Platform Final,Final,1 APR 2017,single,1-6,Judge 7,J7,ALVARADO Ulises
FINA/NVC Diving World Series 2017,windsor_2017_ws,Men's 3m Springboard Semifinal A,Semifinal,22 APR 2017,single,1-6,Judge 1,J1,KOLIC Natasa
FINA/NVC Diving World Series 2017,windsor_2017_ws,Men's 3m Springboard Semifinal A,Semifinal,22 APR 2017,single,1-6,Judge 2,J2,HASSAN Mohamed
FINA/NVC Diving World Series 2017,windsor_2017_ws,Men's 3m Springboard Semifinal A,Semifinal,22 APR 2017,single,1-6,Judge 3,J3,RAO Lang
FINA/NVC Diving World Series 2017,windsor_2017_ws,Men's 3m Springboard Semifinal A,Semifinal,22 APR 2017,single,1-6,Judge 4,J4,RUIZ PEDREGUERA Rolando
FINA/NVC Diving World Series 2017,windsor_2017_ws,Men's 3m Springboard Semifinal A,Semifinal,22 APR 2017,single,1-6,Judge 5,J5,BUSH Barb
FINA/NVC Diving World Series 2017,windsor_2017_ws,Men's 3m Springboard Semifinal A,Semifinal,22 APR 2017,single,1-6,Judge 6,J6,KELEMEN VAN DE KONIJNENBURG Ildiko
FINA/NVC Diving World Series 2017,windsor_2017_ws,Men's 3m Springboard Semifinal A,Semifinal,22 APR 2017,single,1-6,Judge 7,J7,BARBOSA Ana Virgina
FINA/NVC Diving World Series 2017,windsor_2017_ws,Men's 3m Springboard Semifinal B,Semifinal,22 APR 2017,single,1-6,Judge 1,J1,KOLIC Natasa
FINA/NVC Diving World Series 2017,windsor_2017_ws,Men's 3m Springboard Semifinal B,Semifinal,22 APR 2017,single,1-6,Judge 2,J2,HASSAN Mohamed
FINA/NVC Diving World Series 2017,windsor_2017_ws,Men's 3m Springboard Semifinal B,Semifinal,22 APR 2017,single,1-6,Judge 3,J3,RAO Lang
FINA/NVC Diving World Series 2017,windsor_2017_ws,Men's 3m Springboard Semifinal B,Semifinal,22 APR 2017,single,1-6,Judge 4,J4,RUIZ PEDREGUERA Rolando
FINA/NVC Diving World Series 2017,windsor_2017_ws,Men's 3m Springboard Semifinal B,Semifinal,22 APR 2017,single,1-6,Judge 5,J5,BUSH Barb
FINA/NVC Diving World Series 2017,windsor_2017_ws,Men's 3m Springboard Semifinal B,Semifinal,22 APR 2017,single,1-6,Judge 6,J6,KELEMEN VAN DE KONIJNENBURG Ildiko
FINA/NVC Diving World Series 2017,windsor_2017_ws,Men's 3m Springboard Semifinal B,Semifinal,22 APR 2017,single,1-6,Judge 7,J7,BARBOSA Ana Virgina
FINA/NVC Diving World Series 2017,windsor_2017_ws,Men's 3m Springboard Final,Final,22 APR 2017,single,1-6,Judge 1,J1,BARBOSA Ana Virgina
FINA/NVC Diving World Series 2017,windsor_2017_ws,Men's 3m Springboard Final,Final,22 APR 2017,single,1-6,Judge 2,J2,RUIZ PEDREGUERA Rolando
FINA/NVC Diving World Series 2017,windsor_2017_ws,Men's 3m Springboard Final,Final,22 APR 2017,single,1-6,Judge 3,J3,KOLIC Natasa
FINA/NVC Diving World Series 2017,windsor_2017_ws,Men's 3m Springboard Final,Final,22 APR 2017,single,1-6,Judge 4,J4,RAO Lang
FINA/NVC Diving World Series 2017,windsor_2017_ws,Men's 3m Springboard Final,Final,22 APR 2017,single,1-6,Judge 5,J5,KELEMEN VAN DE KONIJNENBURG Ildiko
FINA/NVC Diving World Series 2017,windsor_2017_ws,Men's 3m Springboard Final,Final,22 APR 2017,single,1-6,Judge 6,J6,HASSAN Mohamed
FINA/NVC Diving World Series 2017,windsor_2017_ws,Men's 3m Springboard Final,Final,22 APR 2017,single,1-6,Judge 7,J7,MORNEAU Helene
FINA/NVC Diving World Series 2017,windsor_2017_ws,Men's 10m Platform Semifinal A,Semifinal,23 APR 2017,single,1-6,Judge 1,J1,RAO Lang
FINA/NVC Diving World Series 2017,windsor_2017_ws,Men's 10m Platform Semifinal A,Semifinal,23 APR 2017,single,1-6,Judge 2,J2,HASSAN Mohamed
FINA/NVC Diving World Series 2017,windsor_2017_ws,Men's 10m Platform Semifinal A,Semifinal,23 APR 2017,single,1-6,Judge 3,J3,BARBOSA Ana Virgina
FINA/NVC Diving World Series 2017,windsor_2017_ws,Men's 10m Platform Semifinal A,Semifinal,23 APR 2017,single,1-6,Judge 4,J4,KOLIC Natasa
FINA/NVC Diving World Series 2017,windsor_2017_ws,Men's 10m Platform Semifinal A,Semifinal,23 APR 2017,single,1-6,Judge 5,J5,POLAZZO Valerio
FINA/NVC Diving World Series 2017,windsor_2017_ws,Men's 10m Platform Semifinal A,Semifinal,23 APR 2017,single,1-6,Judge 6,J6,AVASILOAE Florin
FINA/NVC Diving World Series 2017,windsor_2017_ws,Men's 10m Platform Semifinal A,Semifinal,23 APR 2017,single,1-6,Judge 7,J7,BUSH Barb
FINA/NVC Diving World Series 2017,windsor_2017_ws,Men's 10m Platform Semifinal B,Semifinal,23 APR 2017,single,1-6,Judge 1,J1,RAO Lang
FINA/NVC Diving World Series 2017,windsor_2017_ws,Men's 10m Platform Semifinal B,Semifinal,23 APR 2017,single,1-6,Judge 2,J2,HASSAN Mohamed
FINA/NVC Diving World Series 2017,windsor_2017_ws,Men's 10m Platform Semifinal B,Semifinal,23 APR 2017,single,1-6,Judge 3,J3,BARBOSA Ana Virgina
FINA/NVC Diving World Series 2017,windsor_2017_ws,Men's 10m Platform Semifinal B,Semifinal,23 APR 2017,single,1-6,Judge 4,J4,KOLIC Natasa
FINA/NVC Diving World Series 2017,windsor_2017_ws,Men's 10m Platform Semifinal B,Semifinal,23 APR 2017,single,1-6,Judge 5,J5,POLAZZO Valerio
FINA/NVC Diving World Series 2017,windsor_2017_ws,Men's 10m Platform Semifinal B,Semifinal,23 APR 2017,single,1-6,Judge 6,J6,AVASILOAE Florin
FINA/NVC Diving World Series 2017,windsor_2017_ws,Men's 10m Platform Semifinal B,Semifinal,23 APR 2017,single,1-6,Judge 7,J7,BUSH Barb
FINA/NVC Diving World Series 2017,windsor_2017_ws,Men's 10m Platform Final,Final,23 APR 2017,single,1-6,Judge 1,J1,HASSAN Mohamed
FINA/NVC Diving World Series 2017,windsor_2017_ws,Men's 10m Platform Final,Final,23 APR 2017,single,1-6,Judge 2,J2,BARBOSA Ana Virgina
FINA/NVC Diving World Series 2017,windsor_2017_ws,Men's 10m Platform Final,Final,23 APR 2017,single,1-6,Judge 3,J3,AVASILOAE Florin
FINA/NVC Diving World Series 2017,windsor_2017_ws,Men's 10m Platform Final,Final,23 APR 2017,single,1-6,Judge 4,J4,POLAZZO Valerio
FINA/NVC Diving World Series 2017,windsor_2017_ws,Men's 10m Platform Final,Final,23 APR 2017,single,1-6,Judge 5,J5,MORNEAU Helene
FINA/NVC Diving World Series 2017,windsor_2017_ws,Men's 10m Platform Final,Final,23 APR 2017,single,1-6,Judge 6,J6,KOLIC Natasa
FINA/NVC Diving World Series 2017,windsor_2017_ws,Men's 10m Platform Final,Final,23 APR 2017,single,1-6,Judge 7,J7,RAO Lang
FINA/NVC Diving World Series 2017,windsor_2017_ws,Women's 3m Springboard Semifinal A,Semifinal,23 APR 2017,single,1-6,Judge 1,J1,HASSAN Mohamed
FINA/NVC Diving World Series 2017,windsor_2017_ws,Women's 3m Springboard Semifinal A,Semifinal,23 APR 2017,single,1-6,Judge 2,J2,KELEMEN VAN DE KONIJNENBURG Ildiko
FINA/NVC Diving World Series 2017,windsor_2017_ws,Women's 3m Springboard Semifinal A,Semifinal,23 APR 2017,single,1-6,Judge 3,J3,MORNEAU Helene
FINA/NVC Diving World Series 2017,windsor_2017_ws,Women's 3m Springboard Semifinal A,Semifinal,23 APR 2017,single,1-6,Judge 4,J4,KOLIC Natasa
FINA/NVC Diving World Series 2017,windsor_2017_ws,Women's 3m Springboard Semifinal A,Semifinal,23 APR 2017,single,1-6,Judge 5,J5,AVASILOAE Florin
FINA/NVC Diving World Series 2017,windsor_2017_ws,Women's 3m Springboard Semifinal A,Semifinal,23 APR 2017,single,1-6,Judge 6,J6,POLAZZO Valerio
FINA/NVC Diving World Series 2017,windsor_2017_ws,Women's 3m Springboard Semifinal A,Semifinal,23 APR 2017,single,1-6,Judge 7,J7,RUIZ PEDREGUERA Rolando
FINA/NVC Diving World Series 2017,windsor_2017_ws,Women's 3m Springboard Semifinal B,Semifinal,23 APR 2017,single,1-6,Judge 1,J1,HASSAN Mohamed
FINA/NVC Diving World Series 2017,windsor_2017_ws,Women's 3m Springboard Semifinal B,Semifinal,23 APR 2017,single,1-6,Judge 2,J2,KELEMEN VAN DE KONIJNENBURG Ildiko
FINA/NVC Diving World Series 2017,windsor_2017_ws,Women's 3m Springboard Semifinal B,Semifinal,23 APR 2017,single,1-6,Judge 3,J3,MORNEAU Helene
FINA/NVC Diving World Series 2017,windsor_2017_ws,Women's 3m Springboard Semifinal B,Semifinal,23 APR 2017,single,1-6,Judge 4,J4,KOLIC Natasa
FINA/NVC Diving World Series 2017,windsor_2017_ws,Women's 3m Springboard Semifinal B,Semifinal,23 APR 2017,single,1-6,Judge 5,J5,AVASILOAE Florin
FINA/NVC Diving World Series 2017,windsor_2017_ws,Women's 3m Springboard Semifinal B,Semifinal,23 APR 2017,single,1-6,Judge 6,J6,POLAZZO Valerio
FINA/NVC Diving World Series 2017,windsor_2017_ws,Women's 3m Springboard Semifinal B,Semifinal,23 APR 2017,single,1-6,Judge 7,J7,RUIZ PEDREGUERA Rolando
FINA/NVC Diving World Series 2017,windsor_2017_ws,Women's 3m Springboard Final,Final,23 APR 2017,single,1-6,Judge 1,J1,RUIZ PEDREGUERA Rolando
FINA/NVC Diving World Series 2017,windsor_2017_ws,Women's 3m Springboard Final,Final,23 APR 2017,single,1-6,Judge 2,J2,HASSAN Mohamed
FINA/NVC Diving World Series 2017,windsor_2017_ws,Women's 3m Springboard Final,Final,23 APR 2017,single,1-6,Judge 3,J3,AVASILOAE Florin
FINA/NVC Diving World Series 2017,windsor_2017_ws,Women's 3m Springboard Final,Final,23 APR 2017,single,1-6,Judge 4,J4,POLAZZO Valerio
FINA/NVC Diving World Series 2017,windsor_2017_ws,Women's 3m Springboard Final,Final,23 APR 2017,single,1-6,Judge 5,J5,BUSH Barb
FINA/NVC Diving World Series 2017,windsor_2017_ws,Women's 3m Springboard Final,Final,23 APR 2017,single,1-6,Judge 6,J6,KELEMEN VAN DE KONIJNENBURG Ildiko
FINA/NVC Diving World Series 2017,windsor_2017_ws,Women's 3m Springboard Final,Final,23 APR 2017,single,1-6,Judge 7,J7,KOLIC Natasa
FINA/NVC Diving World Series 2017,windsor_2017_ws,Women's 10m Platform Semifinal A,Semifinal,22 APR 2017,single,1-6,Judge 1,J1,MORNEAU Helene
FINA/NVC Diving World Series 2017,windsor_2017_ws,Women's 10m Platform Semifinal A,Semifinal,22 APR 2017,single,1-6,Judge 2,J2,KELEMEN VAN DE KONIJNENBURG Ildiko
FINA/NVC Diving World Series 2017,windsor_2017_ws,Women's 10m Platform Semifinal A,Semifinal,22 APR 2017,single,1-6,Judge 3,J3,POLAZZO Valerio
FINA/NVC Diving World Series 2017,windsor_2017_ws,Women's 10m Platform Semifinal A,Semifinal,22 APR 2017,single,1-6,Judge 4,J4,BARBOSA Ana Virgina
FINA/NVC Diving World Series 2017,windsor_2017_ws,Women's 10m Platform Semifinal A,Semifinal,22 APR 2017,single,1-6,Judge 5,J5,AVASILOAE Florin
FINA/NVC Diving World Series 2017,windsor_2017_ws,Women's 10m Platform Semifinal A,Semifinal,22 APR 2017,single,1-6,Judge 6,J6,RAO Lang
FINA/NVC Diving World Series 2017,windsor_2017_ws,Women's 10m Platform Semifinal A,Semifinal,22 APR 2017,single,1-6,Judge 7,J7,RUIZ PEDREGUERA Rolando
FINA/NVC Diving World Series 2017,windsor_2017_ws,Women's 10m Platform Semifinal B,Semifinal,22 APR 2017,single,1-6,Judge 1,J1,MORNEAU Helene
FINA/NVC Diving World Series 2017,windsor_2017_ws,Women's 10m Platform Semifinal B,Semifinal,22 APR 2017,single,1-6,Judge 2,J2,KELEMEN VAN DE KONIJNENBURG Ildiko
FINA/NVC Diving World Series 2017,windsor_2017_ws,Women's 10m Platform Semifinal B,Semifinal,22 APR 2017,single,1-6,Judge 3,J3,POLAZZO Valerio
FINA/NVC Diving World Series 2017,windsor_2017_ws,Women's 10m Platform Semifinal B,Semifinal,22 APR 2017,single,1-6,Judge 4,J4,BARBOSA Ana Virgina
FINA/NVC Diving World Series 2017,windsor_2017_ws,Women's 10m Platform Semifinal B,Semifinal,22 APR 2017,single,1-6,Judge 5,J5,AVASILOAE Florin
FINA/NVC Diving World Series 2017,windsor_2017_ws,Women's 10m Platform Semifinal B,Semifinal,22 APR 2017,single,1-6,Judge 6,J6,RAO Lang
FINA/NVC Diving World Series 2017,windsor_2017_ws,Women's 10m Platform Semifinal B,Semifinal,22 APR 2017,single,1-6,Judge 7,J7,RUIZ PEDREGUERA Rolando
FINA/NVC Diving World Series 2017,windsor_2017_ws,Women's 10m Platform Final,Final,22 APR 2017,single,1-6,Judge 1,J1,AVASILOAE Florin
FINA/NVC Diving World Series 2017,windsor_2017_ws,Women's 10m Platform Final,Final,22 APR 2017,single,1-6,Judge 2,J2,POLAZZO Valerio
FINA/NVC Diving World Series 2017,windsor_2017_ws,Women's 10m Platform Final,Final,22 APR 2017,single,1-6,Judge 3,J3,KELEMEN VAN DE KONIJNENBURG Ildiko
FINA/NVC Diving World Series 2017,windsor_2017_ws,Women's 10m Platform Final,Final,22 APR 2017,single,1-6,Judge 4,J4,RAO Lang
FINA/NVC Diving World Series 2017,windsor_2017_ws,Women's 10m Platform Final,Final,22 APR 2017,single,1-6,Judge 5,J5,RUIZ PEDREGUERA Rolando
FINA/NVC Diving World Series 2017,windsor_2017_ws,Women's 10m Platform Final,Final,22 APR 2017,single,1-6,Judge 6,J6,BUSH Barb
FINA/NVC Diving World Series 2017,windsor_2017_ws,Women's 10m Platform Final,Final,22 APR 2017,single,1-6,Judge 7,J7,BARBOSA Ana Virginia
FINA/CNSG Diving World Series 2019 - Beijing (CHN),beijing_2019_ws,Men's 3m Springboard Semifinal A,Semifinal,8 MAR 2019,single,1-6,Judge 1,J1,BEKETOV Andrei
FINA/CNSG Diving World Series 2019 - Beijing (CHN),beijing_2019_ws,Men's 3m Springboard Semifinal A,Semifinal,8 MAR 2019,single,1-6,Judge 2,J2,WRIGHT Lisa
FINA/CNSG Diving World Series 2019 - Beijing (CHN),beijing_2019_ws,Men's 3m Springboard Semifinal A,Semifinal,8 MAR 2019,single,1-6,Judge 3,J3,VYAS Mayur
FINA/CNSG Diving World Series 2019 - Beijing (CHN),beijing_2019_ws,Men's 3m Springboard Semifinal A,Semifinal,8 MAR 2019,single,1-6,Judge 4,J4,van der VOORT Ronald
FINA/CNSG Diving World Series 2019 - Beijing (CHN),beijing_2019_ws,Men's 3m Springboard Semifinal A,Semifinal,8 MAR 2019,single,1-6,Judge 5,J5,BARBOSA Ana Virginia
FINA/CNSG Diving World Series 2019 - Beijing (CHN),beijing_2019_ws,Men's 3m Springboard Semifinal A,Semifinal,8 MAR 2019,single,1-6,Judge 6,J6,AVASILOAE Florin
FINA/CNSG Diving World Series 2019 - Beijing (CHN),beijing_2019_ws,Men's 3m Springboard Semifinal A,Semifinal,8 MAR 2019,single,1-6,Judge 7,J7,RAO Lang
FINA/CNSG Diving World Series 2019 - Beijing (CHN),beijing_2019_ws,Men's 3m Springboard Semifinal B,Semifinal,8 MAR 2019,single,1-6,Judge 1,J1,BEKETOV Andrei
FINA/CNSG Diving World Series 2019 - Beijing (CHN),beijing_2019_ws,Men's 3m Springboard Semifinal B,Semifinal,8 MAR 2019,single,1-6,Judge 2,J2,WRIGHT Lisa
FINA/CNSG Diving World Series 2019 - Beijing (CHN),beijing_2019_ws,Men's 3m Springboard Semifinal B,Semifinal,8 MAR 2019,single,1-6,Judge 3,J3,VYAS Mayur
FINA/CNSG Diving World Series 2019 - Beijing (CHN),beijing_2019_ws,Men's 3m Springboard Semifinal B,Semifinal,8 MAR 2019,single,1-6,Judge 4,J4,van der VOORT Ronald
FINA/CNSG Diving World Series 2019 - Beijing (CHN),beijing_2019_ws,Men's 3m Springboard Semifinal B,Semifinal,8 MAR 2019,single,1-6,Judge 5,J5,BARBOSA Ana Virginia
FINA/CNSG Diving World Series 2019 - Beijing (CHN),beijing_2019_ws,Men's 3m Springboard Semifinal B,Semifinal,8 MAR 2019,single,1-6,Judge 6,J6,AVASILOAE Florin
FINA/CNSG Diving World Series 2019 - Beijing (CHN),beijing_2019_ws,Men's 3m Springboard Semifinal B,Semifinal,8 MAR 2019,single,1-6,Judge 7,J7,RAO Lang
FINA/CNSG Diving World Series 2019 - Beijing (CHN),beijing_2019_ws,Men's 3m Springboard Final,Final,8 MAR 2019,single,1-6,Judge 1,J1,VYAS Mayur
FINA/CNSG Diving World Series 2019 - Beijing (CHN),beijing_2019_ws,Men's 3m Springboard Final,Final,8 MAR 2019,single,1-6,Judge 2,J2,van der VOORT Ronald
FINA/CNSG Diving World Series 2019 - Beijing (CHN),beijing_2019_ws,Men's 3m Springboard Final,Final,8 MAR 2019,single,1-6,Judge 3,J3,WU Ying-Tan
FINA/CNSG Diving World Series 2019 - Beijing (CHN),beijing_2019_ws,Men's 3m Springboard Final,Final,8 MAR 2019,single,1-6,Judge 4,J4,BARBOSA Ana Virginia
FINA/CNSG Diving World Series 2019 - Beijing (CHN),beijing_2019_ws,Men's 3m Springboard Final,Final,8 MAR 2019,single,1-6,Judge 5,J5,AVASILOAE Florin
FINA/CNSG Diving World Series 2019 - Beijing (CHN),beijing_2019_ws,Men's 3m Springboard Final,Final,8 MAR 2019,single,1-6,Judge 6,J6,WU Xiuren
FINA/CNSG Diving World Series 2019 - Beijing (CHN),beijing_2019_ws,Men's 3m Springboard Final,Final,8 MAR 2019,single,1-6,Judge 7,J7,BEKETOV Andrei
FINA/CNSG Diving World Series 2019 - Beijing (CHN),beijing_2019_ws,Women's 3m Springboard Semifinal A,Semifinal,8 MAR 2019,single,1-6,Judge 1,J1,WU Xiuren
FINA/CNSG Diving World Series 2019 - Beijing (CHN),beijing_2019_ws,Women's 3m Springboard Semifinal A,Semifinal,8 MAR 2019,single,1-6,Judge 2,J2,BARBOSA Ana Virginia
FINA/CNSG Diving World Series 2019 - Beijing (CHN),beijing_2019_ws,Women's 3m Springboard Semifinal A,Semifinal,8 MAR 2019,single,1-6,Judge 3,J3,WRIGHT Lisa
FINA/CNSG Diving World Series 2019 - Beijing (CHN),beijing_2019_ws,Women's 3m Springboard Semifinal A,Semifinal,8 MAR 2019,single,1-6,Judge 4,J4,WU Ying-Tan
FINA/CNSG Diving World Series 2019 - Beijing (CHN),beijing_2019_ws,Women's 3m Springboard Semifinal A,Semifinal,8 MAR 2019,single,1-6,Judge 5,J5,van der VOORT Ronald
FINA/CNSG Diving World Series 2019 - Beijing (CHN),beijing_2019_ws,Women's 3m Springboard Semifinal A,Semifinal,8 MAR 2019,single,1-6,Judge 6,J6,BEKETOV Andrei
FINA/CNSG Diving World Series 2019 - Beijing (CHN),beijing_2019_ws,Women's 3m Springboard Semifinal A,Semifinal,8 MAR 2019,single,1-6,Judge 7,J7,VYAS Mayur
FINA/CNSG Diving World Series 2019 - Beijing (CHN),beijing_2019_ws,Women's 3m Springboard Semifinal B,Semifinal,8 MAR 2019,single,1-6,Judge 1,J1,WU Xiuren
FINA/CNSG Diving World Series 2019 - Beijing (CHN),beijing_2019_ws,Women's 3m Springboard Semifinal B,Semifinal,8 MAR 2019,single,1-6,Judge 2,J2,BARBOSA Ana Virginia
FINA/CNSG Diving World Series 2019 - Beijing (CHN),beijing_2019_ws,Women's 3m Springboard Semifinal B,Semifinal,8 MAR 2019,single,1-6,Judge 3,J3,WRIGHT Lisa
FINA/CNSG Diving World Series 2019 - Beijing (CHN),beijing_2019_ws,Women's 3m Springboard Semifinal B,Semifinal,8 MAR 2019,single,1-6,Judge 4,J4,WU Ying-Tan
FINA/CNSG Diving World Series 2019 - Beijing (CHN),beijing_2019_ws,Women's 3m Springboard Semifinal B,Semifinal,8 MAR 2019,single,1-6,Judge 5,J5,van der VOORT Ronald
FINA/CNSG Diving World Series 2019 - Beijing (CHN),beijing_2019_ws,Women's 3m Springboard Semifinal B,Semifinal,8 MAR 2019,single,1-6,Judge 6,J6,BEKETOV Andrei
FINA/CNSG Diving World Series 2019 - Beijing (CHN),beijing_2019_ws,Women's 3m Springboard Semifinal B,Semifinal,8 MAR 2019,single,1-6,Judge 7,J7,VYAS Mayur
FINA/CNSG Diving World Series 2019 - Beijing (CHN),beijing_2019_ws,Women's 3m Springboard Final,Final,8 MAR 2019,single,1-6,Judge 1,J1,van der VOORT Ronald
FINA/CNSG Diving World Series 2019 - Beijing (CHN),beijing_2019_ws,Women's 3m Springboard Final,Final,8 MAR 2019,single,1-6,Judge 2,J2,RAO Lang
FINA/CNSG Diving World Series 2019 - Beijing (CHN),beijing_2019_ws,Women's 3m Springboard Final,Final,8 MAR 2019,single,1-6,Judge 3,J3,AVASILOAE Florin
FINA/CNSG Diving World Series 2019 - Beijing (CHN),beijing_2019_ws,Women's 3m Springboard Final,Final,8 MAR 2019,single,1-6,Judge 4,J4,WRIGHT Lisa
FINA/CNSG Diving World Series 2019 - Beijing (CHN),beijing_2019_ws,Women's 3m Springboard Final,Final,8 MAR 2019,single,1-6,Judge 5,J5,BARBOSA Ana Virginia
FINA/CNSG Diving World Series 2019 - Beijing (CHN),beijing_2019_ws,Women's 3m Springboard Final,Final,8 MAR 2019,single,1-6,Judge 6,J6,VYAS Mayur
FINA/CNSG Diving World Series 2019 - Beijing (CHN),beijing_2019_ws,Women's 3m Springboard Final,Final,8 MAR 2019,single,1-6,Judge 7,J7,WU Ying-Tan
FINA/CNSG Diving World Series 2019 - Beijing (CHN),beijing_2019_ws,Men's 10m Platform Semifinal A,Semifinal,9 MAR 2019,single,1-6,Judge 1,J1,RAO Lang
FINA/CNSG Diving World Series 2019 - Beijing (CHN),beijing_2019_ws,Men's 10m Platform Semifinal A,Semifinal,9 MAR 2019,single,1-6,Judge 2,J2,VYAS Mayur
FINA/CNSG Diving World Series 2019 - Beijing (CHN),beijing_2019_ws,Men's 10m Platform Semifinal A,Semifinal,9 MAR 2019,single,1-6,Judge 3,J3,WRIGHT Lisa
FINA/CNSG Diving World Series 2019 - Beijing (CHN),beijing_2019_ws,Men's 10m Platform Semifinal A,Semifinal,9 MAR 2019,single,1-6,Judge 4,J4,van der VOORT Ronald
FINA/CNSG Diving World Series 2019 - Beijing (CHN),beijing_2019_ws,Men's 10m Platform Semifinal A,Semifinal,9 MAR 2019,single,1-6,Judge 5,J5,BEKETOV Andrei
FINA/CNSG Diving World Series 2019 - Beijing (CHN),beijing_2019_ws,Men's 10m Platform Semifinal A,Semifinal,9 MAR 2019,single,1-6,Judge 6,J6,AVASILOAE Florin
FINA/CNSG Diving World Series 2019 - Beijing (CHN),beijing_2019_ws,Men's 10m Platform Semifinal A,Semifinal,9 MAR 2019,single,1-6,Judge 7,J7,WU Ying-Tan
FINA/CNSG Diving World Series 2019 - Beijing (CHN),beijing_2019_ws,Men's 10m Platform Semifinal B,Semifinal,9 MAR 2019,single,1-6,Judge 1,J1,RAO Lang
FINA/CNSG Diving World Series 2019 - Beijing (CHN),beijing_2019_ws,Men's 10m Platform Semifinal B,Semifinal,9 MAR 2019,single,1-6,Judge 2,J2,VYAS Mayur
FINA/CNSG Diving World Series 2019 - Beijing (CHN),beijing_2019_ws,Men's 10m Platform Semifinal B,Semifinal,9 MAR 2019,single,1-6,Judge 3,J3,WRIGHT Lisa
FINA/CNSG Diving World Series 2019 - Beijing (CHN),beijing_2019_ws,Men's 10m Platform Semifinal B,Semifinal,9 MAR 2019,single,1-6,Judge 4,J4,van der VOORT Ronald
FINA/CNSG Diving World Series 2019 - Beijing (CHN),beijing_2019_ws,Men's 10m Platform Semifinal B,Semifinal,9 MAR 2019,single,1-6,Judge 5,J5,BEKETOV Andrei
FINA/CNSG Diving World Series 2019 - Beijing (CHN),beijing_2019_ws,Men's 10m Platform Semifinal B,Semifinal,9 MAR 2019,single,1-6,Judge 6,J6,AVASILOAE Florin
FINA/CNSG Diving World Series 2019 - Beijing (CHN),beijing_2019_ws,Men's 10m Platform Semifinal B,Semifinal,9 MAR 2019,single,1-6,Judge 7,J7,WU Ying-Tan
FINA/CNSG Diving World Series 2019 - Beijing (CHN),beijing_2019_ws,Men's 10m Platform Final,Final,9 MAR 2019,single,1-6,Judge 1,J1,WRIGHT Lisa
FINA/CNSG Diving World Series 2019 - Beijing (CHN),beijing_2019_ws,Men's 10m Platform Final,Final,9 MAR 2019,single,1-6,Judge 2,J2,van der VOORT Ronald
FINA/CNSG Diving World Series 2019 - Beijing (CHN),beijing_2019_ws,Men's 10m Platform Final,Final,9 MAR 2019,single,1-6,Judge 3,J3,BEKETOV Andrei
FINA/CNSG Diving World Series 2019 - Beijing (CHN),beijing_2019_ws,Men's 10m Platform Final,Final,9 MAR 2019,single,1-6,Judge 4,J4,AVASILOAE Florin
FINA/CNSG Diving World Series 2019 - Beijing (CHN),beijing_2019_ws,Men's 10m Platform Final,Final,9 MAR 2019,single,1-6,Judge 5,J5,BARBOSA Ana Virginia
FINA/CNSG Diving World Series 2019 - Beijing (CHN),beijing_2019_ws,Men's 10m Platform Final,Final,9 MAR 2019,single,1-6,Judge 6,J6,VYAS Mayur
FINA/CNSG Diving World Series 2019 - Beijing (CHN),beijing_2019_ws,Men's 10m Platform Final,Final,9 MAR 2019,single,1-6,Judge 7,J7,WU Xiuren
FINA/CNSG Diving World Series 2019 - Beijing (CHN),beijing_2019_ws,Women's 10m Platform Semifinal A,Semifinal,9 MAR 2019,single,1-6,Judge 1,J1,WU Ying-Tan
FINA/CNSG Diving World Series 2019 - Beijing (CHN),beijing_2019_ws,Women's 10m Platform Semifinal A,Semifinal,9 MAR 2019,single,1-6,Judge 2,J2,van der VOORT Ronald
FINA/CNSG Diving World Series 2019 - Beijing (CHN),beijing_2019_ws,Women's 10m Platform Semifinal A,Semifinal,9 MAR 2019,single,1-6,Judge 3,J3,AVASILOAE Florin
FINA/CNSG Diving World Series 2019 - Beijing (CHN),beijing_2019_ws,Women's 10m Platform Semifinal A,Semifinal,9 MAR 2019,single,1-6,Judge 4,J4,BARBOSA Ana Virginia
FINA/CNSG Diving World Series 2019 - Beijing (CHN),beijing_2019_ws,Women's 10m Platform Semifinal A,Semifinal,9 MAR 2019,single,1-6,Judge 5,J5,WU Xiuren
FINA/CNSG Diving World Series 2019 - Beijing (CHN),beijing_2019_ws,Women's 10m Platform Semifinal A,Semifinal,9 MAR 2019,single,1-6,Judge 6,J6,WRIGHT Lisa
FINA/CNSG Diving World Series 2019 - Beijing (CHN),beijing_2019_ws,Women's 10m Platform Semifinal A,Semifinal,9 MAR 2019,single,1-6,Judge 7,J7,BEKETOV Andrei
FINA/CNSG Diving World Series 2019 - Beijing (CHN),beijing_2019_ws,Women's 10m Platform Semifinal B,Semifinal,9 MAR 2019,single,1-6,Judge 1,J1,WU Ying-Tan
FINA/CNSG Diving World Series 2019 - Beijing (CHN),beijing_2019_ws,Women's 10m Platform Semifinal B,Semifinal,9 MAR 2019,single,1-6,Judge 2,J2,van der VOORT Ronald
FINA/CNSG Diving World Series 2019 - Beijing (CHN),beijing_2019_ws,Women's 10m Platform Semifinal B,Semifinal,9 MAR 2019,single,1-6,Judge 3,J3,AVASILOAE Florin
FINA/CNSG Diving World Series 2019 - Beijing (CHN),beijing_2019_ws,Women's 10m Platform Semifinal B,Semifinal,9 MAR 2019,single,1-6,Judge 4,J4,BARBOSA Ana Virginia
FINA/CNSG Diving World Series 2019 - Beijing (CHN),beijing_2019_ws,Women's 10m Platform Semifinal B,Semifinal,9 MAR 2019,single,1-6,Judge 5,J5,WU Xiuren
FINA/CNSG Diving World Series 2019 - Beijing (CHN),beijing_2019_ws,Women's 10m Platform Semifinal B,Semifinal,9 MAR 2019,single,1-6,Judge 6,J6,WRIGHT Lisa
FINA/CNSG Diving World Series 2019 - Beijing (CHN),beijing_2019_ws,Women's 10m Platform Semifinal B,Semifinal,9 MAR 2019,single,1-6,Judge 7,J7,BEKETOV Andrei
FINA/CNSG Diving World Series 2019 - Beijing (CHN),beijing_2019_ws,Women's 10m Platform Final,Final,9 MAR 2019,single,1-6,Judge 1,J1,BARBOSA Ana Virginia
FINA/CNSG Diving World Series 2019 - Beijing (CHN),beijing_2019_ws,Women's 10m Platform Final,Final,9 MAR 2019,single,1-6,Judge 2,J2,AVASILOAE Florin
FINA/CNSG Diving World Series 2019 - Beijing (CHN),beijing_2019_ws,Women's 10m Platform Final,Final,9 MAR 2019,single,1-6,Judge 3,J3,BEKETOV Andrei
FINA/CNSG Diving World Series 2019 - Beijing (CHN),beijing_2019_ws,Women's 10m Platform Final,Final,9 MAR 2019,single,1-6,Judge 4,J4,WU Ying-Tan
FINA/CNSG Diving World Series 2019 - Beijing (CHN),beijing_2019_ws,Women's 10m Platform Final,Final,9 MAR 2019,single,1-6,Judge 5,J5,WRIGHT Lisa
FINA/CNSG Diving World Series 2019 - Beijing (CHN),beijing_2019_ws,Women's 10m Platform Final,Final,9 MAR 2019,single,1-6,Judge 6,J6,VYAS Mayur
FINA/CNSG Diving World Series 2019 - Beijing (CHN),beijing_2019_ws,Women's 10m Platform Final,Final,9 MAR 2019,single,1-6,Judge 7,J7,RAO Lang
FINA/CNSG Diving World Series 2019 - Kazan (RUS),kazan_2019_ws,Men's 3m Springboard Semifinal A,Semifinal,11 MAY 2019,single,1-6,Judge 1,J1,PEREZ CANASVERAS Angel Luis
FINA/CNSG Diving World Series 2019 - Kazan (RUS),kazan_2019_ws,Men's 3m Springboard Semifinal A,Semifinal,11 MAY 2019,single,1-6,Judge 2,J2,BEKETOV Andrei
FINA/CNSG Diving World Series 2019 - Kazan (RUS),kazan_2019_ws,Men's 3m Springboard Semifinal A,Semifinal,11 MAY 2019,single,1-6,Judge 3,J3,COSTA REIS Violeta
FINA/CNSG Diving World Series 2019 - Kazan (RUS),kazan_2019_ws,Men's 3m Springboard Semifinal A,Semifinal,11 MAY 2019,single,1-6,Judge 4,J4,MOLINA PALOMINO Alberto
FINA/CNSG Diving World Series 2019 - Kazan (RUS),kazan_2019_ws,Men's 3m Springboard Semifinal A,Semifinal,11 MAY 2019,single,1-6,Judge 5,J5,KOLIC Natasa
FINA/CNSG Diving World Series 2019 - Kazan (RUS),kazan_2019_ws,Men's 3m Springboard Semifinal A,Semifinal,11 MAY 2019,single,1-6,Judge 6,J6,KRYNICKI Bartlomiej
FINA/CNSG Diving World Series 2019 - Kazan (RUS),kazan_2019_ws,Men's 3m Springboard Semifinal A,Semifinal,11 MAY 2019,single,1-6,Judge 7,J7,GOLOVAN Anatoliy
FINA/CNSG Diving World Series 2019 - Kazan (RUS),kazan_2019_ws,Men's 3m Springboard Semifinal B,Semifinal,11 MAY 2019,single,1-6,Judge 1,J1,PEREZ CANASVERAS Angel Luis
FINA/CNSG Diving World Series 2019 - Kazan (RUS),kazan_2019_ws,Men's 3m Springboard Semifinal B,Semifinal,11 MAY 2019,single,1-6,Judge 2,J2,BEKETOV Andrei
FINA/CNSG Diving World Series 2019 - Kazan (RUS),kazan_2019_ws,Men's 3m Springboard Semifinal B,Semifinal,11 MAY 2019,single,1-6,Judge 3,J3,COSTA REIS Violeta
FINA/CNSG Diving World Series 2019 - Kazan (RUS),kazan_2019_ws,Men's 3m Springboard Semifinal B,Semifinal,11 MAY 2019,single,1-6,Judge 4,J4,MOLINA PALOMINO Alberto
FINA/CNSG Diving World Series 2019 - Kazan (RUS),kazan_2019_ws,Men's 3m Springboard Semifinal B,Semifinal,11 MAY 2019,single,1-6,Judge 5,J5,KOLIC Natasa
FINA/CNSG Diving World Series 2019 - Kazan (RUS),kazan_2019_ws,Men's 3m Springboard Semifinal B,Semifinal,11 MAY 2019,single,1-6,Judge 6,J6,KRYNICKI Bartlomiej
FINA/CNSG Diving World Series 2019 - Kazan (RUS),kazan_2019_ws,Men's 3m Springboard Semifinal B,Semifinal,11 MAY 2019,single,1-6,Judge 7,J7,GOLOVAN Anatoliy
FINA/CNSG Diving World Series 2019 - Kazan (RUS),kazan_2019_ws,Men's 3m Springboard Final,Final,11 MAY 2019,single,1-6,Judge 1,J1,KOLIC Natasa
FINA/CNSG Diving World Series 2019 - Kazan (RUS),kazan_2019_ws,Men's 3m Springboard Final,Final,11 MAY 2019,single,1-6,Judge 2,J2,KIM Chun Ok
FINA/CNSG Diving World Series 2019 - Kazan (RUS),kazan_2019_ws,Men's 3m Springboard Final,Final,11 MAY 2019,single,1-6,Judge 3,J3,BEKETOV Andrei
FINA/CNSG Diving World Series 2019 - Kazan (RUS),kazan_2019_ws,Men's 3m Springboard Final,Final,11 MAY 2019,single,1-6,Judge 4,J4,HASSAN ABDELRAHMAN Mohamed
FINA/CNSG Diving World Series 2019 - Kazan (RUS),kazan_2019_ws,Men's 3m Springboard Final,Final,11 MAY 2019,single,1-6,Judge 5,J5,PEREZ CANASVERAS Angel Luis
FINA/CNSG Diving World Series 2019 - Kazan (RUS),kazan_2019_ws,Men's 3m Springboard Final,Final,11 MAY 2019,single,1-6,Judge 6,J6,MOLINA PALOMINO Alberto
FINA/CNSG Diving World Series 2019 - Kazan (RUS),kazan_2019_ws,Men's 3m Springboard Final,Final,11 MAY 2019,single,1-6,Judge 7,J7,GOLOVAN Anatoliy
FINA/CNSG Diving World Series 2019 - Kazan (RUS),kazan_2019_ws,Men's 10m Platform Semifinal A,Semifinal,12 MAY 2019,single,1-6,Judge 1,J1,COSTA REIS Violeta
FINA/CNSG Diving World Series 2019 - Kazan (RUS),kazan_2019_ws,Men's 10m Platform Semifinal A,Semifinal,12 MAY 2019,single,1-6,Judge 2,J2,KOLIC Natasa
FINA/CNSG Diving World Series 2019 - Kazan (RUS),kazan_2019_ws,Men's 10m Platform Semifinal A,Semifinal,12 MAY 2019,single,1-6,Judge 3,J3,HASSAN ABDELRAHMAN Mohamed
FINA/CNSG Diving World Series 2019 - Kazan (RUS),kazan_2019_ws,Men's 10m Platform Semifinal A,Semifinal,12 MAY 2019,single,1-6,Judge 4,J4,FEOKTISTOV Eduard
FINA/CNSG Diving World Series 2019 - Kazan (RUS),kazan_2019_ws,Men's 10m Platform Semifinal A,Semifinal,12 MAY 2019,single,1-6,Judge 5,J5,PEREZ CANASVERAS Angel Luis
FINA/CNSG Diving World Series 2019 - Kazan (RUS),kazan_2019_ws,Men's 10m Platform Semifinal A,Semifinal,12 MAY 2019,single,1-6,Judge 6,J6,GOLOVAN Anatoliy
FINA/CNSG Diving World Series 2019 - Kazan (RUS),kazan_2019_ws,Men's 10m Platform Semifinal A,Semifinal,12 MAY 2019,single,1-6,Judge 7,J7,MOLINA PALOMINO Alberto
FINA/CNSG Diving World Series 2019 - Kazan (RUS),kazan_2019_ws,Men's 10m Platform Semifinal B,Semifinal,12 MAY 2019,single,1-6,Judge 1,J1,COSTA REIS Violeta
FINA/CNSG Diving World Series 2019 - Kazan (RUS),kazan_2019_ws,Men's 10m Platform Semifinal B,Semifinal,12 MAY 2019,single,1-6,Judge 2,J2,KOLIC Natasa
FINA/CNSG Diving World Series 2019 - Kazan (RUS),kazan_2019_ws,Men's 10m Platform Semifinal B,Semifinal,12 MAY 2019,single,1-6,Judge 3,J3,HASSAN ABDELRAHMAN Mohamed
FINA/CNSG Diving World Series 2019 - Kazan (RUS),kazan_2019_ws,Men's 10m Platform Semifinal B,Semifinal,12 MAY 2019,single,1-6,Judge 4,J4,FEOKTISTOV Eduard
FINA/CNSG Diving World Series 2019 - Kazan (RUS),kazan_2019_ws,Men's 10m Platform Semifinal B,Semifinal,12 MAY 2019,single,1-6,Judge 5,J5,PEREZ CANASVERAS Angel Luis
FINA/CNSG Diving World Series 2019 - Kazan (RUS),kazan_2019_ws,Men's 10m Platform Semifinal B,Semifinal,12 MAY 2019,single,1-6,Judge 6,J6,GOLOVAN Anatoliy
FINA/CNSG Diving World Series 2019 - Kazan (RUS),kazan_2019_ws,Men's 10m Platform Semifinal B,Semifinal,12 MAY 2019,single,1-6,Judge 7,J7,MOLINA PALOMINO Alberto
FINA/CNSG Diving World Series 2019 - Kazan (RUS),kazan_2019_ws,Men's 10m Platform Final,Final,12 MAY 2019,single,1-6,Judge 1,J1,MOLINA PALOMINO Alberto
FINA/CNSG Diving World Series 2019 - Kazan (RUS),kazan_2019_ws,Men's 10m Platform Final,Final,12 MAY 2019,single,1-6,Judge 2,J2,KOLIC Natasa
FINA/CNSG Diving World Series 2019 - Kazan (RUS),kazan_2019_ws,Men's 10m Platform Final,Final,12 MAY 2019,single,1-6,Judge 3,J3,COSTA REIS Violeta
FINA/CNSG Diving World Series 2019 - Kazan (RUS),kazan_2019_ws,Men's 10m Platform Final,Final,12 MAY 2019,single,1-6,Judge 4,J4,FEOKTISTOV Eduard
FINA/CNSG Diving World Series 2019 - Kazan (RUS),kazan_2019_ws,Men's 10m Platform Final,Final,12 MAY 2019,single,1-6,Judge 5,J5,PEREZ CANASVERAS Angel Luis
FINA/CNSG Diving World Series 2019 - Kazan (RUS),kazan_2019_ws,Men's 10m Platform Final,Final,12 MAY 2019,single,1-6,Judge 6,J6,HASSAN ABDELRAHMAN Mohamed
FINA/CNSG Diving World Series 2019 - Kazan (RUS),kazan_2019_ws,Men's 10m Platform Final,Final,12 MAY 2019,single,1-6,Judge 7,J7,KRYNICKI Bartlomiej
FINA/CNSG Diving World Series 2019 - Kazan (RUS),kazan_2019_ws,Women's 3m Springboard Semifinal A,Semifinal,12 MAY 2019,single,1-6,Judge 1,J1,GOLOVAN Anatoliy
FINA/CNSG Diving World Series 2019 - Kazan (RUS),kazan_2019_ws,Women's 3m Springboard Semifinal A,Semifinal,12 MAY 2019,single,1-6,Judge 2,J2,KIM Chun Ok
FINA/CNSG Diving World Series 2019 - Kazan (RUS),kazan_2019_ws,Women's 3m Springboard Semifinal A,Semifinal,12 MAY 2019,single,1-6,Judge 3,J3,MOLINA PALOMINO Alberto
FINA/CNSG Diving World Series 2019 - Kazan (RUS),kazan_2019_ws,Women's 3m Springboard Semifinal A,Semifinal,12 MAY 2019,single,1-6,Judge 4,J4,TCIVINSKII Alexander
FINA/CNSG Diving World Series 2019 - Kazan (RUS),kazan_2019_ws,Women's 3m Springboard Semifinal A,Semifinal,12 MAY 2019,single,1-6,Judge 5,J5,HASSAN ABDELRAHMAN Mohamed
FINA/CNSG Diving World Series 2019 - Kazan (RUS),kazan_2019_ws,Women's 3m Springboard Semifinal A,Semifinal,12 MAY 2019,single,1-6,Judge 6,J6,PEREZ CANASVERAS Angel Luis
FINA/CNSG Diving World Series 2019 - Kazan (RUS),kazan_2019_ws,Women's 3m Springboard Semifinal A,Semifinal,12 MAY 2019,single,1-6,Judge 7,J7,KRYNICKI Bartlomiej
FINA/CNSG Diving World Series 2019 - Kazan (RUS),kazan_2019_ws,Women's 3m Springboard Semifinal B,Semifinal,12 MAY 2019,single,1-6,Judge 1,J1,GOLOVAN Anatoliy
FINA/CNSG Diving World Series 2019 - Kazan (RUS),kazan_2019_ws,Women's 3m Springboard Semifinal B,Semifinal,12 MAY 2019,single,1-6,Judge 2,J2,KIM Chun Ok
FINA/CNSG Diving World Series 2019 - Kazan (RUS),kazan_2019_ws,Women's 3m Springboard Semifinal B,Semifinal,12 MAY 2019,single,1-6,Judge 3,J3,MOLINA PALOMINO Alberto
FINA/CNSG Diving World Series 2019 - Kazan (RUS),kazan_2019_ws,Women's 3m Springboard Semifinal B,Semifinal,12 MAY 2019,single,1-6,Judge 4,J4,TCIVINSKII Alexander
FINA/CNSG Diving World Series 2019 - Kazan (RUS),kazan_2019_ws,Women's 3m Springboard Semifinal B,Semifinal,12 MAY 2019,single,1-6,Judge 5,J5,HASSAN ABDELRAHMAN Mohamed
FINA/CNSG Diving World Series 2019 - Kazan (RUS),kazan_2019_ws,Women's 3m Springboard Semifinal B,Semifinal,12 MAY 2019,single,1-6,Judge 6,J6,PEREZ CANASVERAS Angel Luis
FINA/CNSG Diving World Series 2019 - Kazan (RUS),kazan_2019_ws,Women's 3m Springboard Semifinal B,Semifinal,12 MAY 2019,single,1-6,Judge 7,J7,KRYNICKI Bartlomiej
FINA/CNSG Diving World Series 2019 - Kazan (RUS),kazan_2019_ws,Women's 3m Springboard Final,Final,12 MAY 2019,single,1-6,Judge 1,J1,KRYNICKI Bartlomiej
FINA/CNSG Diving World Series 2019 - Kazan (RUS),kazan_2019_ws,Women's 3m Springboard Final,Final,12 MAY 2019,single,1-6,Judge 2,J2,GOLOVAN Anatoliy
FINA/CNSG Diving World Series 2019 - Kazan (RUS),kazan_2019_ws,Women's 3m Springboard Final,Final,12 MAY 2019,single,1-6,Judge 3,J3,KIM Chun Ok
FINA/CNSG Diving World Series 2019 - Kazan (RUS),kazan_2019_ws,Women's 3m Springboard Final,Final,12 MAY 2019,single,1-6,Judge 4,J4,PEREZ CANASVERAS Angel Luis
FINA/CNSG Diving World Series 2019 - Kazan (RUS),kazan_2019_ws,Women's 3m Springboard Final,Final,12 MAY 2019,single,1-6,Judge 5,J5,KOLIC Natasa
FINA/CNSG Diving World Series 2019 - Kazan (RUS),kazan_2019_ws,Women's 3m Springboard Final,Final,12 MAY 2019,single,1-6,Judge 6,J6,COSTA REIS Violeta
FINA/CNSG Diving World Series 2019 - Kazan (RUS),kazan_2019_ws,Women's 3m Springboard Final,Final,12 MAY 2019,single,1-6,Judge 7,J7,TCIVINSKII Alexander
FINA/CNSG Diving World Series 2019 - Kazan (RUS),kazan_2019_ws,Women's 10m Platform Semifinal A,Semifinal,11 MAY 2019,single,1-6,Judge 1,J1,KIM Chun Ok
FINA/CNSG Diving World Series 2019 - Kazan (RUS),kazan_2019_ws,Women's 10m Platform Semifinal A,Semifinal,11 MAY 2019,single,1-6,Judge 2,J2,KOLIC Natasa
FINA/CNSG Diving World Series 2019 - Kazan (RUS),kazan_2019_ws,Women's 10m Platform Semifinal A,Semifinal,11 MAY 2019,single,1-6,Judge 3,J3,HASSAN ABDELRAHMAN Mohamed
FINA/CNSG Diving World Series 2019 - Kazan (RUS),kazan_2019_ws,Women's 10m Platform Semifinal A,Semifinal,11 MAY 2019,single,1-6,Judge 4,J4,KRYNICKI Bartlomiej
FINA/CNSG Diving World Series 2019 - Kazan (RUS),kazan_2019_ws,Women's 10m Platform Semifinal A,Semifinal,11 MAY 2019,single,1-6,Judge 5,J5,FEOKTISTOV Eduard
FINA/CNSG Diving World Series 2019 - Kazan (RUS),kazan_2019_ws,Women's 10m Platform Semifinal A,Semifinal,11 MAY 2019,single,1-6,Judge 6,J6,COSTA REIS Violeta
FINA/CNSG Diving World Series 2019 - Kazan (RUS),kazan_2019_ws,Women's 10m Platform Semifinal A,Semifinal,11 MAY 2019,single,1-6,Judge 7,J7,GOLOVAN Anatoliy
FINA/CNSG Diving World Series 2019 - Kazan (RUS),kazan_2019_ws,Women's 10m Platform Semifinal B,Semifinal,11 MAY 2019,single,1-6,Judge 1,J1,KIM Chun Ok
FINA/CNSG Diving World Series 2019 - Kazan (RUS),kazan_2019_ws,Women's 10m Platform Semifinal B,Semifinal,11 MAY 2019,single,1-6,Judge 2,J2,KOLIC Natasa
FINA/CNSG Diving World Series 2019 - Kazan (RUS),kazan_2019_ws,Women's 10m Platform Semifinal B,Semifinal,11 MAY 2019,single,1-6,Judge 3,J3,HASSAN ABDELRAHMAN Mohamed
FINA/CNSG Diving World Series 2019 - Kazan (RUS),kazan_2019_ws,Women's 10m Platform Semifinal B,Semifinal,11 MAY 2019,single,1-6,Judge 4,J4,KRYNICKI Bartlomiej
FINA/CNSG Diving World Series 2019 - Kazan (RUS),kazan_2019_ws,Women's 10m Platform Semifinal B,Semifinal,11 MAY 2019,single,1-6,Judge 5,J5,FEOKTISTOV Eduard
FINA/CNSG Diving World Series 2019 - Kazan (RUS),kazan_2019_ws,Women's 10m Platform Semifinal B,Semifinal,11 MAY 2019,single,1-6,Judge 6,J6,COSTA REIS Violeta
FINA/CNSG Diving World Series 2019 - Kazan (RUS),kazan_2019_ws,Women's 10m Platform Semifinal B,Semifinal,11 MAY 2019,single,1-6,Judge 7,J7,GOLOVAN Anatoliy
FINA/CNSG Diving World Series 2019 - Kazan (RUS),kazan_2019_ws,Women's 10m Platform Final,Final,11 MAY 2019,single,1-6,Judge 1,J1,COSTA REIS Violeta
FINA/CNSG Diving World Series 2019 - Kazan (RUS),kazan_2019_ws,Women's 10m Platform Final,Final,11 MAY 2019,single,1-6,Judge 2,J2,GOLOVAN Anatoliy
FINA/CNSG Diving World Series 2019 - Kazan (RUS),kazan_2019_ws,Women's 10m Platform Final,Final,11 MAY 2019,single,1-6,Judge 3,J3,HASSAN ABDELRAHMAN Mohamed
FINA/CNSG Diving World Series 2019 - Kazan (RUS),kazan_2019_ws,Women's 10m Platform Final,Final,11 MAY 2019,single,1-6,Judge 4,J4,FEOKTISTOV Eduard
FINA/CNSG Diving World Series 2019 - Kazan (RUS),kazan_2019_ws,Women's 10m Platform Final,Final,11 MAY 2019,single,1-6,Judge 5,J5,MOLINA PALOMINO Alberto
FINA/CNSG Diving World Series 2019 - Kazan (RUS),kazan_2019_ws,Women's 10m Platform Final,Final,11 MAY 2019,single,1-6,Judge 6,J6,KRYNICKI Bartlomiej
FINA/CNSG Diving World Series 2019 - Kazan (RUS),kazan_2019_ws,Women's 10m Platform Final,Final,11 MAY 2019,single,1-6,Judge 7,J7,PEREZ CANASVERAS Angel Luis
FINA/CNSG Diving World Series 2019 - London,london_2019_ws,Men's 3m Springboard Semifinal A,Semifinal,18 MAY 2019,single,1-6,Judge 1,J1,RIOS HENAO Maria Cristina
FINA/CNSG Diving World Series 2019 - London,london_2019_ws,Men's 3m Springboard Semifinal A,Semifinal,18 MAY 2019,single,1-6,Judge 2,J2,TELLEFSEN Arne
FINA/CNSG Diving World Series 2019 - London,london_2019_ws,Men's 3m Springboard Semifinal A,Semifinal,18 MAY 2019,single,1-6,Judge 3,J3,AZORIN Daniel
FINA/CNSG Diving World Series 2019 - London,london_2019_ws,Men's 3m Springboard Semifinal A,Semifinal,18 MAY 2019,single,1-6,Judge 4,J4,ROCHA Sergio
FINA/CNSG Diving World Series 2019 - London,london_2019_ws,Men's 3m Springboard Semifinal A,Semifinal,18 MAY 2019,single,1-6,Judge 5,J5,FRASER Lindsey
FINA/CNSG Diving World Series 2019 - London,london_2019_ws,Men's 3m Springboard Semifinal A,Semifinal,18 MAY 2019,single,1-6,Judge 6,J6,AHLERING Julie
FINA/CNSG Diving World Series 2019 - London,london_2019_ws,Men's 3m Springboard Semifinal A,Semifinal,18 MAY 2019,single,1-6,Judge 7,J7,LEE William
FINA/CNSG Diving World Series 2019 - London,london_2019_ws,Men's 3m Springboard Semifinal B,Semifinal,18 MAY 2019,single,1-6,Judge 1,J1,RIOS HENAO Maria Cristina
FINA/CNSG Diving World Series 2019 - London,london_2019_ws,Men's 3m Springboard Semifinal B,Semifinal,18 MAY 2019,single,1-6,Judge 2,J2,TELLEFSEN Arne
FINA/CNSG Diving World Series 2019 - London,london_2019_ws,Men's 3m Springboard Semifinal B,Semifinal,18 MAY 2019,single,1-6,Judge 3,J3,AZORIN Daniel
FINA/CNSG Diving World Series 2019 - London,london_2019_ws,Men's 3m Springboard Semifinal B,Semifinal,18 MAY 2019,single,1-6,Judge 4,J4,ROCHA Sergio
FINA/CNSG Diving World Series 2019 - London,london_2019_ws,Men's 3m Springboard Semifinal B,Semifinal,18 MAY 2019,single,1-6,Judge 5,J5,FRASER Lindsey
FINA/CNSG Diving World Series 2019 - London,london_2019_ws,Men's 3m Springboard Semifinal B,Semifinal,18 MAY 2019,single,1-6,Judge 6,J6,AHLERING Julie
FINA/CNSG Diving World Series 2019 - London,london_2019_ws,Men's 3m Springboard Semifinal B,Semifinal,18 MAY 2019,single,1-6,Judge 7,J7,LEE William
FINA/CNSG Diving World Series 2019 - London,london_2019_ws,Men's 3m Springboard Final,Final,18 MAY 2019,single,1-6,Judge 1,J1,FRASER Lindsey
FINA/CNSG Diving World Series 2019 - London,london_2019_ws,Men's 3m Springboard Final,Final,18 MAY 2019,single,1-6,Judge 2,J2,LEE William
FINA/CNSG Diving World Series 2019 - London,london_2019_ws,Men's 3m Springboard Final,Final,18 MAY 2019,single,1-6,Judge 3,J3,TELLEFSEN Arne
FINA/CNSG Diving World Series 2019 - London,london_2019_ws,Men's 3m Springboard Final,Final,18 MAY 2019,single,1-6,Judge 4,J4,AHLERING Julie
FINA/CNSG Diving World Series 2019 - London,london_2019_ws,Men's 3m Springboard Final,Final,18 MAY 2019,single,1-6,Judge 5,J5,AZORIN Daniel
FINA/CNSG Diving World Series 2019 - London,london_2019_ws,Men's 3m Springboard Final,Final,18 MAY 2019,single,1-6,Judge 6,J6,ROCHA Sergio
FINA/CNSG Diving World Series 2019 - London,london_2019_ws,Men's 3m Springboard Final,Final,18 MAY 2019,single,1-6,Judge 7,J7,ZAMPIERI Marco
FINA/CNSG Diving World Series 2019 - London,london_2019_ws,Men's 10m Platform Semifinal A,Semifinal,19 MAY 2019,single,1-6,Judge 1,J1,AHLERING Julie
FINA/CNSG Diving World Series 2019 - London,london_2019_ws,Men's 10m Platform Semifinal A,Semifinal,19 MAY 2019,single,1-6,Judge 2,J2,FRASER Lindsey
FINA/CNSG Diving World Series 2019 - London,london_2019_ws,Men's 10m Platform Semifinal A,Semifinal,19 MAY 2019,single,1-6,Judge 3,J3,LEE William
FINA/CNSG Diving World Series 2019 - London,london_2019_ws,Men's 10m Platform Semifinal A,Semifinal,19 MAY 2019,single,1-6,Judge 4,J4,ZAMPIERI Marco
FINA/CNSG Diving World Series 2019 - London,london_2019_ws,Men's 10m Platform Semifinal A,Semifinal,19 MAY 2019,single,1-6,Judge 5,J5,RIOS HENAO Maria Cristina
FINA/CNSG Diving World Series 2019 - London,london_2019_ws,Men's 10m Platform Semifinal A,Semifinal,19 MAY 2019,single,1-6,Judge 6,J6,TELLEFSEN Arne
FINA/CNSG Diving World Series 2019 - London,london_2019_ws,Men's 10m Platform Semifinal A,Semifinal,19 MAY 2019,single,1-6,Judge 7,J7,ROCHA Sergio
FINA/CNSG Diving World Series 2019 - London,london_2019_ws,Men's 10m Platform Semifinal B,Semifinal,19 MAY 2019,single,1-6,Judge 1,J1,AHLERING Julie
FINA/CNSG Diving World Series 2019 - London,london_2019_ws,Men's 10m Platform Semifinal B,Semifinal,19 MAY 2019,single,1-6,Judge 2,J2,FRASER Lindsey
FINA/CNSG Diving World Series 2019 - London,london_2019_ws,Men's 10m Platform Semifinal B,Semifinal,19 MAY 2019,single,1-6,Judge 3,J3,LEE William
FINA/CNSG Diving World Series 2019 - London,london_2019_ws,Men's 10m Platform Semifinal B,Semifinal,19 MAY 2019,single,1-6,Judge 4,J4,ZAMPIERI Marco
FINA/CNSG Diving World Series 2019 - London,london_2019_ws,Men's 10m Platform Semifinal B,Semifinal,19 MAY 2019,single,1-6,Judge 5,J5,RIOS HENAO Maria Cristina
FINA/CNSG Diving World Series 2019 - London,london_2019_ws,Men's 10m Platform Semifinal B,Semifinal,19 MAY 2019,single,1-6,Judge 6,J6,TELLEFSEN Arne
FINA/CNSG Diving World Series 2019 - London,london_2019_ws,Men's 10m Platform Semifinal B,Semifinal,19 MAY 2019,single,1-6,Judge 7,J7,ROCHA Sergio
FINA/CNSG Diving World Series 2019 - London,london_2019_ws,Men's 10m Platform Final,Final,19 MAY 2019,single,1-6,Judge 1,J1,ROCHA Sergio
FINA/CNSG Diving World Series 2019 - London,london_2019_ws,Men's 10m Platform Final,Final,19 MAY 2019,single,1-6,Judge 2,J2,FRASER Lindsey
FINA/CNSG Diving World Series 2019 - London,london_2019_ws,Men's 10m Platform Final,Final,19 MAY 2019,single,1-6,Judge 3,J3,AZORIN Daniel
FINA/CNSG Diving World Series 2019 - London,london_2019_ws,Men's 10m Platform Final,Final,19 MAY 2019,single,1-6,Judge 4,J4,ZAMPIERI Marco
FINA/CNSG Diving World Series 2019 - London,london_2019_ws,Men's 10m Platform Final,Final,19 MAY 2019,single,1-6,Judge 5,J5,RIOS HENAO Maria Cristina
FINA/CNSG Diving World Series 2019 - London,london_2019_ws,Men's 10m Platform Final,Final,19 MAY 2019,single,1-6,Judge 6,J6,TELLEFSEN Arne
FINA/CNSG Diving World Series 2019 - London,london_2019_ws,Men's 10m Platform Final,Final,19 MAY 2019,single,1-6,Judge 7,J7,AHLERING Julie
FINA/CNSG Diving World Series 2019 - London,london_2019_ws,Women's 3m Springboard Semifinal A,Semifinal,19 MAY 2019,single,1-6,Judge 1,J1,TELLEFSEN Arne
FINA/CNSG Diving World Series 2019 - London,london_2019_ws,Women's 3m Springboard Semifinal A,Semifinal,19 MAY 2019,single,1-6,Judge 2,J2,LEE William
FINA/CNSG Diving World Series 2019 - London,london_2019_ws,Women's 3m Springboard Semifinal A,Semifinal,19 MAY 2019,single,1-6,Judge 3,J3,AHLERING Julie
FINA/CNSG Diving World Series 2019 - London,london_2019_ws,Women's 3m Springboard Semifinal A,Semifinal,19 MAY 2019,single,1-6,Judge 4,J4,AZORIN Daniel
FINA/CNSG Diving World Series 2019 - London,london_2019_ws,Women's 3m Springboard Semifinal A,Semifinal,19 MAY 2019,single,1-6,Judge 5,J5,TOMLINSON Vicki
FINA/CNSG Diving World Series 2019 - London,london_2019_ws,Women's 3m Springboard Semifinal A,Semifinal,19 MAY 2019,single,1-6,Judge 6,J6,RIOS HENAO Maria Cristina
FINA/CNSG Diving World Series 2019 - London,london_2019_ws,Women's 3m Springboard Semifinal A,Semifinal,19 MAY 2019,single,1-6,Judge 7,J7,ZAMPIERI Marco
FINA/CNSG Diving World Series 2019 - London,london_2019_ws,Women's 3m Springboard Semifinal B,Semifinal,19 MAY 2019,single,1-6,Judge 1,J1,TELLEFSEN Arne
FINA/CNSG Diving World Series 2019 - London,london_2019_ws,Women's 3m Springboard Semifinal B,Semifinal,19 MAY 2019,single,1-6,Judge 2,J2,LEE William
FINA/CNSG Diving World Series 2019 - London,london_2019_ws,Women's 3m Springboard Semifinal B,Semifinal,19 MAY 2019,single,1-6,Judge 3,J3,AHLERING Julie
FINA/CNSG Diving World Series 2019 - London,london_2019_ws,Women's 3m Springboard Semifinal B,Semifinal,19 MAY 2019,single,1-6,Judge 4,J4,AZORIN Daniel
FINA/CNSG Diving World Series 2019 - London,london_2019_ws,Women's 3m Springboard Semifinal B,Semifinal,19 MAY 2019,single,1-6,Judge 5,J5,TOMLINSON Vicki
FINA/CNSG Diving World Series 2019 - London,london_2019_ws,Women's 3m Springboard Semifinal B,Semifinal,19 MAY 2019,single,1-6,Judge 6,J6,RIOS HENAO Maria Cristina
FINA/CNSG Diving World Series 2019 - London,london_2019_ws,Women's 3m Springboard Semifinal B,Semifinal,19 MAY 2019,single,1-6,Judge 7,J7,ZAMPIERI Marco
FINA/CNSG Diving World Series 2019 - London,london_2019_ws,Women's 3m Springboard Final,Final,19 MAY 2019,single,1-6,Judge 1,J1,AHLERING Julie
FINA/CNSG Diving World Series 2019 - London,london_2019_ws,Women's 3m Springboard Final,Final,19 MAY 2019,single,1-6,Judge 2,J2,BAMBER Susan
FINA/CNSG Diving World Series 2019 - London,london_2019_ws,Women's 3m Springboard Final,Final,19 MAY 2019,single,1-6,Judge 3,J3,LEE William
FINA/CNSG Diving World Series 2019 - London,london_2019_ws,Women's 3m Springboard Final,Final,19 MAY 2019,single,1-6,Judge 4,J4,RIOS HENAO Maria Cristina
FINA/CNSG Diving World Series 2019 - London,london_2019_ws,Women's 3m Springboard Final,Final,19 MAY 2019,single,1-6,Judge 5,J5,ROCHA Sergio
FINA/CNSG Diving World Series 2019 - London,london_2019_ws,Women's 3m Springboard Final,Final,19 MAY 2019,single,1-6,Judge 6,J6,ZAMPIERI Marco
FINA/CNSG Diving World Series 2019 - London,london_2019_ws,Women's 3m Springboard Final,Final,19 MAY 2019,single,1-6,Judge 7,J7,AZORIN Daniel
FINA/CNSG Diving World Series 2019 - London,london_2019_ws,Women's 10m Platform Semifinal A,Semifinal,18 MAY 2019,single,1-6,Judge 1,J1,LEE William
FINA/CNSG Diving World Series 2019 - London,london_2019_ws,Women's 10m Platform Semifinal A,Semifinal,18 MAY 2019,single,1-6,Judge 2,J2,RIOS HENAO Maria Cristina
FINA/CNSG Diving World Series 2019 - London,london_2019_ws,Women's 10m Platform Semifinal A,Semifinal,18 MAY 2019,single,1-6,Judge 3,J3,TOMLINSON Vicki
FINA/CNSG Diving World Series 2019 - London,london_2019_ws,Women's 10m Platform Semifinal A,Semifinal,18 MAY 2019,single,1-6,Judge 4,J4,TELLEFSEN Arne
FINA/CNSG Diving World Series 2019 - London,london_2019_ws,Women's 10m Platform Semifinal A,Semifinal,18 MAY 2019,single,1-6,Judge 5,J5,ZAMPIERI Marco
FINA/CNSG Diving World Series 2019 - London,london_2019_ws,Women's 10m Platform Semifinal A,Semifinal,18 MAY 2019,single,1-6,Judge 6,J6,ROCHA Sergio
FINA/CNSG Diving World Series 2019 - London,london_2019_ws,Women's 10m Platform Semifinal A,Semifinal,18 MAY 2019,single,1-6,Judge 7,J7,AZORIN Daniel
FINA/CNSG Diving World Series 2019 - London,london_2019_ws,Women's 10m Platform Semifinal B,Semifinal,18 MAY 2019,single,1-6,Judge 1,J1,LEE William
FINA/CNSG Diving World Series 2019 - London,london_2019_ws,Women's 10m Platform Semifinal B,Semifinal,18 MAY 2019,single,1-6,Judge 2,J2,RIOS HENAO Maria Cristina
FINA/CNSG Diving World Series 2019 - London,london_2019_ws,Women's 10m Platform Semifinal B,Semifinal,18 MAY 2019,single,1-6,Judge 3,J3,TOMLINSON Vicki
FINA/CNSG Diving World Series 2019 - London,london_2019_ws,Women's 10m Platform Semifinal B,Semifinal,18 MAY 2019,single,1-6,Judge 4,J4,TELLEFSEN Arne
FINA/CNSG Diving World Series 2019 - London,london_2019_ws,Women's 10m Platform Semifinal B,Semifinal,18 MAY 2019,single,1-6,Judge 5,J5,ZAMPIERI Marco
FINA/CNSG Diving World Series 2019 - London,london_2019_ws,Women's 10m Platform Semifinal B,Semifinal,18 MAY 2019,single,1-6,Judge 6,J6,ROCHA Sergio
FINA/CNSG Diving World Series 2019 - London,london_2019_ws,Women's 10m Platform Semifinal B,Semifinal,18 MAY 2019,single,1-6,Judge 7,J7,AZORIN Daniel
FINA/CNSG Diving World Series 2019 - London,london_2019_ws,Women's 10m Platform Final,Final,18 MAY 2019,single,1-6,Judge 1,J1,TELLEFSEN Arne
FINA/CNSG Diving World Series 2019 - London,london_2019_ws,Women's 10m Platform Final,Final,18 MAY 2019,single,1-6,Judge 2,J2,AZORIN Daniel
FINA/CNSG Diving World Series 2019 - London,london_2019_ws,Women's 10m Platform Final,Final,18 MAY 2019,single,1-6,Judge 3,J3,TOMLINSON Vicki
FINA/CNSG Diving World Series 2019 - London,london_2019_ws,Women's 10m Platform Final,Final,18 MAY 2019,single,1-6,Judge 4,J4,ZAMPIERI Marco
FINA/CNSG Diving World Series 2019 - London,london_2019_ws,Women's 10m Platform Final,Final,18 MAY 2019,single,1-6,Judge 5,J5,ROCHA Sergio
FINA/CNSG Diving World Series 2019 - London,london_2019_ws,Women's 10m Platform Final,Final,18 MAY 2019,single,1-6,Judge 6,J6,AHLERING Julie
FINA/CNSG Diving World Series 2019 - London,london_2019_ws,Women's 10m Platform Final,Final,18 MAY 2019,single,1-6,Judge 7,J7,RIOS HENAO Maria Cristina
FINA/CNSG Diving World Series 2020 - Montréal,montreal_2020_ws,Men's 3m Springboard Semifinal A,Semifinal,29 FEB 2020,single,1-6,Judge 1,J1,van der VOORT Ronald
FINA/CNSG Diving World Series 2020 - Montréal,montreal_2020_ws,Men's 3m Springboard Semifinal A,Semifinal,29 FEB 2020,single,1-6,Judge 2,J2,BUSH Barb
FINA/CNSG Diving World Series 2020 - Montréal,montreal_2020_ws,Men's 3m Springboard Semifinal A,Semifinal,29 FEB 2020,single,1-6,Judge 3,J3,AHLERING Julie
FINA/CNSG Diving World Series 2020 - Montréal,montreal_2020_ws,Men's 3m Springboard Semifinal A,Semifinal,29 FEB 2020,single,1-6,Judge 4,J4,PETERSON Gord
FINA/CNSG Diving World Series 2020 - Montréal,montreal_2020_ws,Men's 3m Springboard Semifinal A,Semifinal,29 FEB 2020,single,1-6,Judge 5,J5,ZAMPIERI Marco
FINA/CNSG Diving World Series 2020 - Montréal,montreal_2020_ws,Men's 3m Springboard Semifinal A,Semifinal,29 FEB 2020,single,1-6,Judge 6,J6,AXTELIUS Peter
FINA/CNSG Diving World Series 2020 - Montréal,montreal_2020_ws,Men's 3m Springboard Semifinal A,Semifinal,29 FEB 2020,single,1-6,Judge 7,J7,HUSSAN Mohamed
FINA/CNSG Diving World Series 2020 - Montréal,montreal_2020_ws,Men's 3m Springboard Semifinal B,Semifinal,29 FEB 2020,single,1-6,Judge 1,J1,van der VOORT Ronald
FINA/CNSG Diving World Series 2020 - Montréal,montreal_2020_ws,Men's 3m Springboard Semifinal B,Semifinal,29 FEB 2020,single,1-6,Judge 2,J2,BUSH Barb
FINA/CNSG Diving World Series 2020 - Montréal,montreal_2020_ws,Men's 3m Springboard Semifinal B,Semifinal,29 FEB 2020,single,1-6,Judge 3,J3,AHLERING Julie
FINA/CNSG Diving World Series 2020 - Montréal,montreal_2020_ws,Men's 3m Springboard Semifinal B,Semifinal,29 FEB 2020,single,1-6,Judge 4,J4,PETERSON Gord
FINA/CNSG Diving World Series 2020 - Montréal,montreal_2020_ws,Men's 3m Springboard Semifinal B,Semifinal,29 FEB 2020,single,1-6,Judge 5,J5,ZAMPIERI Marco
FINA/CNSG Diving World Series 2020 - Montréal,montreal_2020_ws,Men's 3m Springboard Semifinal B,Semifinal,29 FEB 2020,single,1-6,Judge 6,J6,AXTELIUS Peter
FINA/CNSG Diving World Series 2020 - Montréal,montreal_2020_ws,Men's 3m Springboard Semifinal B,Semifinal,29 FEB 2020,single,1-6,Judge 7,J7,HUSSAN Mohamed
FINA/CNSG Diving World Series 2020 - Montréal,montreal_2020_ws,Men's 3m Springboard Final,Final,29 FEB 2020,single,1-6,Judge 1,J1,AXTELIUS Peter
FINA/CNSG Diving World Series 2020 - Montréal,montreal_2020_ws,Men's 3m Springboard Final,Final,29 FEB 2020,single,1-6,Judge 2,J2,COSTA REIS Violeta
FINA/CNSG Diving World Series 2020 - Montréal,montreal_2020_ws,Men's 3m Springboard Final,Final,29 FEB 2020,single,1-6,Judge 3,J3,PETERSON Gord
FINA/CNSG Diving World Series 2020 - Montréal,montreal_2020_ws,Men's 3m Springboard Final,Final,29 FEB 2020,single,1-6,Judge 4,J4,AHLERING Julie
FINA/CNSG Diving World Series 2020 - Montréal,montreal_2020_ws,Men's 3m Springboard Final,Final,29 FEB 2020,single,1-6,Judge 5,J5,BUSH Barb
FINA/CNSG Diving World Series 2020 - Montréal,montreal_2020_ws,Men's 3m Springboard Final,Final,29 FEB 2020,single,1-6,Judge 6,J6,van der VOORT Ronald
FINA/CNSG Diving World Series 2020 - Montréal,montreal_2020_ws,Men's 3m Springboard Final,Final,29 FEB 2020,single,1-6,Judge 7,J7,GOLOVAN Anatoly
FINA/CNSG Diving World Series 2020 - Montréal,montreal_2020_ws,Men's 10m Platform Semifinal A,Semifinal,1 MAR 2020,single,1-6,Judge 1,J1,ZAMPIERI Marco
FINA/CNSG Diving World Series 2020 - Montréal,montreal_2020_ws,Men's 10m Platform Semifinal A,Semifinal,1 MAR 2020,single,1-6,Judge 2,J2,BUSH Barb
FINA/CNSG Diving World Series 2020 - Montréal,montreal_2020_ws,Men's 10m Platform Semifinal A,Semifinal,1 MAR 2020,single,1-6,Judge 3,J3,PETERSON Gord
FINA/CNSG Diving World Series 2020 - Montréal,montreal_2020_ws,Men's 10m Platform Semifinal A,Semifinal,1 MAR 2020,single,1-6,Judge 4,J4,COSTA REIS Violeta
FINA/CNSG Diving World Series 2020 - Montréal,montreal_2020_ws,Men's 10m Platform Semifinal A,Semifinal,1 MAR 2020,single,1-6,Judge 5,J5,AXTELIUS Peter
FINA/CNSG Diving World Series 2020 - Montréal,montreal_2020_ws,Men's 10m Platform Semifinal A,Semifinal,1 MAR 2020,single,1-6,Judge 6,J6,HUSSAN Mohamed
FINA/CNSG Diving World Series 2020 - Montréal,montreal_2020_ws,Men's 10m Platform Semifinal A,Semifinal,1 MAR 2020,single,1-6,Judge 7,J7,GOLOVAN Anatoly
FINA/CNSG Diving World Series 2020 - Montréal,montreal_2020_ws,Men's 10m Platform Semifinal B,Semifinal,1 MAR 2020,single,1-6,Judge 1,J1,ZAMPIERI Marco
FINA/CNSG Diving World Series 2020 - Montréal,montreal_2020_ws,Men's 10m Platform Semifinal B,Semifinal,1 MAR 2020,single,1-6,Judge 2,J2,BUSH Barb
FINA/CNSG Diving World Series 2020 - Montréal,montreal_2020_ws,Men's 10m Platform Semifinal B,Semifinal,1 MAR 2020,single,1-6,Judge 3,J3,PETERSON Gord
FINA/CNSG Diving World Series 2020 - Montréal,montreal_2020_ws,Men's 10m Platform Semifinal B,Semifinal,1 MAR 2020,single,1-6,Judge 4,J4,COSTA REIS Violeta
FINA/CNSG Diving World Series 2020 - Montréal,montreal_2020_ws,Men's 10m Platform Semifinal B,Semifinal,1 MAR 2020,single,1-6,Judge 5,J5,AXTELIUS Peter
FINA/CNSG Diving World Series 2020 - Montréal,montreal_2020_ws,Men's 10m Platform Semifinal B,Semifinal,1 MAR 2020,single,1-6,Judge 6,J6,HUSSAN Mohamed
FINA/CNSG Diving World Series 2020 - Montréal,montreal_2020_ws,Men's 10m Platform Semifinal B,Semifinal,1 MAR 2020,single,1-6,Judge 7,J7,GOLOVAN Anatoly
FINA/CNSG Diving World Series 2020 - Montréal,montreal_2020_ws,Men's 10m Platform Final,Final,1 MAR 2020,single,1-6,Judge 1,J1,AXTELIUS Peter
FINA/CNSG Diving World Series 2020 - Montréal,montreal_2020_ws,Men's 10m Platform Final,Final,1 MAR 2020,single,1-6,Judge 2,J2,AHLERING Julie
FINA/CNSG Diving World Series 2020 - Montréal,montreal_2020_ws,Men's 10m Platform Final,Final,1 MAR 2020,single,1-6,Judge 3,J3,ZAMPIERI Marco
FINA/CNSG Diving World Series 2020 - Montréal,montreal_2020_ws,Men's 10m Platform Final,Final,1 MAR 2020,single,1-6,Judge 4,J4,HUSSAN Mohamed
FINA/CNSG Diving World Series 2020 - Montréal,montreal_2020_ws,Men's 10m Platform Final,Final,1 MAR 2020,single,1-6,Judge 5,J5,PETERSON Gord
FINA/CNSG Diving World Series 2020 - Montréal,montreal_2020_ws,Men's 10m Platform Final,Final,1 MAR 2020,single,1-6,Judge 6,J6,GOLOVAN Anatoly
FINA/CNSG Diving World Series 2020 - Montréal,montreal_2020_ws,Men's 10m Platform Final,Final,1 MAR 2020,single,1-6,Judge 7,J7,COSTA REIS Violeta
FINA/CNSG Diving World Series 2020 - Montréal,montreal_2020_ws,Women's 3m Springboard Semifinal A,Semifinal,1 MAR 2020,single,1-6,Judge 1,J1,BUSH Barb
FINA/CNSG Diving World Series 2020 - Montréal,montreal_2020_ws,Women's 3m Springboard Semifinal A,Semifinal,1 MAR 2020,single,1-6,Judge 2,J2,AHLERING Julie
FINA/CNSG Diving World Series 2020 - Montréal,montreal_2020_ws,Women's 3m Springboard Semifinal A,Semifinal,1 MAR 2020,single,1-6,Judge 3,J3,HUSSAN Mohamed
FINA/CNSG Diving World Series 2020 - Montréal,montreal_2020_ws,Women's 3m Springboard Semifinal A,Semifinal,1 MAR 2020,single,1-6,Judge 4,J4,ZAMPIERI Marco
FINA/CNSG Diving World Series 2020 - Montréal,montreal_2020_ws,Women's 3m Springboard Semifinal A,Semifinal,1 MAR 2020,single,1-6,Judge 5,J5,AXTELIUS Peter
FINA/CNSG Diving World Series 2020 - Montréal,montreal_2020_ws,Women's 3m Springboard Semifinal A,Semifinal,1 MAR 2020,single,1-6,Judge 6,J6,GOLOVAN Anatoly
FINA/CNSG Diving World Series 2020 - Montréal,montreal_2020_ws,Women's 3m Springboard Semifinal A,Semifinal,1 MAR 2020,single,1-6,Judge 7,J7,COSTA REIS Violeta
FINA/CNSG Diving World Series 2020 - Montréal,montreal_2020_ws,Women's 3m Springboard Semifinal B,Semifinal,1 MAR 2020,single,1-6,Judge 1,J1,BUSH Barb
FINA/CNSG Diving World Series 2020 - Montréal,montreal_2020_ws,Women's 3m Springboard Semifinal B,Semifinal,1 MAR 2020,single,1-6,Judge 2,J2,AHLERING Julie
FINA/CNSG Diving World Series 2020 - Montréal,montreal_2020_ws,Women's 3m Springboard Semifinal B,Semifinal,1 MAR 2020,single,1-6,Judge 3,J3,HUSSAN Mohamed
FINA/CNSG Diving World Series 2020 - Montréal,montreal_2020_ws,Women's 3m Springboard Semifinal B,Semifinal,1 MAR 2020,single,1-6,Judge 4,J4,ZAMPIERI Marco
FINA/CNSG Diving World Series 2020 - Montréal,montreal_2020_ws,Women's 3m Springboard Semifinal B,Semifinal,1 MAR 2020,single,1-6,Judge 5,J5,AXTELIUS Peter
FINA/CNSG Diving World Series 2020 - Montréal,montreal_2020_ws,Women's 3m Springboard Semifinal B,Semifinal,1 MAR 2020,single,1-6,Judge 6,J6,GOLOVAN Anatoly
FINA/CNSG Diving World Series 2020 - Montréal,montreal_2020_ws,Women's 3m Springboard Semifinal B,Semifinal,1 MAR 2020,single,1-6,Judge 7,J7,COSTA REIS Violeta
FINA/CNSG Diving World Series 2020 - Montréal,montreal_2020_ws,Women's 3m Springboard Final,Final,1 MAR 2020,single,1-6,Judge 1,J1,COSTA REIS Violeta
FINA/CNSG Diving World Series 2020 - Montréal,montreal_2020_ws,Women's 3m Springboard Final,Final,1 MAR 2020,single,1-6,Judge 2,J2,ZAMPIERI Marco
FINA/CNSG Diving World Series 2020 - Montréal,montreal_2020_ws,Women's 3m Springboard Final,Final,1 MAR 2020,single,1-6,Judge 3,J3,GOLOVAN Anatoly
FINA/CNSG Diving World Series 2020 - Montréal,montreal_2020_ws,Women's 3m Springboard Final,Final,1 MAR 2020,single,1-6,Judge 4,J4,BUSH Barb
FINA/CNSG Diving World Series 2020 - Montréal,montreal_2020_ws,Women's 3m Springboard Final,Final,1 MAR 2020,single,1-6,Judge 5,J5,AXTELIUS Peter
FINA/CNSG Diving World Series 2020 - Montréal,montreal_2020_ws,Women's 3m Springboard Final,Final,1 MAR 2020,single,1-6,Judge 6,J6,PETERSON Gord
FINA/CNSG Diving World Series 2020 - Montréal,montreal_2020_ws,Women's 3m Springboard Final,Final,1 MAR 2020,single,1-6,Judge 7,J7,AHLERING Julie
FINA/CNSG Diving World Series 2020 - Montréal,montreal_2020_ws,Women's 10m Platform Semifinal A,Semifinal,29 FEB 2020,single,1-6,Judge 1,J1,PETERSON Gord
FINA/CNSG Diving World Series 2020 - Montréal,montreal_2020_ws,Women's 10m Platform Semifinal A,Semifinal,29 FEB 2020,single,1-6,Judge 2,J2,COSTA REIS Violeta
FINA/CNSG Diving World Series 2020 - Montréal,montreal_2020_ws,Women's 10m Platform Semifinal A,Semifinal,29 FEB 2020,single,1-6,Judge 3,J3,AXTELIUS Peter
FINA/CNSG Diving World Series 2020 - Montréal,montreal_2020_ws,Women's 10m Platform Semifinal A,Semifinal,29 FEB 2020,single,1-6,Judge 4,J4,GOLOVAN Anatoly
FINA/CNSG Diving World Series 2020 - Montréal,montreal_2020_ws,Women's 10m Platform Semifinal A,Semifinal,29 FEB 2020,single,1-6,Judge 5,J5,HUSSAN Mohamed
FINA/CNSG Diving World Series 2020 - Montréal,montreal_2020_ws,Women's 10m Platform Semifinal A,Semifinal,29 FEB 2020,single,1-6,Judge 6,J6,AHLERING Julie
FINA/CNSG Diving World Series 2020 - Montréal,montreal_2020_ws,Women's 10m Platform Semifinal A,Semifinal,29 FEB 2020,single,1-6,Judge 7,J7,ZAMPIERI Marco
FINA/CNSG Diving World Series 2020 - Montréal,montreal_2020_ws,Women's 10m Platform Semifinal B,Semifinal,29 FEB 2020,single,1-6,Judge 1,J1,PETERSON Gord
FINA/CNSG Diving World Series 2020 - Montréal,montreal_2020_ws,Women's 10m Platform Semifinal B,Semifinal,29 FEB 2020,single,1-6,Judge 2,J2,COSTA REIS Violeta
FINA/CNSG Diving World Series 2020 - Montréal,montreal_2020_ws,Women's 10m Platform Semifinal B,Semifinal,29 FEB 2020,single,1-6,Judge 3,J3,AXTELIUS Peter
FINA/CNSG Diving World Series 2020 - Montréal,montreal_2020_ws,Women's 10m Platform Semifinal B,Semifinal,29 FEB 2020,single,1-6,Judge 4,J4,GOLOVAN Anatoly
FINA/CNSG Diving World Series 2020 - Montréal,montreal_2020_ws,Women's 10m Platform Semifinal B,Semifinal,29 FEB 2020,single,1-6,Judge 5,J5,HUSSAN Mohamed
FINA/CNSG Diving World Series 2020 - Montréal,montreal_2020_ws,Women's 10m Platform Semifinal B,Semifinal,29 FEB 2020,single,1-6,Judge 6,J6,AHLERING Julie
FINA/CNSG Diving World Series 2020 - Montréal,montreal_2020_ws,Women's 10m Platform Semifinal B,Semifinal,29 FEB 2020,single,1-6,Judge 7,J7,ZAMPIERI Marco
FINA/CNSG Diving World Series 2020 - Montréal,montreal_2020_ws,Women's 10m Platform Final,Final,29 FEB 2020,single,1-6,Judge 1,J1,ZAMPIERI Marco
FINA/CNSG Diving World Series 2020 - Montréal,montreal_2020_ws,Women's 10m Platform Final,Final,29 FEB 2020,single,1-6,Judge 2,J2,AHLERING Julie
FINA/CNSG Diving World Series 2020 - Montréal,montreal_2020_ws,Women's 10m Platform Final,Final,29 FEB 2020,single,1-6,Judge 3,J3,HUSSAN Mohamed
FINA/CNSG Diving World Series 2020 - Montréal,montreal_2020_ws,Women's 10m Platform Final,Final,29 FEB 2020,single,1-6,Judge 4,J4,COSTA REIS Violeta
FINA/CNSG Diving World Series 2020 - Montréal,montreal_2020_ws,Women's 10m Platform Final,Final,29 FEB 2020,single,1-6,Judge 5,J5,van der VOORT Ronald
FINA/CNSG Diving World Series 2020 - Montréal,montreal_2020_ws,Women's 10m Platform Final,Final,29 FEB 2020,single,1-6,Judge 6,J6,GOLOVAN Anatoly
FINA/CNSG Diving World Series 2020 - Montréal,montreal_2020_ws,Women's 10m Platform Final,Final,29 FEB 2020,single,1-6,Judge 7,J7,BUSH Barb
18th FINA World Championships 2019 (Diving),gwangju_2019_wch,Men's 1m Springboard Preliminary,Preliminary,12 JUL 2019,single,1-6,Judge 1,J1,RAO Lang
18th FINA World Championships 2019 (Diving),gwangju_2019_wch,Men's 1m Springboard Preliminary,Preliminary,12 JUL 2019,single,1-6,Judge 2,J2,SCHLEPPS Holger
18th FINA World Championships 2019 (Diving),gwangju_2019_wch,Men's 1m Springboard Preliminary,Preliminary,12 JUL 2019,single,1-6,Judge 3,J3,BROOKER Gillian
18th FINA World Championships 2019 (Diving),gwangju_2019_wch,Men's 1m Springboard Preliminary,Preliminary,12 JUL 2019,single,1-6,Judge 4,J4,VYAS Mayur
18th FINA World Championships 2019 (Diving),gwangju_2019_wch,Men's 1m Springboard Preliminary,Preliminary,12 JUL 2019,single,1-6,Judge 5,J5,SZEKFFY Nora
18th FINA World Championships 2019 (Diving),gwangju_2019_wch,Men's 1m Springboard Preliminary,Preliminary,12 JUL 2019,single,1-6,Judge 6,J6,FRASER Lindsey
18th FINA World Championships 2019 (Diving),gwangju_2019_wch,Men's 1m Springboard Preliminary,Preliminary,12 JUL 2019,single,1-6,Judge 7,J7,PETERSON Gordon
18th FINA World Championships 2019 (Diving),gwangju_2019_wch,Men's 1m Springboard Preliminary,Preliminary,12 JUL 2019,single,1-6,Judge 1,J1,GOLOVAN Anatoliy
18th FINA World Championships 2019 (Diving),gwangju_2019_wch,Men's 1m Springboard Preliminary,Preliminary,12 JUL 2019,single,1-6,Judge 2,J2,MOLINA PALOMINO Alberto
18th FINA World Championships 2019 (Diving),gwangju_2019_wch,Men's 1m Springboard Preliminary,Preliminary,12 JUL 2019,single,1-6,Judge 3,J3,HASSAN Mohamed
18th FINA World Championships 2019 (Diving),gwangju_2019_wch,Men's 1m Springboard Preliminary,Preliminary,12 JUL 2019,single,1-6,Judge 4,J4,TELLEFSEN Arne
18th FINA World Championships 2019 (Diving),gwangju_2019_wch,Men's 1m Springboard Preliminary,Preliminary,12 JUL 2019,single,1-6,Judge 5,J5,ZAMPIERI Marco
18th FINA World Championships 2019 (Diving),gwangju_2019_wch,Men's 1m Springboard Preliminary,Preliminary,12 JUL 2019,single,1-6,Judge 6,J6,MATSUMOTO Yukio
18th FINA World Championships 2019 (Diving),gwangju_2019_wch,Men's 1m Springboard Preliminary,Preliminary,12 JUL 2019,single,1-6,Judge 7,J7,COSTA REIS Violeta
18th FINA World Championships 2019 (Diving),gwangju_2019_wch,Women's 1m Springboard Preliminary,Preliminary,12 JUL 2019,single,1-6,Judge 1,J1,KOLIC Nataša
18th FINA World Championships 2019 (Diving),gwangju_2019_wch,Women's 1m Springboard Preliminary,Preliminary,12 JUL 2019,single,1-6,Judge 2,J2,RUIZ PEDREGUERA Rolando
18th FINA World Championships 2019 (Diving),gwangju_2019_wch,Women's 1m Springboard Preliminary,Preliminary,12 JUL 2019,single,1-6,Judge 3,J3,van der VOORT Ronald
18th FINA World Championships 2019 (Diving),gwangju_2019_wch,Women's 1m Springboard Preliminary,Preliminary,12 JUL 2019,single,1-6,Judge 4,J4,YEOH Ken Nee
18th FINA World Championships 2019 (Diving),gwangju_2019_wch,Women's 1m Springboard Preliminary,Preliminary,12 JUL 2019,single,1-6,Judge 5,J5,TOULOUDIS Nikolaos
18th FINA World Championships 2019 (Diving),gwangju_2019_wch,Women's 1m Springboard Preliminary,Preliminary,12 JUL 2019,single,1-6,Judge 6,J6,MIN Suckhong
18th FINA World Championships 2019 (Diving),gwangju_2019_wch,Women's 1m Springboard Preliminary,Preliminary,12 JUL 2019,single,1-6,Judge 7,J7,WRIGHT Lisa
18th FINA World Championships 2019 (Diving),gwangju_2019_wch,Women's 1m Springboard Preliminary,Preliminary,12 JUL 2019,single,1-6,Judge 1,J1,AXTELIUS Peter
18th FINA World Championships 2019 (Diving),gwangju_2019_wch,Women's 1m Springboard Preliminary,Preliminary,12 JUL 2019,single,1-6,Judge 2,J2,RIOS HENAO Maria Cristina
18th FINA World Championships 2019 (Diving),gwangju_2019_wch,Women's 1m Springboard Preliminary,Preliminary,12 JUL 2019,single,1-6,Judge 3,J3,LEE William
18th FINA World Championships 2019 (Diving),gwangju_2019_wch,Women's 1m Springboard Preliminary,Preliminary,12 JUL 2019,single,1-6,Judge 4,J4,AVASILOAE Florin
18th FINA World Championships 2019 (Diving),gwangju_2019_wch,Women's 1m Springboard Preliminary,Preliminary,12 JUL 2019,single,1-6,Judge 5,J5,RAO Lang
18th FINA World Championships 2019 (Diving),gwangju_2019_wch,Women's 1m Springboard Preliminary,Preliminary,12 JUL 2019,single,1-6,Judge 6,J6,AHLERING Julie
18th FINA World Championships 2019 (Diving),gwangju_2019_wch,Women's 1m Springboard Preliminary,Preliminary,12 JUL 2019,single,1-6,Judge 7,J7,FEOKTISTOV Eduard
18th FINA World Championships 2019 (Diving),gwangju_2019_wch,Women's 1m Springboard Final,Final,13 JUL 2019,single,1-6,Judge 1,J1,MOLINA PALOMINO Alberto
18th FINA World Championships 2019 (Diving),gwangju_2019_wch,Women's 1m Springboard Final,Final,13 JUL 2019,single,1-6,Judge 2,J2,SCHLEPPS Holger
18th FINA World Championships 2019 (Diving),gwangju_2019_wch,Women's 1m Springboard Final,Final,13 JUL 2019,single,1-6,Judge 3,J3,VYAS Mayur
18th FINA World Championships 2019 (Diving),gwangju_2019_wch,Women's 1m Springboard Final,Final,13 JUL 2019,single,1-6,Judge 4,J4,KOLIC Nataša
18th FINA World Championships 2019 (Diving),gwangju_2019_wch,Women's 1m Springboard Final,Final,13 JUL 2019,single,1-6,Judge 5,J5,PETERSON Gordon
18th FINA World Championships 2019 (Diving),gwangju_2019_wch,Women's 1m Springboard Final,Final,13 JUL 2019,single,1-6,Judge 6,J6,LEE William
18th FINA World Championships 2019 (Diving),gwangju_2019_wch,Women's 1m Springboard Final,Final,13 JUL 2019,single,1-6,Judge 7,J7,GOLOVAN Anatoliy
18th FINA World Championships 2019 (Diving),gwangju_2019_wch,Men's 1m Springboard Final,Final,14 JUL 2019,single,1-6,Judge 1,J1,LEE William
18th FINA World Championships 2019 (Diving),gwangju_2019_wch,Men's 1m Springboard Final,Final,14 JUL 2019,single,1-6,Judge 2,J2,TELLEFSEN Arne
18th FINA World Championships 2019 (Diving),gwangju_2019_wch,Men's 1m Springboard Final,Final,14 JUL 2019,single,1-6,Judge 3,J3,COSTA REIS Violeta
18th FINA World Championships 2019 (Diving),gwangju_2019_wch,Men's 1m Springboard Final,Final,14 JUL 2019,single,1-6,Judge 4,J4,BROOKER Gillian
18th FINA World Championships 2019 (Diving),gwangju_2019_wch,Men's 1m Springboard Final,Final,14 JUL 2019,single,1-6,Judge 5,J5,PETERSON Gordon
18th FINA World Championships 2019 (Diving),gwangju_2019_wch,Men's 1m Springboard Final,Final,14 JUL 2019,single,1-6,Judge 6,J6,HASSAN Mohamed
18th FINA World Championships 2019 (Diving),gwangju_2019_wch,Men's 1m Springboard Final,Final,14 JUL 2019,single,1-6,Judge 7,J7,SZEKFFY Nora
18th FINA World Championships 2019 (Diving),gwangju_2019_wch,Women's 10m Platform Preliminary,Preliminary,16 JUL 2019,single,1-6,Judge 1,J1,KOLIC Nataša
18th FINA World Championships 2019 (Diving),gwangju_2019_wch,Women's 10m Platform Preliminary,Preliminary,16 JUL 2019,single,1-6,Judge 2,J2,RAO Lang
18th FINA World Championships 2019 (Diving),gwangju_2019_wch,Women's 10m Platform Preliminary,Preliminary,16 JUL 2019,single,1-6,Judge 3,J3,COSTA REIS Violeta
18th FINA World Championships 2019 (Diving),gwangju_2019_wch,Women's 10m Platform Preliminary,Preliminary,16 JUL 2019,single,1-6,Judge 4,J4,LEE William
18th FINA World Championships 2019 (Diving),gwangju_2019_wch,Women's 10m Platform Preliminary,Preliminary,16 JUL 2019,single,1-6,Judge 5,J5,TOULOUDIS Nikolaos
18th FINA World Championships 2019 (Diving),gwangju_2019_wch,Women's 10m Platform Preliminary,Preliminary,16 JUL 2019,single,1-6,Judge 6,J6,RIOS HENAO Maria Cristina
18th FINA World Championships 2019 (Diving),gwangju_2019_wch,Women's 10m Platform Preliminary,Preliminary,16 JUL 2019,single,1-6,Judge 7,J7,BROOKER Gillian
18th FINA World Championships 2019 (Diving),gwangju_2019_wch,Women's 10m Platform Preliminary,Preliminary,16 JUL 2019,single,1-6,Judge 1,J1,FEOKTISTOV Eduard
18th FINA World Championships 2019 (Diving),gwangju_2019_wch,Women's 10m Platform Preliminary,Preliminary,16 JUL 2019,single,1-6,Judge 2,J2,PETERSON Gordon
18th FINA World Championships 2019 (Diving),gwangju_2019_wch,Women's 10m Platform Preliminary,Preliminary,16 JUL 2019,single,1-6,Judge 3,J3,HASSAN Mohamed
18th FINA World Championships 2019 (Diving),gwangju_2019_wch,Women's 10m Platform Preliminary,Preliminary,16 JUL 2019,single,1-6,Judge 4,J4,RODRIGUEZ AMADEO Angelique Marie
18th FINA World Championships 2019 (Diving),gwangju_2019_wch,Women's 10m Platform Preliminary,Preliminary,16 JUL 2019,single,1-6,Judge 5,J5,GOLOVAN Anatoliy
18th FINA World Championships 2019 (Diving),gwangju_2019_wch,Women's 10m Platform Preliminary,Preliminary,16 JUL 2019,single,1-6,Judge 6,J6,WRIGHT Lisa
18th FINA World Championships 2019 (Diving),gwangju_2019_wch,Women's 10m Platform Preliminary,Preliminary,16 JUL 2019,single,1-6,Judge 7,J7,MIN Suckhong
18th FINA World Championships 2019 (Diving),gwangju_2019_wch,Women's 10m Platform Semifinal,Semifinal,16 JUL 2019,single,1-6,Judge 1,J1,YEOH Ken Nee
18th FINA World Championships 2019 (Diving),gwangju_2019_wch,Women's 10m Platform Semifinal,Semifinal,16 JUL 2019,single,1-6,Judge 2,J2,PETERSON Gordon
18th FINA World Championships 2019 (Diving),gwangju_2019_wch,Women's 10m Platform Semifinal,Semifinal,16 JUL 2019,single,1-6,Judge 3,J3,VYAS Mayur
18th FINA World Championships 2019 (Diving),gwangju_2019_wch,Women's 10m Platform Semifinal,Semifinal,16 JUL 2019,single,1-6,Judge 4,J4,AVASILOAE Florin
18th FINA World Championships 2019 (Diving),gwangju_2019_wch,Women's 10m Platform Semifinal,Semifinal,16 JUL 2019,single,1-6,Judge 5,J5,SZEKFFY Nora
18th FINA World Championships 2019 (Diving),gwangju_2019_wch,Women's 10m Platform Semifinal,Semifinal,16 JUL 2019,single,1-6,Judge 6,J6,AHLERING Julie
18th FINA World Championships 2019 (Diving),gwangju_2019_wch,Women's 10m Platform Semifinal,Semifinal,16 JUL 2019,single,1-6,Judge 7,J7,SCHLEPPS Holger
18th FINA World Championships 2019 (Diving),gwangju_2019_wch,Women's 10m Platform Semifinal,Semifinal,16 JUL 2019,single,1-6,Judge 1,J1,AXTELIUS Peter
18th FINA World Championships 2019 (Diving),gwangju_2019_wch,Women's 10m Platform Semifinal,Semifinal,16 JUL 2019,single,1-6,Judge 2,J2,MATSUMOTO Yukio
18th FINA World Championships 2019 (Diving),gwangju_2019_wch,Women's 10m Platform Semifinal,Semifinal,16 JUL 2019,single,1-6,Judge 3,J3,van der VOORT Ronald
18th FINA World Championships 2019 (Diving),gwangju_2019_wch,Women's 10m Platform Semifinal,Semifinal,16 JUL 2019,single,1-6,Judge 4,J4,BROOKER Gillian
18th FINA World Championships 2019 (Diving),gwangju_2019_wch,Women's 10m Platform Semifinal,Semifinal,16 JUL 2019,single,1-6,Judge 5,J5,RAO Lang
18th FINA World Championships 2019 (Diving),gwangju_2019_wch,Women's 10m Platform Semifinal,Semifinal,16 JUL 2019,single,1-6,Judge 6,J6,MOLINA PALOMINO Alberto
18th FINA World Championships 2019 (Diving),gwangju_2019_wch,Women's 10m Platform Semifinal,Semifinal,16 JUL 2019,single,1-6,Judge 7,J7,ZAMPIERI Marco
18th FINA World Championships 2019 (Diving),gwangju_2019_wch,Men's 3m Springboard Preliminary,Preliminary,17 JUL 2019,single,1-6,Judge 1,J1,YEOH Ken Nee
18th FINA World Championships 2019 (Diving),gwangju_2019_wch,Men's 3m Springboard Preliminary,Preliminary,17 JUL 2019,single,1-6,Judge 2,J2,BROOKER Gillian
18th FINA World Championships 2019 (Diving),gwangju_2019_wch,Men's 3m Springboard Preliminary,Preliminary,17 JUL 2019,single,1-6,Judge 3,J3,PETERSON Gordon
18th FINA World Championships 2019 (Diving),gwangju_2019_wch,Men's 3m Springboard Preliminary,Preliminary,17 JUL 2019,single,1-6,Judge 4,J4,TELLEFSEN Arne
18th FINA World Championships 2019 (Diving),gwangju_2019_wch,Men's 3m Springboard Preliminary,Preliminary,17 JUL 2019,single,1-6,Judge 5,J5,KOLIC Nataša
18th FINA World Championships 2019 (Diving),gwangju_2019_wch,Men's 3m Springboard Preliminary,Preliminary,17 JUL 2019,single,1-6,Judge 6,J6,RIOS HENAO Maria Cristina
18th FINA World Championships 2019 (Diving),gwangju_2019_wch,Men's 3m Springboard Preliminary,Preliminary,17 JUL 2019,single,1-6,Judge 7,J7,GOLOVAN Anatoliy
18th FINA World Championships 2019 (Diving),gwangju_2019_wch,Men's 3m Springboard Preliminary,Preliminary,17 JUL 2019,single,1-6,Judge 1,J1,FEOKTISTOV Eduard
18th FINA World Championships 2019 (Diving),gwangju_2019_wch,Men's 3m Springboard Preliminary,Preliminary,17 JUL 2019,single,1-6,Judge 2,J2,RAO Lang
18th FINA World Championships 2019 (Diving),gwangju_2019_wch,Men's 3m Springboard Preliminary,Preliminary,17 JUL 2019,single,1-6,Judge 3,J3,TOULOUDIS Nikolaos
18th FINA World Championships 2019 (Diving),gwangju_2019_wch,Men's 3m Springboard Preliminary,Preliminary,17 JUL 2019,single,1-6,Judge 4,J4,COSTA REIS Violeta
18th FINA World Championships 2019 (Diving),gwangju_2019_wch,Men's 3m Springboard Preliminary,Preliminary,17 JUL 2019,single,1-6,Judge 5,J5,MIN Suckhong
18th FINA World Championships 2019 (Diving),gwangju_2019_wch,Men's 3m Springboard Preliminary,Preliminary,17 JUL 2019,single,1-6,Judge 6,J6,FRASER Lindsey
18th FINA World Championships 2019 (Diving),gwangju_2019_wch,Men's 3m Springboard Preliminary,Preliminary,17 JUL 2019,single,1-6,Judge 7,J7,RUIZ PEDREGUERA Rolando
18th FINA World Championships 2019 (Diving),gwangju_2019_wch,Men's 3m Springboard Semifinal,Semifinal,17 JUL 2019,single,1-6,Judge 1,J1,SCHLEPPS Holger
18th FINA World Championships 2019 (Diving),gwangju_2019_wch,Men's 3m Springboard Semifinal,Semifinal,17 JUL 2019,single,1-6,Judge 2,J2,AHLERING Julie
18th FINA World Championships 2019 (Diving),gwangju_2019_wch,Men's 3m Springboard Semifinal,Semifinal,17 JUL 2019,single,1-6,Judge 3,J3,HASSAN Mohamed
18th FINA World Championships 2019 (Diving),gwangju_2019_wch,Men's 3m Springboard Semifinal,Semifinal,17 JUL 2019,single,1-6,Judge 4,J4,RODRIGUEZ AMADEO Angelique Marie
18th FINA World Championships 2019 (Diving),gwangju_2019_wch,Men's 3m Springboard Semifinal,Semifinal,17 JUL 2019,single,1-6,Judge 5,J5,SZEKFFY Nora
18th FINA World Championships 2019 (Diving),gwangju_2019_wch,Men's 3m Springboard Semifinal,Semifinal,17 JUL 2019,single,1-6,Judge 6,J6,RAO Lang
18th FINA World Championships 2019 (Diving),gwangju_2019_wch,Men's 3m Springboard Semifinal,Semifinal,17 JUL 2019,single,1-6,Judge 7,J7,AXTELIUS Peter
18th FINA World Championships 2019 (Diving),gwangju_2019_wch,Men's 3m Springboard Semifinal,Semifinal,17 JUL 2019,single,1-6,Judge 1,J1,MATSUMOTO Yukio
18th FINA World Championships 2019 (Diving),gwangju_2019_wch,Men's 3m Springboard Semifinal,Semifinal,17 JUL 2019,single,1-6,Judge 2,J2,PETERSON Gordon
18th FINA World Championships 2019 (Diving),gwangju_2019_wch,Men's 3m Springboard Semifinal,Semifinal,17 JUL 2019,single,1-6,Judge 3,J3,WRIGHT Lisa
18th FINA World Championships 2019 (Diving),gwangju_2019_wch,Men's 3m Springboard Semifinal,Semifinal,17 JUL 2019,single,1-6,Judge 4,J4,VYAS Mayur
18th FINA World Championships 2019 (Diving),gwangju_2019_wch,Men's 3m Springboard Semifinal,Semifinal,17 JUL 2019,single,1-6,Judge 5,J5,AVASILOAE Florin
18th FINA World Championships 2019 (Diving),gwangju_2019_wch,Men's 3m Springboard Semifinal,Semifinal,17 JUL 2019,single,1-6,Judge 6,J6,MOLINA PALOMINO Alberto
18th FINA World Championships 2019 (Diving),gwangju_2019_wch,Men's 3m Springboard Semifinal,Semifinal,17 JUL 2019,single,1-6,Judge 7,J7,van der VOORT Ronald
18th FINA World Championships 2019 (Diving),gwangju_2019_wch,Women's 10m Platform Final,Final,17 JUL 2019,single,1-6,Judge 1,J1,MIN Suckhong
18th FINA World Championships 2019 (Diving),gwangju_2019_wch,Women's 10m Platform Final,Final,17 JUL 2019,single,1-6,Judge 2,J2,RUIZ PEDREGUERA Rolando
18th FINA World Championships 2019 (Diving),gwangju_2019_wch,Women's 10m Platform Final,Final,17 JUL 2019,single,1-6,Judge 3,J3,SCHLEPPS Holger
18th FINA World Championships 2019 (Diving),gwangju_2019_wch,Women's 10m Platform Final,Final,17 JUL 2019,single,1-6,Judge 4,J4,WRIGHT Lisa
18th FINA World Championships 2019 (Diving),gwangju_2019_wch,Women's 10m Platform Final,Final,17 JUL 2019,single,1-6,Judge 5,J5,FEOKTISTOV Eduard
18th FINA World Championships 2019 (Diving),gwangju_2019_wch,Women's 10m Platform Final,Final,17 JUL 2019,single,1-6,Judge 6,J6,MOLINA PALOMINO Alberto
18th FINA World Championships 2019 (Diving),gwangju_2019_wch,Women's 10m Platform Final,Final,17 JUL 2019,single,1-6,Judge 7,J7,HASSAN Mohamed
18th FINA World Championships 2019 (Diving),gwangju_2019_wch,Men's 3m Springboard Final,Final,18 JUL 2019,single,1-6,Judge 1,J1,PETERSON Gordon
18th FINA World Championships 2019 (Diving),gwangju_2019_wch,Men's 3m Springboard Final,Final,18 JUL 2019,single,1-6,Judge 2,J2,LEE William
18th FINA World Championships 2019 (Diving),gwangju_2019_wch,Men's 3m Springboard Final,Final,18 JUL 2019,single,1-6,Judge 3,J3,KOLIC Nataša
18th FINA World Championships 2019 (Diving),gwangju_2019_wch,Men's 3m Springboard Final,Final,18 JUL 2019,single,1-6,Judge 4,J4,YEOH Ken Nee
18th FINA World Championships 2019 (Diving),gwangju_2019_wch,Men's 3m Springboard Final,Final,18 JUL 2019,single,1-6,Judge 5,J5,ZAMPIERI Marco
18th FINA World Championships 2019 (Diving),gwangju_2019_wch,Men's 3m Springboard Final,Final,18 JUL 2019,single,1-6,Judge 6,J6,RUIZ PEDREGUERA Rolando
18th FINA World Championships 2019 (Diving),gwangju_2019_wch,Men's 3m Springboard Final,Final,18 JUL 2019,single,1-6,Judge 7,J7,AXTELIUS Peter
18th FINA World Championships 2019 (Diving),gwangju_2019_wch,Women's 3m Springboard Preliminary,Preliminary,18 JUL 2019,single,1-6,Judge 1,J1,YEOH Ken Nee
18th FINA World Championships 2019 (Diving),gwangju_2019_wch,Women's 3m Springboard Preliminary,Preliminary,18 JUL 2019,single,1-6,Judge 2,J2,AHLERING Julie
18th FINA World Championships 2019 (Diving),gwangju_2019_wch,Women's 3m Springboard Preliminary,Preliminary,18 JUL 2019,single,1-6,Judge 3,J3,ZAMPIERI Marco
18th FINA World Championships 2019 (Diving),gwangju_2019_wch,Women's 3m Springboard Preliminary,Preliminary,18 JUL 2019,single,1-6,Judge 4,J4,BROOKER Gillian
18th FINA World Championships 2019 (Diving),gwangju_2019_wch,Women's 3m Springboard Preliminary,Preliminary,18 JUL 2019,single,1-6,Judge 5,J5,GOLOVAN Anatoliy
18th FINA World Championships 2019 (Diving),gwangju_2019_wch,Women's 3m Springboard Preliminary,Preliminary,18 JUL 2019,single,1-6,Judge 6,J6,PETERSON Gordon
18th FINA World Championships 2019 (Diving),gwangju_2019_wch,Women's 3m Springboard Preliminary,Preliminary,18 JUL 2019,single,1-6,Judge 7,J7,FRASER Lindsey
18th FINA World Championships 2019 (Diving),gwangju_2019_wch,Women's 3m Springboard Preliminary,Preliminary,18 JUL 2019,single,1-6,Judge 1,J1,MIN Suckhong
18th FINA World Championships 2019 (Diving),gwangju_2019_wch,Women's 3m Springboard Preliminary,Preliminary,18 JUL 2019,single,1-6,Judge 2,J2,RIOS HENAO Maria Cristina
18th FINA World Championships 2019 (Diving),gwangju_2019_wch,Women's 3m Springboard Preliminary,Preliminary,18 JUL 2019,single,1-6,Judge 3,J3,TOULOUDIS Nikolaos
18th FINA World Championships 2019 (Diving),gwangju_2019_wch,Women's 3m Springboard Preliminary,Preliminary,18 JUL 2019,single,1-6,Judge 4,J4,LEE William
18th FINA World Championships 2019 (Diving),gwangju_2019_wch,Women's 3m Springboard Preliminary,Preliminary,18 JUL 2019,single,1-6,Judge 5,J5,HASSAN Mohamed
18th FINA World Championships 2019 (Diving),gwangju_2019_wch,Women's 3m Springboard Preliminary,Preliminary,18 JUL 2019,single,1-6,Judge 6,J6,RODRIGUEZ AMADEO Angelique Marie
18th FINA World Championships 2019 (Diving),gwangju_2019_wch,Women's 3m Springboard Preliminary,Preliminary,18 JUL 2019,single,1-6,Judge 7,J7,FEOKTISTOV Eduard
18th FINA World Championships 2019 (Diving),gwangju_2019_wch,Women's 3m Springboard Semifinal,Semifinal,18 JUL 2019,single,1-6,Judge 1,J1,COSTA REIS Violeta
18th FINA World Championships 2019 (Diving),gwangju_2019_wch,Women's 3m Springboard Semifinal,Semifinal,18 JUL 2019,single,1-6,Judge 2,J2,RAO Lang
18th FINA World Championships 2019 (Diving),gwangju_2019_wch,Women's 3m Springboard Semifinal,Semifinal,18 JUL 2019,single,1-6,Judge 3,J3,KOLIC Nataša
18th FINA World Championships 2019 (Diving),gwangju_2019_wch,Women's 3m Springboard Semifinal,Semifinal,18 JUL 2019,single,1-6,Judge 4,J4,MOLINA PALOMINO Alberto
18th FINA World Championships 2019 (Diving),gwangju_2019_wch,Women's 3m Springboard Semifinal,Semifinal,18 JUL 2019,single,1-6,Judge 5,J5,AVASILOAE Florin
18th FINA World Championships 2019 (Diving),gwangju_2019_wch,Women's 3m Springboard Semifinal,Semifinal,18 JUL 2019,single,1-6,Judge 6,J6,PETERSON Gordon
18th FINA World Championships 2019 (Diving),gwangju_2019_wch,Women's 3m Springboard Semifinal,Semifinal,18 JUL 2019,single,1-6,Judge 7,J7,AXTELIUS Peter
18th FINA World Championships 2019 (Diving),gwangju_2019_wch,Women's 3m Springboard Semifinal,Semifinal,18 JUL 2019,single,1-6,Judge 1,J1,van der VOORT Ronald
18th FINA World Championships 2019 (Diving),gwangju_2019_wch,Women's 3m Springboard Semifinal,Semifinal,18 JUL 2019,single,1-6,Judge 2,J2,RUIZ PEDREGUERA Rolando
18th FINA World Championships 2019 (Diving),gwangju_2019_wch,Women's 3m Springboard Semifinal,Semifinal,18 JUL 2019,single,1-6,Judge 3,J3,FEOKTISTOV Eduard
18th FINA World Championships 2019 (Diving),gwangju_2019_wch,Women's 3m Springboard Semifinal,Semifinal,18 JUL 2019,single,1-6,Judge 4,J4,VYAS Mayur
18th FINA World Championships 2019 (Diving),gwangju_2019_wch,Women's 3m Springboard Semifinal,Semifinal,18 JUL 2019,single,1-6,Judge 5,J5,WRIGHT Lisa
18th FINA World Championships 2019 (Diving),gwangju_2019_wch,Women's 3m Springboard Semifinal,Semifinal,18 JUL 2019,single,1-6,Judge 6,J6,MATSUMOTO Yukio
18th FINA World Championships 2019 (Diving),gwangju_2019_wch,Women's 3m Springboard Semifinal,Semifinal,18 JUL 2019,single,1-6,Judge 7,J7,TELLEFSEN Arne
18th FINA World Championships 2019 (Diving),gwangju_2019_wch,Men's 10m Platform Preliminary,Preliminary,19 JUL 2019,single,1-6,Judge 1,J1,SCHLEPPS Holger
18th FINA World Championships 2019 (Diving),gwangju_2019_wch,Men's 10m Platform Preliminary,Preliminary,19 JUL 2019,single,1-6,Judge 2,J2,YEOH Ken Nee
18th FINA World Championships 2019 (Diving),gwangju_2019_wch,Men's 10m Platform Preliminary,Preliminary,19 JUL 2019,single,1-6,Judge 3,J3,TELLEFSEN Arne
18th FINA World Championships 2019 (Diving),gwangju_2019_wch,Men's 10m Platform Preliminary,Preliminary,19 JUL 2019,single,1-6,Judge 4,J4,HASSAN Mohamed
18th FINA World Championships 2019 (Diving),gwangju_2019_wch,Men's 10m Platform Preliminary,Preliminary,19 JUL 2019,single,1-6,Judge 5,J5,BROOKER Gillian
18th FINA World Championships 2019 (Diving),gwangju_2019_wch,Men's 10m Platform Preliminary,Preliminary,19 JUL 2019,single,1-6,Judge 6,J6,PETERSON Gordon
18th FINA World Championships 2019 (Diving),gwangju_2019_wch,Men's 10m Platform Preliminary,Preliminary,19 JUL 2019,single,1-6,Judge 7,J7,MIN Suckhong
18th FINA World Championships 2019 (Diving),gwangju_2019_wch,Men's 10m Platform Preliminary,Preliminary,19 JUL 2019,single,1-6,Judge 1,J1,ZAMPIERI Marco
18th FINA World Championships 2019 (Diving),gwangju_2019_wch,Men's 10m Platform Preliminary,Preliminary,19 JUL 2019,single,1-6,Judge 2,J2,AHLERING Julie
18th FINA World Championships 2019 (Diving),gwangju_2019_wch,Men's 10m Platform Preliminary,Preliminary,19 JUL 2019,single,1-6,Judge 3,J3,GOLOVAN Anatoliy
18th FINA World Championships 2019 (Diving),gwangju_2019_wch,Men's 10m Platform Preliminary,Preliminary,19 JUL 2019,single,1-6,Judge 4,J4,RIOS HENAO Maria Cristina
18th FINA World Championships 2019 (Diving),gwangju_2019_wch,Men's 10m Platform Preliminary,Preliminary,19 JUL 2019,single,1-6,Judge 5,J5,FRASER Lindsey
18th FINA World Championships 2019 (Diving),gwangju_2019_wch,Men's 10m Platform Preliminary,Preliminary,19 JUL 2019,single,1-6,Judge 6,J6,RAO Lang
18th FINA World Championships 2019 (Diving),gwangju_2019_wch,Men's 10m Platform Preliminary,Preliminary,19 JUL 2019,single,1-6,Judge 7,J7,RODRIGUEZ AMADEO Angelique Marie
18th FINA World Championships 2019 (Diving),gwangju_2019_wch,Men's 10m Platform Semifinal,Semifinal,19 JUL 2019,single,1-6,Judge 1,J1,SZEKFFY Nora
18th FINA World Championships 2019 (Diving),gwangju_2019_wch,Men's 10m Platform Semifinal,Semifinal,19 JUL 2019,single,1-6,Judge 2,J2,MATSUMOTO Yukio
18th FINA World Championships 2019 (Diving),gwangju_2019_wch,Men's 10m Platform Semifinal,Semifinal,19 JUL 2019,single,1-6,Judge 3,J3,AHLERING Julie
18th FINA World Championships 2019 (Diving),gwangju_2019_wch,Men's 10m Platform Semifinal,Semifinal,19 JUL 2019,single,1-6,Judge 4,J4,WRIGHT Lisa
18th FINA World Championships 2019 (Diving),gwangju_2019_wch,Men's 10m Platform Semifinal,Semifinal,19 JUL 2019,single,1-6,Judge 5,J5,AXTELIUS Peter
18th FINA World Championships 2019 (Diving),gwangju_2019_wch,Men's 10m Platform Semifinal,Semifinal,19 JUL 2019,single,1-6,Judge 6,J6,RAO Lang
18th FINA World Championships 2019 (Diving),gwangju_2019_wch,Men's 10m Platform Semifinal,Semifinal,19 JUL 2019,single,1-6,Judge 7,J7,VYAS Mayur
18th FINA World Championships 2019 (Diving),gwangju_2019_wch,Men's 10m Platform Semifinal,Semifinal,19 JUL 2019,single,1-6,Judge 1,J1,FRASER Lindsey
18th FINA World Championships 2019 (Diving),gwangju_2019_wch,Men's 10m Platform Semifinal,Semifinal,19 JUL 2019,single,1-6,Judge 2,J2,COSTA REIS Violeta
18th FINA World Championships 2019 (Diving),gwangju_2019_wch,Men's 10m Platform Semifinal,Semifinal,19 JUL 2019,single,1-6,Judge 3,J3,AVASILOAE Florin
18th FINA World Championships 2019 (Diving),gwangju_2019_wch,Men's 10m Platform Semifinal,Semifinal,19 JUL 2019,single,1-6,Judge 4,J4,PETERSON Gordon
18th FINA World Championships 2019 (Diving),gwangju_2019_wch,Men's 10m Platform Semifinal,Semifinal,19 JUL 2019,single,1-6,Judge 5,J5,van der VOORT Ronald
18th FINA World Championships 2019 (Diving),gwangju_2019_wch,Men's 10m Platform Semifinal,Semifinal,19 JUL 2019,single,1-6,Judge 6,J6,MOLINA PALOMINO Alberto
18th FINA World Championships 2019 (Diving),gwangju_2019_wch,Men's 10m Platform Semifinal,Semifinal,19 JUL 2019,single,1-6,Judge 7,J7,FEOKTISTOV Eduard
18th FINA World Championships 2019 (Diving),gwangju_2019_wch,Women's 3m Springboard Final,Final,19 JUL 2019,single,1-6,Judge 1,J1,RIOS HENAO Maria Cristina
18th FINA World Championships 2019 (Diving),gwangju_2019_wch,Women's 3m Springboard Final,Final,19 JUL 2019,single,1-6,Judge 2,J2,MIN Suckhong
18th FINA World Championships 2019 (Diving),gwangju_2019_wch,Women's 3m Springboard Final,Final,19 JUL 2019,single,1-6,Judge 3,J3,TOULOUDIS Nikolaos
18th FINA World Championships 2019 (Diving),gwangju_2019_wch,Women's 3m Springboard Final,Final,19 JUL 2019,single,1-6,Judge 4,J4,HASSAN Mohamed
18th FINA World Championships 2019 (Diving),gwangju_2019_wch,Women's 3m Springboard Final,Final,19 JUL 2019,single,1-6,Judge 5,J5,AHLERING Julie
18th FINA World Championships 2019 (Diving),gwangju_2019_wch,Women's 3m Springboard Final,Final,19 JUL 2019,single,1-6,Judge 6,J6,SZEKFFY Nora
18th FINA World Championships 2019 (Diving),gwangju_2019_wch,Women's 3m Springboard Final,Final,19 JUL 2019,single,1-6,Judge 7,J7,VYAS Mayur
18th FINA World Championships 2019 (Diving),gwangju_2019_wch,Men's 10m Platform Final,Final,20 JUL 2019,single,1-6,Judge 1,J1,YEOH Ken Nee
18th FINA World Championships 2019 (Diving),gwangju_2019_wch,Men's 10m Platform Final,Final,20 JUL 2019,single,1-6,Judge 2,J2,KOLIC Nataša
18th FINA World Championships 2019 (Diving),gwangju_2019_wch,Men's 10m Platform Final,Final,20 JUL 2019,single,1-6,Judge 3,J3,COSTA REIS Violeta
18th FINA World Championships 2019 (Diving),gwangju_2019_wch,Men's 10m Platform Final,Final,20 JUL 2019,single,1-6,Judge 4,J4,AVASILOAE Florin
18th FINA World Championships 2019 (Diving),gwangju_2019_wch,Men's 10m Platform Final,Final,20 JUL 2019,single,1-6,Judge 5,J5,MATSUMOTO Yukio
18th FINA World Championships 2019 (Diving),gwangju_2019_wch,Men's 10m Platform Final,Final,20 JUL 2019,single,1-6,Judge 6,J6,van der VOORT Ronald
18th FINA World Championships 2019 (Diving),gwangju_2019_wch,Men's 10m Platform Final,Final,20 JUL 2019,single,1-6,Judge 7,J7,RIOS HENAO Maria Cristina
European Aquatics Diving Championships 2025,antalya_2025,Men's 1m Springboard Preliminary,Preliminary,26 MAY 2025,A,1-3,Judge 1,J1,ILIES Daniela-Mihaela
European Aquatics Diving Championships 2025,antalya_2025,Men's 1m Springboard Preliminary,Preliminary,26 MAY 2025,A,1-3,Judge 2,J2,DAMGAARD Lina
European Aquatics Diving Championships 2025,antalya_2025,Men's 1m Springboard Preliminary,Preliminary,26 MAY 2025,A,1-3,Judge 3,J3,JAFCSAK Zsolt
European Aquatics Diving Championships 2025,antalya_2025,Men's 1m Springboard Preliminary,Preliminary,26 MAY 2025,A,1-3,Judge 4,J4,PIKTURNIENE Ale
European Aquatics Diving Championships 2025,antalya_2025,Men's 1m Springboard Preliminary,Preliminary,26 MAY 2025,A,1-3,Judge 5,J5,BAMBER Susan
European Aquatics Diving Championships 2025,antalya_2025,Men's 1m Springboard Preliminary,Preliminary,26 MAY 2025,A,1-3,Judge 6,J6,BARTOVA Heidemarie
European Aquatics Diving Championships 2025,antalya_2025,Men's 1m Springboard Preliminary,Preliminary,26 MAY 2025,A,1-3,Judge 7,J7,KOLIC KADIJEVIC Natasa
European Aquatics Diving Championships 2025,antalya_2025,Men's 1m Springboard Preliminary,Preliminary,26 MAY 2025,B,4-6,Judge 1,J1,ANNAS Michel
European Aquatics Diving Championships 2025,antalya_2025,Men's 1m Springboard Preliminary,Preliminary,26 MAY 2025,B,4-6,Judge 2,J2,GOLOVAN Anatoliy
European Aquatics Diving Championships 2025,antalya_2025,Men's 1m Springboard Preliminary,Preliminary,26 MAY 2025,B,4-6,Judge 3,J3,SEN Serkan
European Aquatics Diving Championships 2025,antalya_2025,Men's 1m Springboard Preliminary,Preliminary,26 MAY 2025,B,4-6,Judge 4,J4,BARTH Michael Roger
European Aquatics Diving Championships 2025,antalya_2025,Men's 1m Springboard Preliminary,Preliminary,26 MAY 2025,B,4-6,Judge 5,J5,PACHERNEGG Paul
European Aquatics Diving Championships 2025,antalya_2025,Men's 1m Springboard Preliminary,Preliminary,26 MAY 2025,B,4-6,Judge 6,J6,BARTAIA Irakli
European Aquatics Diving Championships 2025,antalya_2025,Men's 1m Springboard Preliminary,Preliminary,26 MAY 2025,B,4-6,Judge 7,J7,CALDERARA Gianclaudio
European Aquatics Diving Championships 2025,antalya_2025,Men's 1m Springboard Final,Final,26 MAY 2025,single,1-6,Judge 1,J1,BARTOVA Heidemarie
European Aquatics Diving Championships 2025,antalya_2025,Men's 1m Springboard Final,Final,26 MAY 2025,single,1-6,Judge 2,J2,BARTAIA Irakli
European Aquatics Diving Championships 2025,antalya_2025,Men's 1m Springboard Final,Final,26 MAY 2025,single,1-6,Judge 3,J3,BARTH Michael Roger
European Aquatics Diving Championships 2025,antalya_2025,Men's 1m Springboard Final,Final,26 MAY 2025,single,1-6,Judge 4,J4,SEN Serkan
European Aquatics Diving Championships 2025,antalya_2025,Men's 1m Springboard Final,Final,26 MAY 2025,single,1-6,Judge 5,J5,PACHERNEGG Paul
European Aquatics Diving Championships 2025,antalya_2025,Men's 1m Springboard Final,Final,26 MAY 2025,single,1-6,Judge 6,J6,PIKTURNIENE Ale
European Aquatics Diving Championships 2025,antalya_2025,Men's 1m Springboard Final,Final,26 MAY 2025,single,1-6,Judge 7,J7,JAFCSAK Zsolt
European Aquatics Diving Championships 2025,antalya_2025,Men's 3m Springboard Preliminary,Preliminary,28 MAY 2025,A,1-3,Judge 1,J1,JAFCSAK Zsolt
European Aquatics Diving Championships 2025,antalya_2025,Men's 3m Springboard Preliminary,Preliminary,28 MAY 2025,A,1-3,Judge 2,J2,CALDERARA Gianclaudio
European Aquatics Diving Championships 2025,antalya_2025,Men's 3m Springboard Preliminary,Preliminary,28 MAY 2025,A,1-3,Judge 3,J3,PIKTURNIENE Ale
European Aquatics Diving Championships 2025,antalya_2025,Men's 3m Springboard Preliminary,Preliminary,28 MAY 2025,A,1-3,Judge 4,J4,BARTAIA Irakli
European Aquatics Diving Championships 2025,antalya_2025,Men's 3m Springboard Preliminary,Preliminary,28 MAY 2025,A,1-3,Judge 5,J5,PACHERNEGG Paul
European Aquatics Diving Championships 2025,antalya_2025,Men's 3m Springboard Preliminary,Preliminary,28 MAY 2025,A,1-3,Judge 6,J6,KORKUT Burak
European Aquatics Diving Championships 2025,antalya_2025,Men's 3m Springboard Preliminary,Preliminary,28 MAY 2025,A,1-3,Judge 7,J7,ANNAS Michel
European Aquatics Diving Championships 2025,antalya_2025,Men's 3m Springboard Preliminary,Preliminary,28 MAY 2025,B,4-6,Judge 1,J1,BARTOVA Heidemarie
European Aquatics Diving Championships 2025,antalya_2025,Men's 3m Springboard Preliminary,Preliminary,28 MAY 2025,B,4-6,Judge 2,J2,BAMBER Susan
European Aquatics Diving Championships 2025,antalya_2025,Men's 3m Springboard Preliminary,Preliminary,28 MAY 2025,B,4-6,Judge 3,J3,WIERNIUK Anna
European Aquatics Diving Championships 2025,antalya_2025,Men's 3m Springboard Preliminary,Preliminary,28 MAY 2025,B,4-6,Judge 4,J4,ILIES Daniela-Mihaela
European Aquatics Diving Championships 2025,antalya_2025,Men's 3m Springboard Preliminary,Preliminary,28 MAY 2025,B,4-6,Judge 5,J5,BARTH Michael Roger
European Aquatics Diving Championships 2025,antalya_2025,Men's 3m Springboard Preliminary,Preliminary,28 MAY 2025,B,4-6,Judge 6,J6,PEREZ CANASVERAS Angel Luis
European Aquatics Diving Championships 2025,antalya_2025,Men's 3m Springboard Preliminary,Preliminary,28 MAY 2025,B,4-6,Judge 7,J7,GOLOVAN Anatoliy
European Aquatics Diving Championships 2025,antalya_2025,Men's 3m Springboard Final,Final,28 MAY 2025,single,1-6,Judge 1,J1,BARTOVA Heidemarie
European Aquatics Diving Championships 2025,antalya_2025,Men's 3m Springboard Final,Final,28 MAY 2025,single,1-6,Judge 2,J2,SEN Serkan
European Aquatics Diving Championships 2025,antalya_2025,Men's 3m Springboard Final,Final,28 MAY 2025,single,1-6,Judge 3,J3,BARTH Michael Roger
European Aquatics Diving Championships 2025,antalya_2025,Men's 3m Springboard Final,Final,28 MAY 2025,single,1-6,Judge 4,J4,JAFCSAK Zsolt
European Aquatics Diving Championships 2025,antalya_2025,Men's 3m Springboard Final,Final,28 MAY 2025,single,1-6,Judge 5,J5,PIKTURNIENE Ale
European Aquatics Diving Championships 2025,antalya_2025,Men's 3m Springboard Final,Final,28 MAY 2025,single,1-6,Judge 6,J6,PEREZ CANASVERAS Angel Luis
European Aquatics Diving Championships 2025,antalya_2025,Men's 3m Springboard Final,Final,28 MAY 2025,single,1-6,Judge 7,J7,BARTAIA Irakli
European Aquatics Diving Championships 2025,antalya_2025,Men's 10m Platform Preliminary,Preliminary,25 MAY 2025,A,1-3,Judge 1,J1,ANNAS Michel
European Aquatics Diving Championships 2025,antalya_2025,Men's 10m Platform Preliminary,Preliminary,25 MAY 2025,A,1-3,Judge 2,J2,WIERNIUK Anna
European Aquatics Diving Championships 2025,antalya_2025,Men's 10m Platform Preliminary,Preliminary,25 MAY 2025,A,1-3,Judge 3,J3,BARTH Michael Roger
European Aquatics Diving Championships 2025,antalya_2025,Men's 10m Platform Preliminary,Preliminary,25 MAY 2025,A,1-3,Judge 4,J4,DAMGAARD Lina
European Aquatics Diving Championships 2025,antalya_2025,Men's 10m Platform Preliminary,Preliminary,25 MAY 2025,A,1-3,Judge 5,J5,KOLIC KADIJEVIC Natasa
European Aquatics Diving Championships 2025,antalya_2025,Men's 10m Platform Preliminary,Preliminary,25 MAY 2025,A,1-3,Judge 6,J6,PACHERNEGG Paul
European Aquatics Diving Championships 2025,antalya_2025,Men's 10m Platform Preliminary,Preliminary,25 MAY 2025,A,1-3,Judge 7,J7,BARTAIA Irakli
European Aquatics Diving Championships 2025,antalya_2025,Men's 10m Platform Preliminary,Preliminary,25 MAY 2025,B,4-6,Judge 1,J1,CALDERARA Gianclaudio
European Aquatics Diving Championships 2025,antalya_2025,Men's 10m Platform Preliminary,Preliminary,25 MAY 2025,B,4-6,Judge 2,J2,JAFCSAK Zsolt
European Aquatics Diving Championships 2025,antalya_2025,Men's 10m Platform Preliminary,Preliminary,25 MAY 2025,B,4-6,Judge 3,J3,SEN Serkan
European Aquatics Diving Championships 2025,antalya_2025,Men's 10m Platform Preliminary,Preliminary,25 MAY 2025,B,4-6,Judge 4,J4,PEREZ CANASVERAS Angel Luis
European Aquatics Diving Championships 2025,antalya_2025,Men's 10m Platform Preliminary,Preliminary,25 MAY 2025,B,4-6,Judge 5,J5,ILIES Daniela-Mihaela
European Aquatics Diving Championships 2025,antalya_2025,Men's 10m Platform Preliminary,Preliminary,25 MAY 2025,B,4-6,Judge 6,J6,BAMBER Susan
European Aquatics Diving Championships 2025,antalya_2025,Men's 10m Platform Preliminary,Preliminary,25 MAY 2025,B,4-6,Judge 7,J7,GOLOVAN Anatoliy
European Aquatics Diving Championships 2025,antalya_2025,Men's 10m Platform Final,Final,25 MAY 2025,single,1-6,Judge 1,J1,BARTOVA Heidemarie
European Aquatics Diving Championships 2025,antalya_2025,Men's 10m Platform Final,Final,25 MAY 2025,single,1-6,Judge 2,J2,KOLIC KADIJEVIC Natasa
European Aquatics Diving Championships 2025,antalya_2025,Men's 10m Platform Final,Final,25 MAY 2025,single,1-6,Judge 3,J3,ILIES Daniela-Mihaela
European Aquatics Diving Championships 2025,antalya_2025,Men's 10m Platform Final,Final,25 MAY 2025,single,1-6,Judge 4,J4,DAMGAARD Lina
European Aquatics Diving Championships 2025,antalya_2025,Men's 10m Platform Final,Final,25 MAY 2025,single,1-6,Judge 5,J5,PIKTURNIENE Ale
European Aquatics Diving Championships 2025,antalya_2025,Men's 10m Platform Final,Final,25 MAY 2025,single,1-6,Judge 6,J6,KORKUT Burak
European Aquatics Diving Championships 2025,antalya_2025,Men's 10m Platform Final,Final,25 MAY 2025,single,1-6,Judge 7,J7,BARTAIA Irakli
European Aquatics Diving Championships 2025,antalya_2025,Women's 1m Springboard Preliminary,Preliminary,23 MAY 2025,A,1-3,Judge 1,J1,PACHERNEGG Paul
European Aquatics Diving Championships 2025,antalya_2025,Women's 1m Springboard Preliminary,Preliminary,23 MAY 2025,A,1-3,Judge 2,J2,KORKUT Burak
European Aquatics Diving Championships 2025,antalya_2025,Women's 1m Springboard Preliminary,Preliminary,23 MAY 2025,A,1-3,Judge 3,J3,DAMGAARD Lina
European Aquatics Diving Championships 2025,antalya_2025,Women's 1m Springboard Preliminary,Preliminary,23 MAY 2025,A,1-3,Judge 4,J4,GOLOVAN Anatoliy
European Aquatics Diving Championships 2025,antalya_2025,Women's 1m Springboard Preliminary,Preliminary,23 MAY 2025,A,1-3,Judge 5,J5,BARTH Michael Roger
European Aquatics Diving Championships 2025,antalya_2025,Women's 1m Springboard Preliminary,Preliminary,23 MAY 2025,A,1-3,Judge 6,J6,BARTOVA Heidemarie
European Aquatics Diving Championships 2025,antalya_2025,Women's 1m Springboard Preliminary,Preliminary,23 MAY 2025,A,1-3,Judge 7,J7,PEREZ CANASVERAS Angel Luis
European Aquatics Diving Championships 2025,antalya_2025,Women's 1m Springboard Preliminary,Preliminary,23 MAY 2025,B,4-5,Judge 1,J1,KOLIC KADIJEVIC Natasa
European Aquatics Diving Championships 2025,antalya_2025,Women's 1m Springboard Preliminary,Preliminary,23 MAY 2025,B,4-5,Judge 2,J2,SEN Serkan
European Aquatics Diving Championships 2025,antalya_2025,Women's 1m Springboard Preliminary,Preliminary,23 MAY 2025,B,4-5,Judge 3,J3,CALDERARA Gianclaudio
European Aquatics Diving Championships 2025,antalya_2025,Women's 1m Springboard Preliminary,Preliminary,23 MAY 2025,B,4-5,Judge 4,J4,BARTAIA Irakli
European Aquatics Diving Championships 2025,antalya_2025,Women's 1m Springboard Preliminary,Preliminary,23 MAY 2025,B,4-5,Judge 5,J5,ANNAS Michel
European Aquatics Diving Championships 2025,antalya_2025,Women's 1m Springboard Preliminary,Preliminary,23 MAY 2025,B,4-5,Judge 6,J6,ILIES Daniela-Mihaela
European Aquatics Diving Championships 2025,antalya_2025,Women's 1m Springboard Preliminary,Preliminary,23 MAY 2025,B,4-5,Judge 7,J7,JAFCSAK Zsolt
European Aquatics Diving Championships 2025,antalya_2025,Women's 1m Springboard Final,Final,23 MAY 2025,single,1-6,Judge 1,J1,WIERNIUK Anna
European Aquatics Diving Championships 2025,antalya_2025,Women's 1m Springboard Final,Final,23 MAY 2025,single,1-6,Judge 2,J2,KOLIC KADIJEVIC Natasa
European Aquatics Diving Championships 2025,antalya_2025,Women's 1m Springboard Final,Final,23 MAY 2025,single,1-6,Judge 3,J3,PACHERNEGG Paul
European Aquatics Diving Championships 2025,antalya_2025,Women's 1m Springboard Final,Final,23 MAY 2025,single,1-6,Judge 4,J4,BARTAIA Irakli
European Aquatics Diving Championships 2025,antalya_2025,Women's 1m Springboard Final,Final,23 MAY 2025,single,1-6,Judge 5,J5,BAMBER Susan
European Aquatics Diving Championships 2025,antalya_2025,Women's 1m Springboard Final,Final,23 MAY 2025,single,1-6,Judge 6,J6,PEREZ CANASVERAS Angel Luis
European Aquatics Diving Championships 2025,antalya_2025,Women's 1m Springboard Final,Final,23 MAY 2025,single,1-6,Judge 7,J7,PIKTURNIENE Ale
European Aquatics Diving Championships 2025,antalya_2025,Women's 3m Springboard Preliminary,Preliminary,27 MAY 2025,A,1-3,Judge 1,J1,PEREZ CANASVERAS Angel Luis
European Aquatics Diving Championships 2025,antalya_2025,Women's 3m Springboard Preliminary,Preliminary,27 MAY 2025,A,1-3,Judge 2,J2,PIKTURNIENE Ale
European Aquatics Diving Championships 2025,antalya_2025,Women's 3m Springboard Preliminary,Preliminary,27 MAY 2025,A,1-3,Judge 3,J3,DAMGAARD Lina
European Aquatics Diving Championships 2025,antalya_2025,Women's 3m Springboard Preliminary,Preliminary,27 MAY 2025,A,1-3,Judge 4,J4,BARTAIA Irakli
European Aquatics Diving Championships 2025,antalya_2025,Women's 3m Springboard Preliminary,Preliminary,27 MAY 2025,A,1-3,Judge 5,J5,BAMBER Susan
European Aquatics Diving Championships 2025,antalya_2025,Women's 3m Springboard Preliminary,Preliminary,27 MAY 2025,A,1-3,Judge 6,J6,BARTOVA Heidemarie
European Aquatics Diving Championships 2025,antalya_2025,Women's 3m Springboard Preliminary,Preliminary,27 MAY 2025,A,1-3,Judge 7,J7,BARTH Michael Roger
European Aquatics Diving Championships 2025,antalya_2025,Women's 3m Springboard Preliminary,Preliminary,27 MAY 2025,B,4-5,Judge 1,J1,CALDERARA Gianclaudio
European Aquatics Diving Championships 2025,antalya_2025,Women's 3m Springboard Preliminary,Preliminary,27 MAY 2025,B,4-5,Judge 2,J2,WIERNIUK Anna
European Aquatics Diving Championships 2025,antalya_2025,Women's 3m Springboard Preliminary,Preliminary,27 MAY 2025,B,4-5,Judge 3,J3,JAFCSAK Zsolt
European Aquatics Diving Championships 2025,antalya_2025,Women's 3m Springboard Preliminary,Preliminary,27 MAY 2025,B,4-5,Judge 4,J4,GOLOVAN Anatoliy
European Aquatics Diving Championships 2025,antalya_2025,Women's 3m Springboard Preliminary,Preliminary,27 MAY 2025,B,4-5,Judge 5,J5,SEN Serkan
European Aquatics Diving Championships 2025,antalya_2025,Women's 3m Springboard Preliminary,Preliminary,27 MAY 2025,B,4-5,Judge 6,J6,ILIES Daniela-Mihaela
European Aquatics Diving Championships 2025,antalya_2025,Women's 3m Springboard Preliminary,Preliminary,27 MAY 2025,B,4-5,Judge 7,J7,ANNAS Michel
European Aquatics Diving Championships 2025,antalya_2025,Women's 3m Springboard Final,Final,27 MAY 2025,single,1-6,Judge 1,J1,ILIES Daniela-Mihaela
European Aquatics Diving Championships 2025,antalya_2025,Women's 3m Springboard Final,Final,27 MAY 2025,single,1-6,Judge 2,J2,PIKTURNIENE Ale
European Aquatics Diving Championships 2025,antalya_2025,Women's 3m Springboard Final,Final,27 MAY 2025,single,1-6,Judge 3,J3,PACHERNEGG Paul
European Aquatics Diving Championships 2025,antalya_2025,Women's 3m Springboard Final,Final,27 MAY 2025,single,1-6,Judge 4,J4,DAMGAARD Lina
European Aquatics Diving Championships 2025,antalya_2025,Women's 3m Springboard Final,Final,27 MAY 2025,single,1-6,Judge 5,J5,BARTOVA Heidemarie
European Aquatics Diving Championships 2025,antalya_2025,Women's 3m Springboard Final,Final,27 MAY 2025,single,1-6,Judge 6,J6,PEREZ CANASVERAS Angel Luis
European Aquatics Diving Championships 2025,antalya_2025,Women's 3m Springboard Final,Final,27 MAY 2025,single,1-6,Judge 7,J7,BARTAIA Irakli
European Aquatics Diving Championships 2025,antalya_2025,Women's 10m Platform Preliminary,Preliminary,24 MAY 2025,A,1-3,Judge 1,J1,PACHERNEGG Paul
European Aquatics Diving Championships 2025,antalya_2025,Women's 10m Platform Preliminary,Preliminary,24 MAY 2025,A,1-3,Judge 2,J2,GOLOVAN Anatoliy
European Aquatics Diving Championships 2025,antalya_2025,Women's 10m Platform Preliminary,Preliminary,24 MAY 2025,A,1-3,Judge 3,J3,ANNAS Michel
European Aquatics Diving Championships 2025,antalya_2025,Women's 10m Platform Preliminary,Preliminary,24 MAY 2025,A,1-3,Judge 4,J4,WIERNIUK Anna
European Aquatics Diving Championships 2025,antalya_2025,Women's 10m Platform Preliminary,Preliminary,24 MAY 2025,A,1-3,Judge 5,J5,PIKTURNIENE Ale
European Aquatics Diving Championships 2025,antalya_2025,Women's 10m Platform Preliminary,Preliminary,24 MAY 2025,A,1-3,Judge 6,J6,DAMGAARD Lina
European Aquatics Diving Championships 2025,antalya_2025,Women's 10m Platform Preliminary,Preliminary,24 MAY 2025,A,1-3,Judge 7,J7,PEREZ CANASVERAS Angel Luis
European Aquatics Diving Championships 2025,antalya_2025,Women's 10m Platform Preliminary,Preliminary,24 MAY 2025,B,4-5,Judge 1,J1,BARTOVA Heidemarie
European Aquatics Diving Championships 2025,antalya_2025,Women's 10m Platform Preliminary,Preliminary,24 MAY 2025,B,4-5,Judge 2,J2,CALDERARA Gianclaudio
European Aquatics Diving Championships 2025,antalya_2025,Women's 10m Platform Preliminary,Preliminary,24 MAY 2025,B,4-5,Judge 3,J3,KOLIC KADIJEVIC Natasa
European Aquatics Diving Championships 2025,antalya_2025,Women's 10m Platform Preliminary,Preliminary,24 MAY 2025,B,4-5,Judge 4,J4,BARTAIA Irakli
European Aquatics Diving Championships 2025,antalya_2025,Women's 10m Platform Preliminary,Preliminary,24 MAY 2025,B,4-5,Judge 5,J5,BAMBER Susan
European Aquatics Diving Championships 2025,antalya_2025,Women's 10m Platform Preliminary,Preliminary,24 MAY 2025,B,4-5,Judge 6,J6,BARTH Michael Roger
European Aquatics Diving Championships 2025,antalya_2025,Women's 10m Platform Preliminary,Preliminary,24 MAY 2025,B,4-5,Judge 7,J7,KORKUT Burak
European Aquatics Diving Championships 2025,antalya_2025,Women's 10m Platform Final,Final,24 MAY 2025,single,1-6,Judge 1,J1,JAFCSAK Zsolt
European Aquatics Diving Championships 2025,antalya_2025,Women's 10m Platform Final,Final,24 MAY 2025,single,1-6,Judge 2,J2,KOLIC KADIJEVIC Natasa
European Aquatics Diving Championships 2025,antalya_2025,Women's 10m Platform Final,Final,24 MAY 2025,single,1-6,Judge 3,J3,PIKTURNIENE Ale
European Aquatics Diving Championships 2025,antalya_2025,Women's 10m Platform Final,Final,24 MAY 2025,single,1-6,Judge 4,J4,PACHERNEGG Paul
European Aquatics Diving Championships 2025,antalya_2025,Women's 10m Platform Final,Final,24 MAY 2025,single,1-6,Judge 5,J5,BARTOVA Heidemarie
European Aquatics Diving Championships 2025,antalya_2025,Women's 10m Platform Final,Final,24 MAY 2025,single,1-6,Judge 6,J6,KORKUT Burak
European Aquatics Diving Championships 2025,antalya_2025,Women's 10m Platform Final,Final,24 MAY 2025,single,1-6,Judge 7,J7,BARTH Michael Roger
